"ARTICLE";"STOCK_PHYSIQUE";"STOCK_ALLOUE";"STOCK_BLOQUE";
"DP2254";0;0;0;
"7472ZLT";0;0;0;
"DP2278";0;0;0;
"DP2280";0;0;0;
"E3720";1191;94;0;
"E3721";3634;302;0;
"34331AL";0;0;0;
"34333AL";0;0;0;
"34378AL";0;0;0;
"56082AL";0;0;0;
"56110AL";0;0;0;
"56171AL";0;0;0;
"56172AL";0;0;0;
"56583AL";0;0;0;
"5689ZLT";0;0;0;
"57052AL";0;0;0;
"57606AL";0;0;0;
"5848ZLT";0;0;0;
"A1331C02";0;0;0;
"A1331E01";0;0;0;
"E1458";51;20;0;
"E1497";236;0;0;
"E1555";34307;5504;0;
"11551AL";0;0;0;
"11554AL";0;0;0;
"11568AL";0;0;0;
"25065AL";0;0;0;
"25066AL";0;0;0;
"25067AL";0;0;0;
"25068AL";0;0;0;
"25074AL";0;0;0;
"25075AL";0;0;0;
"D7203";2800;0;0;
"11574AL";0;0;0;
"6933ZLT";0;0;0;
"6991ZLT";0;0;0;
"6992ZLT";0;0;0;
"25076AL";0;0;0;
"25077AL";0;0;0;
"25078AL";0;0;0;
"25098AL";0;0;0;
"25103AL";0;0;0;
"DP2281";0;0;0;
"DP2285";0;0;0;
"34379AL";0;0;0;
"40402AL";0;0;0;
"43401AL";0;0;0;
"D7204";1663;528;0;
"D7205";63305;3528;0;
"D7206";1246;48;0;
"D7207";454;0;0;
"D7262";1184;0;0;
"D7281";5044;0;0;
"7011VTZ";0;0;0;
"7115ZLT";0;0;0;
"7116ZLT";0;0;0;
"D7497";2206;0;0;
"D7498";5050;92;0;
"D7499";3707;0;0;
"D7500";1355;0;0;
"7246PRA";0;0;0;
"7247PRA";0;0;0;
"D7501";2477;0;0;
"7520ZLT";0;0;0;
"7535ZLT";0;0;0;
"7541ZLT";0;0;0;
"E1578";0;0;0;
"E1657";1372;672;0;
"E1658";879;1;0;
"E1681";72440;0;0;
"5935ZLT";0;0;0;
"5944ZLT";0;0;0;
"5946ZLT";0;0;0;
"6020ZLT";0;0;0;
"6053ZLT";0;0;0;
"6171ZLT";0;0;0;
"6201ZLT";0;0;0;
"D6894";1102;94;0;
"E1847";3141;12;0;
"E2348";2417;1260;0;
"E2513";206;7;0;
"E3722";560;94;0;
"E3723";2024;188;0;
"A1697";3751;1;0;
"A1703E05";320;0;0;
"A1709E02";2362;1260;0;
"A1563YRAL9005";109;0;0;
"11880AL";0;0;0;
"D7297";1350;0;0;
"25104AL";0;0;0;
"25105AL";0;0;0;
"25106AL";0;0;0;
"25107AL";0;0;0;
"25108AL";0;0;0;
"25109AL";0;0;0;
"25110AL";0;0;0;
"25111AL";0;0;0;
"A1709E03";660;0;0;
"A2592E";568;0;0;
"A2593";624;0;0;
"A2594";1247;0;0;
"A2595";2163;0;0;
"12220AL";23;0;0;
"D7298";1100;0;0;
"D7338";1200;0;0;
"130384GM";0;0;0;
"D7443";11832;465;0;
"D7496";5015;92;0;
"130388GM";0;0;0;
"130389GM";79;0;0;
"7305ZLT";0;0;0;
"7307ZLT";0;0;0;
"7308ZLT";0;0;0;
"D7517";6014;8;0;
"25112AL";0;0;0;
"25113AL";0;0;0;
"25137AL";0;0;0;
"25138AL";0;0;0;
"25139AL";0;0;0;
"85343AL";0;0;0;
"85410AL";0;0;0;
"86280AL";0;0;0;
"E1233";1106;0;0;
"D7197";0;0;0;
"D7199";34859;3528;0;
"E2760";1121;0;0;
"E2778";2466;40;0;
"E2787";23304;0;0;
"E2817";637;1;0;
"E2878";1141;258;0;
"E2891";8011;514;0;
"E2906";134;13;0;
"7313ZLT";0;0;0;
"7314ZLT";0;0;0;
"7317ZLT";0;0;0;
"D7518";1130;0;0;
"7319ZLT";0;0;0;
"7320ZLT";0;0;0;
"7321ZLT";0;0;0;
"D7582";1611;1;0;
"DIV-PRODAE9";36305;0;114;
"91132AL";0;0;0;
"91189AL";0;0;0;
"91199AL";0;0;0;
"52236AL";0;0;0;
"E2557";1140;0;0;
"E2623";700;95;0;
"E2736";3826;576;0;
"A1230Q";230;0;0;
"A1230R";0;0;0;
"E3724";667;94;0;
"E3740";1260;1;74;
"E3741";704;1;0;
"E4307";680,333;35,928;108;
"E2759";1438;0;0;
"A1596H";903;0;0;
"D7282";2970;0;0;
"D7296";7452;163;0;
"E4716";4202;440;0;
"E4718";3606;12;0;
"A1564H";20;0;0;
"A1564M";0;0;0;
"E4719";3645;1948;0;
"130390GM";0;0;0;
"14007AL";0;0;0;
"16308AL";0;0;0;
"25141AL";0;0;0;
"25344AL";0;0;0;
"25458AL";0;0;0;
"26101AL";0;0;0;
"26103AL";0;0;0;
"31213AL";0;0;0;
"D7200";10351;0;0;
"A1566H";60;0;0;
"A1566I";0;0;0;
"D7201";8913;144;0;
"D7202";2200;0;0;
"6219ZLT";0;0;0;
"6220ZLT";0;0;0;
"6315ZLT";0;0;0;
"6439ZLT";0;0;0;
"6493ZLT";0;0;0;
"6494ZLT";0;0;0;
"6495ZLT";0;0;0;
"6517ZLT";0;0;0;
"18005AL";0;0;0;
"19132AL";0;0;0;
"19134AL";0;0;0;
"19136AL";0;0;0;
"DP2186";0;0;0;
"DP2187";0;0;0;
"DP2188";0;0;0;
"7339ZLT";0;0;0;
"7422ZLT";1;0;0;
"33102AL";0;0;0;
"93501AL";252;0;0;
"94612AL";0;0;0;
"94635AL";0;0;0;
"94640AL";0;0;0;
"5597ZLT";0;0;0;
"56024AL";0;0;0;
"56027AL";0;0;0;
"56070AL";0;0;0;
"56071AL";0;0;0;
"56072AL";0;0;0;
"A1260G";0;0;0;
"A1260H";0;0;0;
"E3180";162;11;0;
"E3189";19;4;0;
"E3251";126;0;0;
"A1304L02";0;0;0;
"E3429";283;0;0;
"A1307H03";0;0;0;
"E3430";160;0;0;
"7423ZLT";0;0;0;
"DP2189";0;0;0;
"DP2190";0;0;0;
"DP2191";0;0;0;
"7428ZLT";0;0;0;
"7429ZLT";0;0;0;
"7430ZLT";0;0;0;
"E3526";1227;0;0;
"E3667";95;25;0;
"98303AL";0;0;0;
"56073AL";0;0;0;
"56078AL";0;0;0;
"A1230YRAL1019";0;0;0;
"E3752";185;37;0;
"E3896";392,5;0;0;
"E4074";41,5433;0,3481;0;
"A1563H";130;0;0;
"E4305";1557;1;0;
"E367";972;55;0;
"E3719";1034;94;0;
"110067GM";0;0;0;
"11218AL";0;0;0;
"11448AL";0;0;0;
"11492AL";0;0;0;
"11504AL";0;0;0;
"11506AL";0;0;0;
"11507AL";0;0;0;
"11517AL";0;0;0;
"11519AL";0;0;0;
"11539AL";0;0;0;
"11546AL";0;0;0;
"19429AL";0;0;0;
"22050AL";0;0;0;
"22066AL";0;0;0;
"22073AL";0;0;0;
"22083AL";0;0;0;
"34301AL";0;0;0;
"34302AL";0;0;0;
"34303AL";0;0;0;
"34311AL";0;0;0;
"34312AL";0;0;0;
"34315AL";0;0;0;
"34321AL";0;0;0;
"56079AL";0;0;0;
"6628ZLT";0;0;0;
"6629ZLT";0;0;0;
"6630ZLT";0;0;0;
"6709ZLT";0;0;0;
"6710ZLT";0;0;0;
"6711ZLT";0;0;0;
"6757ZLT";0;0;0;
"6879ZLT";0;0;0;
"6880ZLT";0;0;0;
"6912ZLT";0;0;0;
"25002AL";0;0;0;
"25050AL";0;0;0;
"25051AL";0;0;0;
"25052AL";0;0;0;
"25056AL";0;0;0;
"25057AL";0;0;0;
"DP2192";0;0;0;
"DP2193";0;0;0;
"DP2230";0;0;0;
"7436ZLT";0;0;0;
"DP2244";0;0;0;
"A1692E02";1638;0;0;
"A2196Y01RAL7044";0;0;0;
"A1306";24557;0;0;
"A1698";4694;0;0;
"A1692W01";3012;0;0;
"A1692Y01RAL7015";0;0;0;
"A1692Y01RAL7021";0;0;0;
"A1692Y01RAL9011";0;0;0;
"A1230N";1158;0;0;
"A1597N02";427;0;0;
"A1597Q02";0;0;0;
"A1230S";520;0;0;
"A1564W";930;0;0;
"A1564Z";49;0;0;
"A1565B01";2012;0;0;
"A2172E20";0;0;0;
"A2047";1707;0;0;
"A3866";0;0;0;
"A3867";0;0;0;
"A3868";0;0;0;
"A2123";1480;450;0;
"A2143";5819;752;0;
"A2686L01";0;0;0;
"A4121Z";40;0;0;
"A2588E03";39;0;0;
"A2589E01";508;0;0;
"A4122I";0;0;0;
"A2590E02";147;0;0;
"A4122N";0;0;0;
"A2591";4543;0;0;
"A1222H";1557;1373;0;
"A4286";973;0;0;
"A1224";7075;1373;0;
"A1565E01";1026;0;0;
"A1565N01";418;0;0;
"A1565W01";1404;0;0;
"A1565Z01";107;0;0;
"A1566B";101;0;0;
"A1718C02";8917;1260;0;
"A1719C02";2334;1260;0;
"A3624";5825;0;0;
"A1947E";3685;1260;0;
"A3871N";968;0;0;
"360020GM";0;0;0;
"360021GM";0;0;0;
"360025GM";0;0;0;
"7330ZLT";0;0;0;
"A4418F01";3817;0;0;
"7425ZLT";0;0;0;
"7426ZLT";0;0;0;
"7427ZLT";0;0;0;
"7431ZLT";0;0;0;
"7432ZLT";0;0;0;
"A1228C02";1134;0;0;
"A1228D03";472;80;0;
"A1228E01";1559;0;0;
"A1996H03";0;0;0;
"A1563B";2721;0;0;
"A1950E01";11578;2578;0;
"A1952";629358;53876;0;
"A1953";10245;8;0;
"A1996C02";63;0;0;
"A3055";17552;1;0;
"A3061";1483;132;0;
"A3066";196;66;0;
"A3192";403;66;0;
"A3369";87;0;0;
"360038GM";0;0;0;
"360043GM";0;0;0;
"360051GM";0;0;0;
"A1250";1275;59;0;
"A1692N02";0;0;0;
"A1254";1056;0;0;
"A1692Y01RAL1036";0;0;0;
"7433ZLT";0;0;0;
"A1699";4987;0;0;
"A1703E04";0;0;0;
"A1307H03";5175;0;0;
"A1313";1254;0;0;
"A1563E";7508;0;0;
"A1563N";1350;0;0;
"A1563W";1486;0;0;
"A1563Z";504;0;0;
"A4184";1403;0;0;
"A3370";1208;0;0;
"A3371";351;3;0;
"A3372";110;3;0;
"A1567L01";4428;900;0;
"A1568";10083;1361;0;
"A1569H01";16487;4560;0;
"A2590E01";1370;0;0;
"A1596B";6658;0;0;
"A1596E";53904;1361;0;
"A2690E03";0;0;0;
"A1597E01";36626;1361;0;
"A2690E06";0;0;0;
"A1597E02";730;0;0;
"A1597N01";1510;0;0;
"A1597W01";4182;0;0;
"A2697";0;0;0;
"A1692Z01";1003;0;0;
"A1695E01";1824;201;0;
"A1696E01";3305;400;0;
"A1696E04";151;0;0;
"A2180";100;0;0;
"A1566E";21395;450;0;
"A1566N";1500;0;0;
"A2194C02";0;0;0;
"A1596N";531;0;0;
"A1596W";3294;0;0;
"A3957";1085;100;0;
"A2149E20";750;0;0;
"A2149E50";0;0;0;
"A2171E20";0;0;0;
"A2174";866;0;0;
"A4110E02";2125;0;0;
"A4110H03";2000;0;0;
"AVE1267RU";0;0;0;
"AVE1341AE";0;0;0;
"AVE1341RU";0;0;0;
"A2194C05";0;0;0;
"A1566W";2100;0;0;
"A2194C07";212;0;0;
"A2194C08";166;0;0;
"A1996C05";4621;80;0;
"A1996H04";1207;80;0;
"A3764Y01RAL1019";0;0;0;
"52237AL";0;0;0;
"A4255Q01";17;0;0;
"5794ZLT";0;0;0;
"A4255S01";257;0;0;
"5945ZLT";0;0;0;
"A4255W01";201;0;0;
"7148ZLT";0;0;0;
"A4448E04";0;0;0;
"7434ZLT";0;0;0;
"7435ZLT";0;0;0;
"7437ZLT";0;0;0;
"7438ZLT";0;0;0;
"7439ZLT";0;0;0;
"7440ZLT";0;0;0;
"7473ZLT";0;0;0;
"7505ZLT";0;0;0;
"7506ZLT";0;0;0;
"7507ZLT";0;0;0;
"AVE1342EX";0;0;0;
"AVE1343EX";0;0;0;
"AVE1442EX";0;0;0;
"AVE1674AE";0;0;0;
"AVE1683AB";0;0;0;
"AVE1697EX";0;0;0;
"11016309AL";361;0;0;
"11016310AL";0;0;0;
"11016312AL";0;0;0;
"11023290AL";0;0;0;
"7179ZLT";0;0;0;
"7180ZLT";0;0;0;
"A1259E02";2561;256;0;
"A1259E03";957;59;0;
"A1712E03";0;0;0;
"A1712E05";13;0;0;
"A4122YRAL5012";0;0;0;
"A4122YRAL8019";0;0;0;
"A4122YRAL9001";0;0;0;
"A4139";0;0;0;
"A1596Z";805;0;0;
"A1597B01";3215;0;0;
"A1597B02";551;0;0;
"A2655";0;0;0;
"A2679";0;0;0;
"A1597Z01";160;0;0;
"A1617";1002;0;0;
"A1692B01";5243;0;0;
"A1692E01";6507;6003;0;
"A1692N01";2264;0;469;
"A1566Z";1900;0;0;
"A2194E02";0;0;0;
"A2194E03";0;0;0;
"A1567G05";3364;0;0;
"A2195E02";1827;0;0;
"A4110J04";0;0;0;
"A2175";254;0;0;
"A4111E03";2264;0;0;
"A2176";216;0;0;
"A2177";206;0;0;
"A4111K05";5932;0;0;
"A2178";0;0;0;
"A2183";24;0;0;
"A2194C01";4114;0;0;
"A2194C06";441;23;0;
"A2195Y01RAL7044";0;0;0;
"A3764Y01RAL7037";0;0;0;
"A4441";0;0;0;
"7236ZLT";0;0;0;
"7265ZLT";9;0;0;
"7312ZLT";0;0;0;
"7318ZLT";0;0;0;
"7326ZLT";0;0;0;
"A4448E01";0;0;0;
"A4448E02";0;0;0;
"A4448E03";0;0;0;
"7508ZLT";0;0;0;
"7509ZLT";0;0;0;
"7510ZLT";0;0;0;
"7513ZLT";0;0;0;
"7514ZLT";0;0;0;
"7515ZLT";0;0;0;
"7519ZLT";0;0;0;
"A2596";391;0;0;
"A2688";3452;576;0;
"A2690E04";1308;576;0;
"A2691E02";1386;576;0;
"A2695H01";754;200;0;
"A3764Z01";3347;0;0;
"A1996H07";3010;0;0;
"A2018B";3337;0;0;
"11023297AL";0;0;0;
"11026034AL";0;0;0;
"A4249E01";0;0;0;
"11100002AL";0;0;0;
"11988AL";6725;368;0;
"12250AL";0;0;0;
"7327ZLT";0;0;0;
"A1692Y01RAL9004";0;0;0;
"A1720";2119;0;0;
"A1721";8779;0;0;
"A2696";2568;200;0;
"A2708";1234;200;0;
"A2743";345;60;0;
"A2745";657;60;0;
"A2848L";1296;0;0;
"A4255H01";31;0;0;
"A1692Y01RAL9006";0;0;0;
"A2194C09";184;132;0;
"A4121H";72;0;0;
"A4121I";0;0;0;
"A1230B";722;0;0;
"A1230C";4840;0;0;
"A1230W";8503;0;0;
"A2195E01";1280;440;0;
"A4121W";72;0;0;
"A4121YRAL1015";0;0;0;
"A2196E01";5177;440;0;
"A2588E01";947;0;0;
"7559ZLT";0;0;0;
"7560ZLT";0;0;0;
"7561ZLT";0;0;0;
"A2045";0;0;0;
"A1564B";3274;0;0;
"A1564E";10198;4560;0;
"A1564N";161;0;0;
"A1710";1909;1289;0;
"A1711";4130;1289;0;
"A1712E01";2767;1289;0;
"A2018E";806;40;0;
"A3772YRAL7016";0;0;0;
"A2018N";1200;0;0;
"7328ZLT";0;0;0;
"A4416C09";786;0;0;
"7329ZLT";0;0;0;
"7596ZLT";0;0;0;
"A1220";2967;1640;0;
"A1221";345;343;0;
"A4426J06";0;0;0;
"A1950C01";0;0;0;
"A1714";2095;0;0;
"A1716";2968;1240;0;
"A1717";4220;1240;0;
"A3604";0;0;0;
"A3605";0;0;0;
"A3606";0;0;0;
"A3607";0;0;0;
"A2849";1731;0;0;
"A2850";609;0;0;
"A4173E03";0;0;0;
"A4173E04";3072;0;0;
"A3807";0;0;0;
"A2018Z";267;0;0;
"130011GM";1366;0;0;
"A4426L03";0;0;0;
"130385GM";0;0;0;
"A4426R08";0;0;0;
"130387GM";0;0;0;
"130403GM";227;0;0;
"23869AL";1558;2;0;
"A1259E05";3867;896;0;
"A1260L";5268;1640;0;
"A1285";484;0;0;
"A1290E01";1628;0;0;
"A1950E02";0;0;0;
"A1996H02";0;0;0;
"A4173E06";0;0;0;
"A4173E07";0;0;0;
"A4173E08";0;0;0;
"A4173E10";0;0;0;
"A1230E";24006;1616;0;
"A1230H";964;96;0;
"A1230M";1662;0;0;
"A1597H02";0;0;0;
"360017GM";0;0;0;
"360019GM";0;0;0;
"A1230Z";1853;0;0;
"A1248L02";399;59;0;
"A1692B02";0;0;0;
"A1249";2322;59;0;
"AEA317AB";0;0;0;
"AEA317RU";0;0;0;
"OUT564";99997963;1;0;
"TF7311";999980143;0;0;
"TF7548";0;0;0;
"AEA1425XX";0;0;0;
"OUT609";99999740;2;0;
"OUT610";99999740;2;0;
"AEA1451EX";0;0;0;
"AEA1452EX";0;0;0;
"AEA1453EX";0;0;0;
"OUT614";997734;2;0;
"AEA1479AL";0;0;0;
"TH6047";2595571;15673;137412;
"TJ3125";1844;3;0;
"OUT645";9999995;0;0;
"AEA2157EX";0;0;0;
"OUT646";9999991;0;0;
"OUT647";99999999;0;0;
"OUT648";99999999;0;0;
"OUT649";99999999;0;0;
"AEA302XX";0;0;0;
"AEA303RU";0;0;0;
"TU6672";13;0;0;
"TV6658";2;0;0;
"AEA1243RU";0;0;0;
"U2212";883;94;0;
"U2244";675;94;0;
"AEA1308AE";0;0;0;
"AEA1335AB";0;0;0;
"U2676";402;141;0;
"U2877";824;94;0;
"OUT565";99999988;0;0;
"OUT566";99999748;2;0;
"AEA360AL";0;0;0;
"OUT567";99999748;2;0;
"SE3522";62;5;0;
"AEA156RU";0;0;0;
"OUT615";997734;2;0;
"SE5189";0;0;0;
"SE5265";0;0;0;
"SE5907";10;0;0;
"SE5990";8;0;0;
"SE6087";0;0;0;
"SE6529";0;0;0;
"SE6622";0;0;0;
"OUT650";99999999;0;0;
"AEA304RU";0;0;0;
"AEA304XX";0;0;0;
"OUT651";99999999;0;0;
"SMR2151RU";0;0;0;
"A5647P07";307;0;0;
"SMR2152RU";0;0;0;
"SMR2153RU";0;0;0;
"SV2671";36;36;0;
"T2A744AE";0;0;0;
"A5650E03";0;0;0;
"A5650E04";0;0;0;
"T2A872AE";0;0;0;
"SE2260";0;0;0;
"SE2261";0;0;0;
"SE2448";0;0;0;
"A4581Y01RAL1001";0;0;0;
"SE2566";0;0;0;
"SE3660";144;1;0;
"SE3662";320;2;0;
"SE3663";45;0;0;
"SE3951";18;18;0;
"SE4277";1269;1040;0;
"SE4357";66;0;0;
"A4679E01";722;0;0;
"SE4358";45;0;0;
"TF3486";99985831;0;0;
"TF3507";99953626;0;0;
"TF3508";99954622;0;0;
"TF3535";99965867;94;0;
"TF3549";99999023;0;0;
"TF3751";99999362;0;0;
"A6809G05";9408;0;0;
"TF6289";99999278;2;0;
"TF6299";99994401;0;0;
"TF6304";99993799;0;0;
"TF6367";99999791;0;0;
"TF6382";99534856;2160;0;
"TF6397";99999837;0;0;
"A5724Y01RAL9004";0;0;0;
"A5724Y01RAL9005";0;0;0;
"A5724Y02RAL9016";0;0;0;
"TA7160";0;0;0;
"A5724Z02";328;0;0;
"A5724Z03";0;0;0;
"A5724Z04";0;0;0;
"TB2248";286;240;0;
"A6307E01";0;0;0;
"A6307E02";0;0;0;
"A6308E01";0;0;0;
"A6308E02";0;0;0;
"ADX1102GM";0;0;0;
"ADX1102RU";0;0;0;
"TF3757";9999222;0;0;
"A6809J06";323;0;0;
"TF7574";999999;0;0;
"TF7575";999999;0;0;
"TH1278";972633;0;0;
"ADX1715EX";0;0;0;
"ADX1716EX";0;0;0;
"ADX1979SE";0;0;0;
"A7143E03";82;0;0;
"A7143E04";73;0;0;
"TF6408";9999927;0;0;
"TF6409";99999831;0;0;
"AEA1336EX";0;0;0;
"OUT530";99999973;0;0;
"ADX2108EX";0;0;0;
"AEA1994XX";1008;0;0;
"AEA1995XX";0;0;0;
"AEA1996XX";0;0;0;
"AEA1997XX";0;0;0;
"AEA2015XX";0;0;0;
"AEA2042VL";0;0;0;
"OUT616";997734;2;0;
"OUT619";99998933;6;0;
"OUT620";99999683;2;0;
"AEA2117XX";40;40;0;
"CD4693";0;0;0;
"OUT531";99999973;0;0;
"OUT532";99999915;0;0;
"AEA1338EX";0;0;0;
"OUT533";99999965;0;0;
"AEA1339AB";0;0;0;
"OUT534";99999858;0;0;
"AEA1339RU";0;0;0;
"OUT535";999999945;0;0;
"AEA1425RU";0;0;0;
"A4679E03";0;0;0;
"SE4360";185;0;0;
"SE4580";0;0;0;
"SE4614";17;0;0;
"SE4649";504;0;0;
"SE4650";470;59;0;
"AEA2118XX";0;0;0;
"OUT621";99999854;0;0;
"AEA877XX";0;0;0;
"AEA942EX";0;0;0;
"A4581Y01RAL7037";0;0;0;
"TB5410";535;0;0;
"A4682G04";2116;0;0;
"SE4652";661;384;0;
"A4682J05";0;0;0;
"A4682P06";0;0;0;
"TE4788";68;2;0;
"TE4789";99;21;0;
"TE4790";3;0;0;
"A6565Z";288;0;0;
"A5340";0;0;0;
"TF3922";9998129;0;0;
"TF4241";9999214;0;0;
"A6809P07";5938;0;0;
"A680E01";0;0;0;
"TF4242";9995308;0;0;
"TF4244";9997749;0;0;
"TF4519";99998909;5;0;
"TF4540";99999557;0;0;
"TF4589";99484519;1940;0;
"AEA303XX";0;0;0;
"AEA317XX";0;0;0;
"AEA332XX";132;0;0;
"D6240";0;0;0;
"AEA334XX";0;0;0;
"AEA362AL";0;0;0;
"A5725S01";524;0;0;
"TDA863AL";0;0;0;
"A5728C02";2748;280;0;
"A5728H03";2665;0;0;
"A5728L01";5420;0;0;
"TDA868AL";0;0;0;
"TF7128";99999980;0;0;
"ADX1123RU";0;0;0;
"TF4590";99803257;320;0;
"AEA013EX";0;0;0;
"AEA013RU";0;0;0;
"AEA049EX";0;0;0;
"AEA049RU";0;0;0;
"AEA064AB";0;0;0;
"TM5912";0;0;0;
"AEA1151RU";0;0;0;
"TP6773";0;0;0;
"AEA1158CO";0;0;0;
"AEA1193EX";0;0;0;
"OUT538";99999992;0;0;
"AEA489JS";0;0;0;
"AEA489RU";0;0;0;
"ADX1163GM";0;0;0;
"TF7140";999999672;0;0;
"TF7077";99999773;0;0;
"OUT568";99999748;2;0;
"OUT569";99988537;23;0;
"AEA1963EX";0;0;0;
"OUT570";99999657;0;0;
"OUT573";99999843;0;0;
"AEA1966EX";0;0;0;
"AEA1967EX";0;0;0;
"AEA1968EX";0;0;0;
"AEA370EX";0;0;0;
"AEA373RU";0;0;0;
"OUT622";997734;2;0;
"OUT623";99999683;2;0;
"OUT624";99999683;2;0;
"AEA453RU";0;0;0;
"OUT625";99999965;0;0;
"AEA1194EX";0;0;0;
"PG6169-01";99994;0;0;
"A4474";1094;0;0;
"A4475";936;0;0;
"PG6470-01";99951;0;0;
"PG6536-01";99928;0;0;
"R2649";856;141;0;
"R3817";1658;0;0;
"R5554";55;0;0;
"R6031";5460;45;2298;
"OUT539";99999995;0;0;
"OUT544";99999989;0;0;
"A4581Z01";1260;36;0;
"A4581Z02";759;0;0;
"OUT588";99999550;2;0;
"OUT590";99987654;30;0;
"OUT603";99999900;1;0;
"OUT604";99999936;0;0;
"OUT608";99999740;2;0;
"SE4678";0;0;0;
"SE4713";202;128;0;
"SE4731";7633;490;0;
"A4685";4312;21;0;
"A4686";2700;21;0;
"SE4775";58;44;0;
"SE4800";93;0;0;
"OUT626";99999993;0;0;
"OUT627";99999993;0;0;
"SE6726";10;0;0;
"SE6750";10;0;0;
"SE6965";0;0;0;
"SE6968E01";157;2;0;
"SE6968E02";592;0;592;
"RE2369";1125;0;0;
"TA6568";0;0;0;
"TA6571";0;0;0;
"TA6592";0;0;0;
"TA6618";0;0;0;
"TA6772";0;0;0;
"A5723Z02";0;0;0;
"TA6785";0;0;0;
"A5724B02";431;0;0;
"A5724B03";0;0;0;
"A5724B04";0;0;0;
"SE2842";611;576;0;
"SE2951";44;44;0;
"SE3203";4;0;0;
"SE3277";0;0;0;
"TDA873EX";0;0;0;
"TDA873GM";0;0;0;
"SE4838";0;0;0;
"A4690B03";0;0;0;
"SE4859";0;0;0;
"SE4860";88;64;0;
"A4691B03";0;0;0;
"A6712R02";0;0;0;
"TE6377";0;0;0;
"SE6968U03";231;48;183;
"A6824-01";81;0;0;
"TF4705";99978666;0;0;
"TF4899";99997801;20;0;
"TF4924";99983985;0;0;
"A6930E02";0;0;0;
"TF4997";99999913;0;0;
"TF5540";0;0;0;
"A6968E02";1351;0;0;
"A6968E04";814;0;0;
"TA7085";317;0;0;
"A5729N02";0;0;0;
"A5729Z01";0;0;0;
"A5729Z02";0;0;0;
"A5818";2097;360;0;
"TDA874EX";48;0;0;
"TE7277";110;0;0;
"ADX1249EX";0;0;0;
"ADX1249GM";0;0;0;
"ADX1249RU";0;0;0;
"ADX1250EX";0;0;0;
"ADX1250GM";0;0;0;
"ADX1250RU";0;0;0;
"TF5562";99999054;0;0;
"TF5601";0;0;0;
"TF5663";99993806;0;0;
"TH1342";1525200;5097;230;
"TH3176";3350664;22598;35275;
"AEA086AL";36;0;0;
"AEA086RU";0;0;0;
"TH3876";132574,4;1824;0;
"AEA098RU";0;0;0;
"TP6774";0;0;0;
"AEA1202XX";0;0;0;
"AEA1216AE";0;0;0;
"AEA1217AE";142;0;0;
"TP7156";250;0;0;
"AEA1217EX";0;0;0;
"TP7157";519;400;0;
"TP7158";161;0;0;
"TP7417";0;0;0;
"TF6771";9999978;0;0;
"TF6978";99999948;0;0;
"ABE2039XX";0;0;0;
"TF7024";99807761;0;0;
"ABE2084XX";0;0;0;
"TF7025";99821704;720;0;
"OUT545";99999989;0;0;
"OUT547";9999990;0;0;
"OUT551";99999964;0;0;
"ADX1251EX";0;0;0;
"ADX1251GM";0;0;0;
"ADX1251RU";0;0;0;
"ADX1252EX";0;0;0;
"AEA579AL";0;0;0;
"AEA579XX";0;0;0;
"TH3876S";0;0;0;
"AEA099RU";0;0;0;
"OUT629";99999776;2;0;
"OUT632";99999737;1;0;
"OUT634";999999991;1;0;
"OUT638";66123;15;0;
"AEA1686EX";0;0;0;
"AEA1700SE";0;0;0;
"TP7529";221;0;0;
"SBC-250-160-B-EX";0;0;0;
"SDC1107GM";0;0;0;
"SDC1108GM";0;0;0;
"SE0701";305;305;0;
"SE0704";502;0;0;
"A4581E05";596;0;0;
"AEA1953AE";0;0;0;
"OUT552";99999899;0;0;
"AEA1954AE";0;0;0;
"OUT555";99999988;0;0;
"OUT556";99999968;1;0;
"AEA1956AE";0;0;0;
"AEA1957AE";120;0;0;
"OUT557";99999971;0;0;
"OUT558";99999971;0;0;
"SE3518";245;0;0;
"SE3519";228;0;0;
"SE4861";2843;488;0;
"A4691E01";1170;0;0;
"SE4971";301;200;0;
"SE5062";32;32;0;
"SE5085";745;0;0;
"A4751";641;0;0;
"AEA1703SE";0;0;0;
"AEA1790XX";0;0;0;
"OUT641";9999862;0;0;
"SE6968U06";178;0;178;
"SE6998";10;0;0;
"SE7043";4316;1080;578;
"A5635YRAL1036";0;0;0;
"SE7251";0;0;0;
"SE7477";714;450;0;
"A5647F04";1296;0;0;
"A4581E06";736;0;0;
"A5724E03";0;0;0;
"A5724E04";0;0;0;
"A5724N01";3505;0;0;
"A5724N02";155;0;0;
"A5724N03";0;0;0;
"A5724N04";0;0;0;
"A5724W01";0;0;0;
"SE3520";132;0;0;
"SE3521";60;0;0;
"SE5096";270;0;0;
"SE5188";0;0;0;
"A4945";0;0;0;
"TF2200";99825585;0;0;
"TF2252";99976568;0;0;
"TF3043";99999831;0;0;
"A6799H02";46;0;0;
"A6799W01";1011;0;0;
"A6799Y01RAL7016";0;0;0;
"A6799Y01RAL7030";0;0;0;
"A6799Y01RAL7032";0;0;0;
"TF3276";99929063;0;0;
"SG3877";0,084;0,084;0;
"A5647J05";325;0;0;
"A5647K06";575;0;0;
"TF5773";99998083;0;0;
"TF5797";0;0;0;
"A6969E02";1456;0;0;
"TF5824";99988876;0;0;
"TF6036";99978676;0;0;
"ABE2133EX";0;0;0;
"ABE2134EX";0;0;0;
"ABE2135EX";0;0;0;
"TF3299";99964930;141;0;
"TF3318";99999832;0;0;
"ADX1252GM";0;0;0;
"ADX1252RU";0;0;0;
"TF7214";99999867;0;0;
"ADX1254GM";0;0;0;
"ADX1254RU";0;0;0;
"TF7276";99999571;0;0;
"TF7310";999976872;0;0;
"ADX1449EX";0;0;0;
"TF6146";99727890;280;0;
"TF6188";198667352;448;0;
"AEA099XX";198;0;0;
"AEA100AB";0;0;0;
"TH3967";1043015;5131;0;
"TH6046";192957;3607;0;
"AEA102GM";0;0;0;
"C5696";451;0;0;
"C5699";88;0;0;
"C5700";205;0;0;
"C6829";92;0;0;
"AEA833AB";0;0;0;
"C7458";146;0;0;
"AEA967RU";0;0;0;
"C7459";192;0;0;
"CAL261GM";0;0;0;
"AVE1213EX";0;0;0;
"CAL261RU";0;0;0;
"AVE1215EX";0;0;0;
"AVE1227EX";0;0;0;
"AVE1227RU";0;0;0;
"C6615";331;0;0;
"C6616";211;0;0;
"C6617";113;0;0;
"B1328";0;0;0;
"CE3585S";0;0;0;
"CE3738";1495;0;0;
"CE3781";0;0;0;
"C7462";132;0;0;
"C7463";87;0;0;
"B3216";456;0;0;
"CE4495";65;0;0;
"CE4528";154;0;0;
"CE4537";0;0;0;
"AVE1229EX";0;0;0;
"CE7035-01";1833;0;0;
"CE7047-03";58;0;0;
"CE7047-04";213;5;0;
"CE7097-01";232;0;0;
"CE7098-01";0;0;0;
"CE7554-01";1070;1;480;
"CS3496";151;1;0;
"CS4348";5721;1460;0;
"CS4348S";0;0;0;
"AEA775AE";0;0;0;
"CAP1668EX";0;0;0;
"CAP1668GM";0;0;0;
"CAP1668SE";0;0;0;
"CAP1669EX";0;0;0;
"AVE2028EX";0;0;0;
"CAP1669SE";0;0;0;
"AVE2030EX";0;0;0;
"AVE2031EX";0;0;0;
"AVE2032EX";0;0;0;
"B1713";0;0;0;
"D4331";8781;0;0;
"D4332";3341;1;0;
"D4333";717;1;0;
"D4334";2616;0;0;
"D4363";0;0;0;
"D4539";2100;0;0;
"B6827";276;0;0;
"CE4550";187;0;0;
"D4758";2865;100;0;
"D4920";555;0;0;
"D4921";1433;44;0;
"D4922";4094;0;0;
"D4923";3171;0;0;
"D5004";3552;223;0;
"CS4350";2368;0;0;
"TF6413";99956568;320;0;
"A7217";865;330;0;
"A7218";137;66;0;
"TF6414";99999487;0;0;
"A7250E02";1043;0;0;
"TF6415";999995161;52;0;
"TF6438";9999999364;0;0;
"TF6489";99999862;0;0;
"TF6509";99795194;7;0;
"TF6559";99998085;0;0;
"A7346";3742;0;0;
"AVE2038EX";0;0;0;
"AVE2081EX";0;0;0;
"B6840";0;0;0;
"D4587";0;0;0;
"BDS1778AL";0;0;0;
"BDS1779AL";0;0;0;
"C5702";221;0;0;
"C5731";50988;3477;0;
"D5006";1262;0;0;
"D5039";5010;0;0;
"D5040";4940;0;0;
"BFX1114RU";0;0;0;
"BFX1774GM";0;0;0;
"C6033";497;240;0;
"TF6581";99999772;0;0;
"TJ7441";0;0;0;
"BDS1839AL";0;0;0;
"C6876";309;0;0;
"C7049";0;0;0;
"AEA834RU";0;0;0;
"C7053";0;0;0;
"BFX1930RU";0;0;0;
"AEA997AE";0;0;0;
"AVE004AE";0;0;0;
"AVE005AE";0;0;0;
"AVE052RU";0;0;0;
"AVE055AB";0;0;0;
"A4461L02";0;0;0;
"OUT653";0;0;0;
"OUT655";99999999;0;0;
"A4472E02";761;0;0;
"OUT658";99999999;0;0;
"PG6112-02";99995;0;0;
"AEA775RU";0;0;0;
"C6682";4410;90;0;
"CE3782";6;5;0;
"B2040";0;0;0;
"CE3783";172;0;0;
"CE3784";205;0;0;
"CE3812";946;0;0;
"AVE055RU";0;0;0;
"CE4594";389;0;0;
"CE4607";484;0;0;
"CE5099";6;0;0;
"CE5102";1319;0;0;
"CE5384";208;0;0;
"CE5665";386;0;0;
"PG6136-02";10099977;0;0;
"TA2064";154;0;0;
"TA2068";68;0;0;
"TA2733";17;0;0;
"TA2734";295;0;0;
"TA3533";0;0;0;
"TA3534";0;0;0;
"TA5802";0;0;0;
"TA6030";443;120;0;
"TA6282";0;0;0;
"A5719H02";375;0;0;
"AEA778AB";0;0;0;
"AVE2102EX";0;0;0;
"AVE210AE";0;0;0;
"CAP2152EX";5;0;0;
"CAP2156AL";0;0;0;
"CAP2156EX";0;0;0;
"AVE2131CH";0;0;0;
"AVE2145XX";0;0;0;
"CE4091";0;0;0;
"B2569";307;0;0;
"D4701";5889;192;0;
"CE5817";958;44;0;
"CE5817S";0;0;0;
"D5380";6743;44;0;
"D5382";5080;44;0;
"D5568";231;0;0;
"D5624";433;45;0;
"D5636";375;0;0;
"D5771";1351;0;0;
"D5772";3054;0;0;
"D5829";2536;95;0;
"TA6567";0;0;0;
"TF6582";99999846;0;0;
"TF6679";0;0;0;
"TF6742";99999899;0;0;
"TF6751";99999999;0;0;
"CE2204";608;141;0;
"CE2242";11;0;0;
"D4702";8277;635;0;
"D4706";2000;0;0;
"B7483";98;0;0;
"D4728";4918;0;0;
"D5925";1574;0;0;
"D6016";500;0;0;
"BFX1932RU";0;0;0;
"BFX1933GM";0;0;0;
"BFX2119EX";48;0;0;
"BFX371EX";0;0;0;
"BFX371RU";0;0;0;
"CS4350S";0;0;0;
"CS4352";5846;0;0;
"CS4352S";0;0;0;
"B4941";0;0;0;
"CS4720";0;0;0;
"CS5373";2495;0;0;
"CS5374";1114;0;0;
"CS5374S";0;0;0;
"CS5375";394;44;0;
"CS5375S";0;0;0;
"D6590";1107;0;0;
"D6597";1124;0;0;
"D6738";2450;94;0;
"AEA851AB";0;0;0;
"AEA851RU";0;0;0;
"C7482";40;0;0;
"AVE056AB";0;0;0;
"C7521";87;0;0;
"C7522";108;0;0;
"C7523";108;0;0;
"C7566";0;0;0;
"CAL1228EX";105;0;0;
"AVE1043RU";0;0;0;
"AEA729RU";0;0;0;
"AEA729XX";0;0;0;
"D6788";0;0;0;
"D6878";180311;102876;0;
"C6820";1425;0;0;
"C6821";244;0;0;
"AEA808AB";0;0;0;
"AEA808RU";0;0;0;
"C6822";327;0;0;
"CE4091S";0;0;0;
"CE4092";240;0;240;
"B2824";0;0;0;
"CE4092S";0;0;0;
"AVE1073RU";0;0;0;
"AVE1074RU";0;0;0;
"CE6154";35;0;0;
"B3848";1988;0;0;
"CE6169";0;0;0;
"B3857";1620;0;0;
"CE6176";7048;1723;0;
"CE6177";1017;0;0;
"AEA731AB";0;0;0;
"AVE1698EX";0;0;0;
"AVE1701SE";0;0;0;
"AVE1702SE";0;0;0;
"AVE1710EX";0;0;0;
"AVE1786EX";0;0;0;
"AEA809AB";0;0;0;
"C6780";492;94;0;
"CE3172";158;0;0;
"CE3173";934;0;0;
"CE3247";0;0;0;
"AVE490RU";0;0;0;
"CE3585";256;54;0;
"AVE491EX";0;0;0;
"CE4197";1697;0;0;
"BDC1097AL";0;0;0;
"BDC1139AL";0;0;0;
"D6060";799;0;0;
"D6065";1750;1;0;
"D6092";1557;0;0;
"D6093";679;0;0;
"D6095";1271;0;0;
"BDC1696AL";0;0;0;
"D6096";1012;44;0;
"D6106";406;45;0;
"D6140";1700;0;0;
"AVE1787EX";0;0;0;
"AVE1799EX";0;0;0;
"AVE1977EX";0;0;0;
"AVE491RU";0;0;0;
"AVE996AE";0;0;0;
"CS5920";0;0;0;
"CS6468";109;94;0;
"CS7534";0;0;0;
"D3969";4713;0;0;
"D3979";1962;3;0;
"D4137";192;0;0;
"D4192";64200;0;0;
"C4422";19428;2;0;
"C4423";22910;1560;0;
"C4453";51113;3200;0;
"C4457";4457;84;0;
"C4458";39852;84;0;
"C4535L01";203795;11394;0;
"C4535L02";450834;42482;28000;
"C4742";3717;44;0;
"AEA852RU";0;0;0;
"C7287";2620;0;0;
"AEA877AB";0;0;0;
"C7373";4372;1995;0;
"AEA877RU";0;0;0;
"C7453";103;0;0;
"AVE1090RU";0;0;0;
"AVE1140AB";0;0;0;
"AVE1140EX";0;0;0;
"AVE1140RU";0;0;0;
"AVE1141RU";0;0;0;
"AVE1142RU";0;0;0;
"CAL195AL";0;0;0;
"CAL261EX";630;300;0;
"AVE1146XX";0;0;0;
"AVE1147EX";0;0;0;
"C6542";51612;3495;0;
"C4959";41782;0;0;
"C4961";5428;600;0;
"C5366";182;0;0;
"AEA809RU";0;0;0;
"AEA810RU";0;0;0;
"AEA810XX";0;0;0;
"C7456";245;0;0;
"C7457";476;0;0;
"CE4218";1320;0;0;
"AVE1147RU";0;0;0;
"AVE1162EX";0;0;0;
"B3966H02";728;0;0;
"CE6178";1455;0;0;
"CE6179";6053;428;0;
"B3F1670";0;0;0;
"B3F410AL";0;0;0;
"AVE1978EX";0;0;0;
"AVE197EX";0;0;0;
"AVE197RU";0;0;0;
"AVE198EX";0;0;0;
"AVE198RU";0;0;0;
"CAP1159EX";0;0;0;
"AVE2016XX";0;0;0;
"AVE2017XX";0;0;0;
"AWN-E-111-EX";0;0;0;
"AWN-E-121-EX";0;0;0;
"AWN-E-131-EX";0;0;0;
"AWN1684EX";0;0;0;
"AWN1685EX";0;0;0;
"AWN1699EX";0;0;0;
"AWN1713EX";0;0;0;
"AWN1833EX";0;0;0;
"AWN1834EX";0;0;0;
"AWN2064EX";0;0;0;
"CE4480";220;0;0;
"CE6536";0;0;0;
"CAP1160EX";0;0;0;
"AVE2021EX";0;0;0;
"AVE2022EX";0;0;0;
"CAP1161EX";0;0;0;
"D4266";720;94;0;
"D4271";34500;0;0;
"D4329";0;0;0;
"BDS1095AL";0;0;0;
"D6275";10779;650;0;
"BDS1133AL";0;0;0;
"B6638";109;0;0;
"C5372";1465;360;0;
"C5618";109;0;0;
"C5657";23714;888;0;
"BDS1540AL";156;0;0;
"C5690";10;0;10;
"C5694";429;0;0;
"C5695";136;0;0;
"BXC1915RU";0;0;0;
"BXC1916EX";0;0;0;
"BXC1916RU";0;0;0;
"EH6138";996;280;0;
"EH6139";4526;448;498;
"BXC1920EX";0;0;0;
"BXC1920RU";0;0;0;
"EH6209";642;0;1;
"BXC1921RU";0;0;0;
"EH6243";6897;1706;2;
"BXC216EX";0;0;0;
"BXC216RU";0;0;0;
"BXC217XO";0;0;0;
"BXC218XO";0;0;0;
"EHL1389AL";0;0;0;
"BXE2005GM";0;0;0;
"BXE2006EX";0;0;0;
"EHL1390AL";0;0;0;
"BXC1901AB";0;0;0;
"BXG270AL";0;0;0;
"EHM1275EX";111;0;0;
"EHM1275GM";1344;0;0;
"BXE2007EX";0;0;0;
"EHM1276EX";614;224;0;
"E7010";3595;771;0;
"E7041";3650;628;0;
"E7147";6869;3576;0;
"E7183";494;10;0;
"E7188";21956;149;0;
"E7211";2690;753;0;
"E7415";990;0;0;
"E7447";0;0;0;
"E7448";0;0;0;
"E7449";2151;0;0;
"C4199";0;0;0;
"E7450";2155;0;0;
"EAF1840GR";0;0;0;
"C4283L02";656;0;0;
"EAF309EX";124;0;0;
"EAF309HU";0;0;0;
"EAF310EX";0;0;0;
"EF2127";62;0;0;
"C7489";45;0;0;
"EF4388";397;40;0;
"EF5997";0;0;0;
"EHT087BA";0;0;0;
"BXE2010EX";0;0;0;
"E7243";1,28;0,005;0;
"EAR286PO";0;0;0;
"EAR289EX";0;0;0;
"EAR292HU";0;0;0;
"EAR294EX";0;0;0;
"EAR297HU";0;0;0;
"EAR307EX";0;0;0;
"CAP2153EX";24;0;0;
"CAP2154EX";5;0;0;
"CAP2155EX";0;0;0;
"CC6897";0;0;0;
"CC6897S";0;0;0;
"BXC1924GM";0;0;0;
"EF6184";0;0;0;
"EF6185";505;0;0;
"CAL1228RU";0;0;0;
"CAL195AB";0;0;0;
"CAL195AE";0;0;0;
"EF6227";465;0;42;
"CAL195DL";0;0;0;
"EH7134";32;0;32;
"BXC273AB";0;0;0;
"BXC273EX";0;0;0;
"C4178";33380;1600;0;
"EH2874";0;0;0;
"EH3208";0;0;0;
"EH4234";1568;1000;4;
"BXC1901RU";0;0;0;
"EH4235";0;0;0;
"EH4275";4768;2777;0;
"BXC1902RU";0;0;0;
"BXC1903AB";0;0;0;
"EH4276";4108;1940;178;
"EH4383";0;0;0;
"EH4384";5;0;0;
"EH6244";4266;168;1821;
"EH6501";312;0;4;
"BXC1928XO";0;0;0;
"EH6623";740;44;38;
"EH6834";0;0;0;
"EH6882";0;0;0;
"BXC1989GM";0;0;0;
"EH7095";442;0;0;
"BXC1991GM";0;0;0;
"BXC211AB";0;0;0;
"BXC273RU";0;0;0;
"EH7137";0;0;0;
"BXC275RU";0;0;0;
"BXC276EX";0;0;0;
"BXC276RU";0;0;0;
"BXC277AB";0;0;0;
"EH4560";5;0;0;
"E4735";350;0;0;
"E4770";297;53;0;
"E4837";221;0;0;
"BXG356AL";33;0;0;
"BXG357AL";0;0;0;
"EAF310HU";0;0;0;
"EE1580RAL9005";0;0;0;
"E7252";687;0;0;
"C3197L02";0;0;0;
"C3198L01";0;0;0;
"C3198L02";0;0;0;
"C3199L01";0;0;0;
"C3199L02";0;0;0;
"E7253";673;92;0;
"C4439";0;0;0;
"C4449";0;0;0;
"EAF311HU";0;0;0;
"EAF313EX";1;0;0;
"EAF314EX";0;0;0;
"EAF319EX";0;0;0;
"EAF323EX";224;0;0;
"EAR1167AE";0;0;0;
"EAR1244EX";0;0;0;
"EAR1245EX";270;72;0;
"EAR1313AE";0;0;0;
"EBH1358AL";0;0;0;
"EAR1315EX";288;0;0;
"EAR1444AE";0;0;0;
"C5386";0;0;0;
"C5402";0;0;0;
"EF6230";0;0;0;
"C4179";24921;1600;0;
"EF6251";7;7;0;
"C4180";25463;650;0;
"C4240";1106;0;0;
"C4283L01";1413;0;0;
"EF6951";0;0;0;
"E7268";1161;0;0;
"EAR308EX";0;0;0;
"EAW1677VE";303;300;0;
"CAP2043EX";0;0;0;
"CAP2044EX";0;0;0;
"CAP2045EX";0;0;0;
"CAP2046EX";0;0;0;
"CAP2047EX";0;0;0;
"CAP2048EX";0;0;0;
"CAP2049EX";5;0;0;
"C7083";0;0;0;
"C7194";0;0;0;
"EBH1359AL";0;0;0;
"EBH1360AL";0;0;0;
"EBH1480AL";0;0;0;
"EBH1561LA";22;0;0;
"EBH1562LA";0;0;0;
"EBH1566LA";0;0;0;
"C7461";274;0;0;
"EE1580";2726;2720;6;
"C7467";129;0;0;
"BXC211EX";992;0;0;
"BXC277RU";0;0;0;
"BXC279EX";0;0;0;
"BXC279GM";96;0;0;
"BXC279RU";0;0;0;
"EFM1290EX";0;0;0;
"BXE2051GM";0;0;0;
"BXE2052EX";0;0;0;
"EHL1399AL";0;0;0;
"BXE2053EX";0;0;0;
"EHL1400AL";0;0;0;
"BXE2054EX";0;0;0;
"BXE2054GM";0;0;0;
"EHL1401AL";0;0;0;
"EHL1402AL";64;0;0;
"BXE2057EX";0;0;0;
"BXE2057GM";0;0;0;
"CAP2050EX";0;0;0;
"BXC1905AB";0;0;0;
"EH4561";0;0;0;
"EH4562";0;0;0;
"BXC1905RU";0;0;0;
"EH5466";0;0;0;
"BXC1907AB";0;0;0;
"EH5592";77;0;0;
"EH5852";1814;888;0;
"EH5853";1696;1471;225;
"EH6050";5;0;0;
"BXC1909EX";2;0;0;
"EH7113";240;0;0;
"BXC211RU";0;0;0;
"BXC212AB";0;0;0;
"EH7118";2637;465;512;
"EH7130";0;0;0;
"BXC212RU";0;0;0;
"BXC2138GM";0;0;0;
"BXC2139GM";1;0;0;
"BXC213EX";0;0;0;
"EH7131";0;0;0;
"BXC280AB";0;0;0;
"BXC280EX";0;0;0;
"BXC281EX";0;0;0;
"BXC281RU";0;0;0;
"BXC299EX";0;0;0;
"BXC299RU";0;0;0;
"BXE2059EX";0;0;0;
"E5798";651;0;0;
"E6044";951,6856;26,624;0;
"E6216";49,824;0,759;0;
"E6285";692;0;0;
"BXC1909RU";0;0;0;
"C5002";802;0;0;
"C5003";1308;0;0;
"EAR200EX";80;0;0;
"EAR200GM";2160;0;0;
"EAR284EX";0;0;0;
"EAR286EX";0;0;0;
"C3328L01";0;0;0;
"C3336L01";0;0;0;
"C3336L02";0;0;0;
"C3345";0;0;0;
"C3346";0;0;0;
"C3347";0;0;0;
"C3349L01";0;0;0;
"C3352L02";0;0;0;
"C3357L02";0;0;0;
"C3358L02";0;0;0;
"EAR2018EX";0;0;0;
"EAR2018GM";0;0;0;
"EF6229";0;0;0;
"EF6250";18;18;0;
"EF6252";12;0;0;
"C6704";0;0;0;
"EFM1292AE";0;0;0;
"BXC1793EX";0;0;0;
"EFM1292EX";0;0;0;
"BXC1843EX";0;0;0;
"EFR174RU";40;0;0;
"BXC1889EX";24;0;0;
"EFR174XX";440;0;0;
"EFR176XX";60;0;0;
"EFT026HU";0;0;0;
"BXC1892EX";0;0;0;
"C6826";213;0;0;
"EAW1678VE";300;300;0;
"C6868";0;0;0;
"EAW1679VE";184;50;0;
"EAW1680VE";0;0;0;
"BXC213GM";0;0;0;
"BXC213RU";0;0;0;
"EH7132";162;28;0;
"EF6253";0;0;0;
"C6819";14;0;0;
"EF6707";0;0;0;
"EF6970";8;0;0;
"EF6971";130;0;0;
"BXC300EX";0;0;0;
"BXC300RU";0;0;0;
"BXE2059GM";0;0;0;
"EHL1481AL";0;0;0;
"EHL1482AL";0;0;0;
"EHL1556LA";0;0;0;
"EHL1557LA";0;0;0;
"EHL1559LA";0;0;0;
"EHM1256EX";92;0;0;
"EHM1274AE";0;0;0;
"BXE2082GM";0;0;0;
"BXC1910AB";0;0;0;
"EH6053";1330;320;11;
"BXC1910RU";0;0;0;
"BXC1911EX";0;0;0;
"EH6133";0;0;0;
"BXC1912GM";0;0;0;
"BXC1912RU";0;0;0;
"BXC1913AB";0;0;0;
"BXC1913EX";24;0;0;
"BXC1914EX";24;0;0;
"BXC1914RU";0;0;0;
"EH6134";4598;2675;0;
"BXC2141GM";0;0;0;
"BXC2142GM";0;0;0;
"BXC2143GM";0;0;0;
"BXC214AB";0;0;0;
"BXC214EX";0;0;0;
"EH7133";25;0;25;
"BXC214RU";0;0;0;
"BXC215EX";0;0;0;
"BXC403EX";0;0;0;
"BXC404EX";0;0;0;
"BXC406EX";0;0;0;
"BXC406RU";0;0;0;
"E6287";306;0;0;
"E6490";29;0;0;
"E6754";916;162;0;
"E6836";14;0;0;
"EAR2019GM";0;0;0;
"EAR201EX";3380;0;0;
"EAR201GM";3;0;0;
"EAR201PO";1327;0;0;
"EAR201RU";0;0;0;
"E6922";71;0;0;
"C3503L01";0;0;0;
"C3503L02";0;0;0;
"E7269";2228;0;0;
"E7271";298;106;0;
"E7272";470;10;0;
"E7273";463;5;0;
"E7289";5413;539;0;
"E7337";2898;32;0;
"E7368";46226;3662;0;
"E7414";205;0;0;
"EE1586";0;0;0;
"EAR202EX";0;0;0;
"C5826";67;0;0;
"CAL195EX";0;0;0;
"CAL195RU";0;0;0;
"CAL261AB";0;0;0;
"EFL1344AL";0;0;0;
"EFL1345AL";720;720;0;
"EFL1346AL";0;0;0;
"CAP1100GM";0;0;0;
"CAP1100RU";0;0;0;
"EH1659";48;0;0;
"BXC1894EX";0;0;0;
"BXC1895EX";0;0;0;
"BXC1896EX";0;0;0;
"BXC1897EX";0;0;0;
"EH1706";142;0;142;
"EH1707";658;0;0;
"BXC1900AB";0;0;0;
"EH2276";191;0;8;
"EH2540";0;0;0;
"EH2957";1358;0;4;
"EAW1681VE";351;0;0;
"CAP1160RU";0;0;0;
"EAW1682VE";0;0;0;
"CAP1161RU";0;0;0;
"EBH1257AL";0;0;0;
"EBH1354AL";56;0;0;
"CAP1668RU";0;0;0;
"EBH1355AL";0;0;0;
"EBH1356AL";0;0;0;
"CAP1669GM";0;0;0;
"CAP1669RU";0;0;0;
"EBH1357AL";0;0;0;
"EE1591";0;0;0;
"EE4293";701;650;0;
"EE6502";0;0;0;
"C6633";0;0;0;
"BXC215RU";0;0;0;
"BXC216AB";0;0;0;
"CAP1101GM";0;0;0;
"CAP1101RU";0;0;0;
"EFL1347AL";0;0;0;
"CAP1159RU";0;0;0;
"BXE2000EX";24;0;0;
"EHC1424AL";27;0;0;
"EHL1386AL";0;0;0;
"BXE2003GM";0;0;0;
"EHL1387AL";0;0;0;
"EHL1388AL";576;576;0;
"ADX1254EX";0;0;0;
"ADX1428EX";1;0;0;
"CE5555";0;0;0;
"CE5620";0;0;0;
"CE7047-02";0;0;0;
"AEA1035AL";0;0;0;
"AEA103XX";0;0;0;
"AEA1040AL";0;0;0;
"AEA1953XX";0;0;0;
"AEA1954XX";281;0;0;
"CS3664";3;3;0;
"AVE052EX";0;0;0;
"AVE055XX";800;800;0;
"AVE056RU";0;0;0;
"AVE056XX";40;0;0;
"AVE057EX";23;2;0;
"AVE057RU";0;0;0;
"CE3898";292;100;0;
"AEA1336RU";0;0;0;
"AEA1338RU";0;0;0;
"AEA1339EX";0;0;0;
"AEA1955XX";7;0;0;
"AEA1958XX";1503;0;0;
"D5520";0;0;0;
"AEA1961EX";0;0;0;
"EAR202HU";0;0;0;
"EAR203EX";0;0;0;
"EAR206EX";544;192;0;
"EAR206GM";576;0;0;
"EAR206PO";0;0;0;
"EAR207PO";192;0;0;
"EAR208PO";0;0;0;
"AVE058JA";0;0;0;
"AVE1146AE";1;0;0;
"AVE1146RU";0;0;0;
"AEA1216GM";0;0;0;
"AEA1217AL";0;0;0;
"AEA1217GM";0;0;0;
"AEA1218AL";0;0;0;
"CS5541";0;0;0;
"AEA1218EX";1660;0;0;
"DIV-SAV";0;0;0;
"DIVEX";0;0;0;
"EAR2146EX";0;0;0;
"EAR2147EX";0;0;0;
"EAR267AE";0;0;0;
"AEA1218GM";0;0;0;
"CS6730";0;0;0;
"AEA727AL";0;0;0;
"AEA731RU";0;0;0;
"AEA731XX";5238;63;0;
"AEA733RU";0;0;0;
"AEA733XX";1782;0;0;
"AEA774RU";0;0;0;
"AEA774XX";10;0;0;
"AEA775XX";148;0;0;
"ADX1448EX";0;0;0;
"ADX1555EX";0;0;0;
"CG4151";24;0;0;
"CG4151S";0;0;0;
"CG4152";15;0;0;
"CG4152S";0;0;0;
"BXC1109EX";0;0;0;
"BXC1112EX";0;0;0;
"EHL1392AL";0;0;0;
"EHL1394AL";0;0;0;
"BXE2010GM";0;0;0;
"BXE2011EX";0;0;0;
"EHL1395AL";0;0;0;
"EHL1397AL";0;0;0;
"BXE2012GM";0;0;0;
"BXE2013EX";0;0;0;
"BXE2034EX";0;0;0;
"BXE2035EX";0;0;0;
"AEA776XX";46;0;0;
"AEA778RU";0;0;0;
"CE6136";0;0;0;
"CE6136S";0;0;0;
"D5623";0;0;0;
"AEA1962EX";0;0;0;
"AEA1964EX";0;0;0;
"EHL1398AL";0;0;0;
"BXE2051EX";0;0;0;
"E519";221;4;0;
"E5381";4757;44;0;
"AVE1186EX";0;0;0;
"CE4093";376;0;0;
"CE4093S";0;0;0;
"AVE1214EX";0;0;0;
"AVE1267EX";0;0;0;
"CE4218S";0;0;0;
"CE4431";0;0;0;
"AEA1426XX";0;0;0;
"D4588";0;0;0;
"AEA1429XX";2;0;0;
"AEA1455AL";200;0;0;
"AEA1965EX";0;0;0;
"AEA1969AL";0;0;0;
"D5784";1700;0;0;
"AEA1976EX";0;0;0;
"E5385";649;61;0;
"EAR282EX";5;0;0;
"EAR282GM";576;0;0;
"EAR283EX";0;0;0;
"EAR283PO";0;0;0;
"EAR283RU";0;0;0;
"AVE1866EX";0;0;0;
"CS6898";0;0;0;
"EFL1348AL";0;0;0;
"BXC1135EX";0;0;0;
"BXC1138EX";0;0;0;
"BXC1717EX";0;0;0;
"EFL1351AL";0;0;0;
"EFL1478AL";0;0;0;
"EFL1830AE";0;0;0;
"EFL1831AE";0;0;0;
"AEA778XX";368;0;0;
"AEA808XX";0;0;0;
"AEA809XX";116;0;0;
"AEA827RU";0;0;0;
"AEA827XX";1783;0;0;
"CE6154S";0;0;0;
"AEA833RU";0;0;0;
"AEA833XX";4;0;0;
"AEA834XX";0;0;0;
"AEA064AL";0;0;0;
"CE6169S";0;0;0;
"AEA064RU";0;0;0;
"AEA064XX";400;400;0;
"AEA086XX";85;0;0;
"AEA098XX";500;100;0;
"CE6217";0;0;0;
"AEA100AE";208;0;0;
"AEA156XX";24;0;0;
"AEA157RU";24;0;0;
"D5796";0;0;0;
"CE3105";789;0;0;
"CE4480S";0;0;0;
"A7469-02";223;0;0;
"AA4596";6227;1289;0;
"CE4528S";0;0;0;
"AA4596S";0;0;0;
"ABE2041XX";0;0;0;
"ADX1123EX";0;0;0;
"D4750";0;0;0;
"AEA157XX";8;0;0;
"D4914";0;0;0;
"D4917";99999600;0;0;
"AEA1880AL";0;0;0;
"AEA1983XX";1400;0;0;
"AEA1992XX";0;0;0;
"AEA2106XX";158;0;0;
"AEA2107XX";0;0;0;
"AEA2115XX";24;0;0;
"CE3167";83;0;0;
"AEA109AL";0;0;0;
"AEA1150RU";0;0;0;
"AEA1150XX";0;0;0;
"AEA1151XX";2026;0;0;
"AEA1152RU";0;0;0;
"CE4654";1007;1;0;
"D3835";10590;0;0;
"CD4444";0;0;0;
"CD4451";0;0;0;
"AEA1152XX";1096;0;0;
"CS4353";0;0;0;
"D6499";642;0;0;
"D6515";0;0;0;
"AEA389AL";0;0;0;
"AEA400AL";0;0;0;
"AEA851XX";1406;0;0;
"AEA852XX";0;0;0;
"AEA877AL";0;0;0;
"D999";0;0;0;
"DI0000";0;0;0;
"DI0010";0;0;0;
"DI0020";0;0;0;
"DI0030";0;0;0;
"DI0040";0;0;0;
"DI0050";0;0;0;
"DI0060";0;0;0;
"AEA100RU";0;0;0;
"CD4452";0;0;0;
"CD4474";0;0;0;
"CD4487";0;0;0;
"CD4515";0;0;0;
"CD4554";0;0;0;
"CD4562";0;0;0;
"D6685";0;0;0;
"AEA400GM";0;0;0;
"AEA453XX";350;0;0;
"AEA100XX";2008;232;0;
"CE6536S";0;0;0;
"CE6538";0;0;0;
"CE6605";0;0;0;
"AEA1881AL";0;0;0;
"D4980";0;0;0;
"AEA2132XX";0;0;0;
"AEA2136XX";100;100;0;
"AEA301AE";0;0;0;
"D6094";897;0;0;
"CE3170";59;0;0;
"AEA949AL";0;0;0;
"CE3174";164;0;0;
"AEA967XX";645;0;0;
"CE3441";0;0;0;
"AEA968RU";0;0;0;
"CE4760";0;0;0;
"CE4760S";0;0;0;
"CE4849";0;0;0;
"CE4930";0;0;0;
"CE5064";0;0;0;
"AEA1882AL";0;0;0;
"D5005";492;0;0;
"AEA1944AL";0;0;0;
"D5008";0;0;0;
"D5010";59;0;0;
"AEA301RU";0;0;0;
"AEA301XX";311;0;0;
"D6097";0;0;0;
"AEA302RU";0;0;0;
"AEA968XX";69;0;0;
"CS4353S";0;0;0;
"CS4703";0;0;0;
"CS4704";4;0;0;
"AEA1241RU";0;0;0;
"AEA1241XX";3619;0;0;
"AEA1242XX";1564;0;0;
"D4166";625;100;0;
"AEA1243XX";682;0;0;
"AEA1307AE";0;0;0;
"AEA1335EX";79;0;0;
"CD4563";0;0;0;
"CD4591";0;0;0;
"CD4602";0;0;0;
"CD4604";0;0;0;
"CD4605";0;0;0;
"CD4615";0;0;0;
"CD4627";0;0;0;
"CD4628";0;0;0;
"AEA1201XX";0;0;0;
"AEA1216EX";0;0;0;
"CS5373S";0;0;0;
"AEA478EX";0;0;0;
"AEA487EX";0;0;0;
"AEA545RU";0;0;0;
"AEA570AL";0;0;0;
"AEA583AE";0;0;0;
"DI0070";0;0;0;
"DI0080";0;0;0;
"DI0090";0;0;0;
"DI0100";0;0;0;
"DI0110";0;0;0;
"DI0120";0;0;0;
"DI0130";0;0;0;
"DIV-HEURES";0;0;0;
"DIV-PRODAE3";6421;0;52;
"DIV-PRODAE4";711;0;0;
"AEA1034AL";0;0;0;
"CD4634";0;0;0;
"CD4674";0;0;0;
"CD4678";0;0;0;
"CD4685";0;0;0;
"CD4692";0;0;0;
"D7111";0;0;0;
"CD2909";0;0;0;
"A4418V08";880;0;0;
"A4418Z04";311;2;0;
"A4419";1582;1560;0;
"A4445E01";5923;1667;0;
"A4445E02";107;0;0;
"A4450";6153;0;0;
"A4451";8783;0;0;
"E6045";0;0;0;
"A4454";1537;84;0;
"A4455F03";260;0;0;
"E6286";0;0;0;
"A4455H01";487;84;0;
"EAR290RU";0;0;0;
"EAR292AE";0;0;0;
"MC4039";84;0;1;
"MC4040";0;0;0;
"MC4041";6;0;0;
"MC4335";28;0;0;
"MC4336";32;0;0;
"NT104";99998393;0;0;
"MC4338";2;0;0;
"NT109";99998340;3;0;
"MC4340";15;0;0;
"NT110";99999541;0;0;
"NT111";99996825;1;0;
"A3373";179;9;0;
"A3374";500;0;0;
"A3378";5428;4;0;
"A3442";612;188;0;
"A3501";112;0;0;
"A3502";139;3;0;
"A3598";1361;132;0;
"EBH1423AL";0;0;0;
"A3764W01";1333;0;0;
"A3772B";0;0;0;
"A3772E";4215;0;0;
"EBH1563LA";0;0;0;
"EBH1564LA";0;0;0;
"EBH1565LA";0;0;0;
"A3772W";214;0;0;
"A4111J04";2265;0;0;
"EAR292RU";0;0;0;
"A4112";15489;7201;0;
"EAR294HU";0;0;0;
"EAR295AE";0;0;0;
"EAR295HU";0;0;0;
"EAR295RU";0;0;0;
"A4113";16883;1620;0;
"EAR297RU";0;0;0;
"DP2129";0;0;0;
"NT589";99999635;0;0;
"NT590";99996687;1;0;
"NT591";199999934;0;0;
"NT594";99998406;6;0;
"K5231";0;0;0;
"NT596";99995407;4;0;
"NT597";99998347;7;0;
"NT603";99999909;0;0;
"K6655";0;0;0;
"A4255U01";1156;392;0;
"DP2130";0;0;0;
"DP2137";0;0;0;
"DP2139";0;0;0;
"DP2153";0;0;0;
"DP2154";0;0;0;
"DP2159";0;0;0;
"DP2175";0;0;0;
"DP2178";0;0;0;
"DP2181";0;0;0;
"K6656";0;0;0;
"NT740";99976643;4;0;
"NT745";99999951;0;0;
"K6674";0;0;0;
"K6677";0;0;0;
"K6678";0;0;0;
"NT751";99999875;0;0;
"NT752";99999956;1;0;
"NT753";99999987;0;0;
"NT754";99999640;0;0;
"G2H1262DL";0;0;0;
"A4260";11889;1228;0;
"A4265C";1937;0;0;
"E3068";0;0;0;
"A4265H";858;0;0;
"A4287";543;0;0;
"A4323";5406;90;0;
"A3599";642;0;0;
"A4420";4501;1;0;
"E4272";0;0;0;
"A4421";5354;0;0;
"A4424";3299;1723;0;
"A4425";3233;1723;0;
"A4426G05";0;0;0;
"A4426H02";1427;0;0;
"E6340";0;0;0;
"A4456";1315;84;0;
"A4459";7018;428;0;
"A4460";4710;428;0;
"A4461F03";3046;0;0;
"A4461H01";5856;428;0;
"G2H1263DL";0;0;0;
"G2H1264AE";0;0;0;
"NT119";99997134;1;0;
"G2H1266AE";0;0;0;
"NT120";99994135;3;0;
"G2H1935AE";0;0;0;
"G2H1936AE";0;0;0;
"NT121";99994249;8;0;
"G2H1938AE";0;0;0;
"G2H1939AE";0;0;0;
"NT122";99997051;0;0;
"NT403";99999393;0;0;
"A3600";1507;130;0;
"A3603";1090;1;50;
"A3608";1467;1;0;
"EBH1412AL";0;0;0;
"EBH1413AL";0;0;0;
"EBH1414AL";0;0;0;
"EBH1415AL";0;0;0;
"EBH1416AL";0;0;0;
"EBH1417AL";0;0;0;
"EBH1418AL";0;0;0;
"A3774";5931;400;0;
"A3806";0;0;0;
"EAR285EX";0;0;0;
"A3823";27017;96;0;
"A3864";7384;3080;0;
"EAR286RU";0;0;0;
"EAR287EX";0;0;0;
"A3871B";284;0;0;
"EAR289HU";0;0;0;
"EAR290AE";0;0;0;
"EAR290HU";0;0;0;
"A4114";21361;1820;0;
"A4121B";2136;0;0;
"A4121E";3014;2017;0;
"A4121N";604;0;0;
"A4121YRAL7015";0;0;0;
"A4121YRAL7021";0;0;0;
"A4122C";1039;0;0;
"A4122H";501;0;0;
"A4122M";312;0;0;
"A4122Q";164;64;0;
"IMMO0077";99999766;0;0;
"NT428";99998445;3;0;
"IMMO1106";99999830;0;0;
"IMMO1272";99999999;0;0;
"NT431";99999467;0;0;
"IMMO1400";99999999;0;0;
"IMMO1523";99999999;0;0;
"NT605";99999179;0;0;
"DP2182";0;0;0;
"NT606";99999181;1;0;
"K5252";0;0;0;
"NT607";99999179;0;0;
"NT609";99998987;0;0;
"DP1990";0;0;0;
"DP1993";0;0;0;
"DP2183";0;0;0;
"A4167E02";1088;0;0;
"A4168";8674;3620;0;
"A4169H01";13871;2658;0;
"A4169H02";749;335;0;
"A4169H03";672;627;0;
"A4170";9652;3620;0;
"A4171";21162;3620;0;
"DP2195";0;0;0;
"DP2196";0;0;0;
"DP2197";0;0;0;
"A4462";12051;944;0;
"A4190";4559;2748;0;
"EAF326EX";0;0;0;
"EAF343AE";0;0;0;
"EAF344AE";0;0;0;
"EAF345AE";0;0;0;
"EAF485AE";0;0;0;
"A4391";1917;8;0;
"A4404";215;50;0;
"A4405E01";3533;650;0;
"A4405E02";2766;0;0;
"EAR208EX";0;0;0;
"A4426K11";13755;1723;0;
"A4426P09";295;0;0;
"A4426V10";1322;0;0;
"A4426Z04";1436;0;0;
"E4853";99999024;1;0;
"A4427";5626;3446;0;
"A4463";0;0;0;
"A4471";4829;291;0;
"A4472E01";3556;440;0;
"A4473E02";9809;1960;0;
"E7184";0;0;0;
"A4473E03";1139;0;0;
"A4473E05";566;0;0;
"E7224";600;0;0;
"A4500";2762;264;0;
"A4531";570;0;0;
"A4122R";272;0;0;
"A3609";3965;54;0;
"EAR208RU";0;0;0;
"A3656";523;0;0;
"A3691";403;0;0;
"EAR266AE";0;0;0;
"A3728";2655;200;0;
"A3748";0;0;0;
"A3764B01";1018;24;0;
"A3764E01";4654;0;0;
"A3764N01";1077;0;0;
"EAR203HU";0;0;0;
"EAR203RU";0;0;0;
"EAR206AB";0;0;0;
"A4122S";190;0;0;
"A4122U";2956;2205;0;
"A4122W";1604;0;0;
"EAR207EX";0;0;0;
"A4158";480,4;211,2;0;
"EAR207RU";0;0;0;
"DP2204";0;0;0;
"A4200";3879;0;0;
"A4203";1859;23;0;
"A4204";1984;23;0;
"A4206";1458;0;0;
"A4207";2779;0;0;
"E2349-03";0;0;0;
"A4209";588;0;0;
"E3666";163;5;0;
"DP1997";0;0;0;
"DP2003";0;0;0;
"DP2012";0;0;0;
"DP2020";0;0;0;
"DP2021";0;0;0;
"DP2034";0;0;0;
"DP2208";0;0;0;
"DP2209";0;0;0;
"DP2218";0;0;0;
"DP2219";0;0;0;
"DP2223";0;0;0;
"DP2224";0;0;0;
"A4172";12769;3772;0;
"A4173E01";3432;0;0;
"A4532H";2169;0;0;
"EAR1154CO";0;0;0;
"EAR1155CO";0;0;0;
"EAR1156CO";0;0;0;
"EAR1157CO";0;0;0;
"A4409";2979;0;0;
"A4410";2720;0;0;
"A4411";2121;1500;0;
"A4412";1581;1500;0;
"A4416G02";343;0;0;
"A4417";8639;1560;0;
"A4418G05";366;0;0;
"A4418H02";1300;0;0;
"A4418J07";1678;0;0;
"E3741";0;0;0;
"A4418L03";3435;0;0;
"A4440E03";351;0;0;
"E5371";92;0;0;
"A4440E04";3119;449;0;
"A4442";1693;12;0;
"A4443";8665;2014;0;
"A4444";1208;10;0;
"A3871E";4052;0;0;
"A4532T";2587;0;0;
"A4533H01";1224;0;0;
"A4543";0;0;0;
"A4548";0;0;0;
"A4553E01";3033;576;0;
"A4553E02";852;59;0;
"A4554";187;59;0;
"A4581B01";1164;0;0;
"A4581B02";287;0;0;
"A4581E01";6678;1584;0;
"EAR305EX";32;0;0;
"EAR306EX";0;0;0;
"A3881";683;141;0;
"A4106";9158;1980;0;
"EAR201AB";0;0;0;
"A4107";29034;3715;605;
"A4109";22590;4798;0;
"A4110C01";98578;4798;0;
"A4111C02";17021;2550;0;
"A4111H01";20841;1165;0;
"EAR202RU";0;0;0;
"EAR306PO";0;0;0;
"A4163";151;0;0;
"A4167E01";8132;3528;0;
"EAR308PO";0;0;0;
"EAR308RU";0;0;0;
"EAR327AE";0;0;0;
"EAR327EX";0;0;0;
"EAR328AE";0;0;0;
"EAR329EX";0;0;0;
"DP2036";0;0;0;
"A4173E02";10248;0;0;
"A4210";1228;0;0;
"A4212";515;23;0;
"E2651";0;0;0;
"A4217";168;0;0;
"A4246";0;0;0;
"A4249E02";1410;2;0;
"A4250";4279;2304;0;
"A4255C01";823;0;0;
"A4255M01";142;0;0;
"A4255R01";55;0;0;
"DP2062";0;0;0;
"DP2063";0;0;0;
"DP2066";0;0;0;
"DP2085";0;0;0;
"DP2088";0;0;0;
"DP2096";0;0;0;
"DP2097";0;0;0;
"A4174";18693;1600;0;
"A4175";21295;1600;0;
"EHM1280EX";0;0;0;
"BXC211GM";0;0;0;
"BXC212EX";0;0;0;
"EAF310AE";0;0;0;
"A4581W02";1055;0;0;
"EFM1430EX";0;0;0;
"EFM1879EX";0;0;0;
"EFM1888EX";0;0;0;
"BXE2078GM";1;0;0;
"BXE2083GM";0;0;0;
"EFR175XX";0;0;0;
"BXG271AL";0;0;0;
"EFR177AB";0;0;0;
"EFR177XX";0;0;0;
"EFR178XX";638;0;0;
"EFR179XX";0;0;0;
"C1948";35484;8;0;
"C2107";7680;0;0;
"C2144";1226;94;0;
"C2145L";4036;658;0;
"EH6228";240;0;0;
"EH6231";0;0;0;
"EH6232";147;0;0;
"EH6239";525;0;0;
"C2283";6395;376;0;
"C2284";1246;94;0;
"EHM1281RU";0;0;0;
"BXC212GM";0;0;0;
"BXC2140GM";0;0;0;
"BXC214GM";0;0;0;
"EHM1283RU";0;0;0;
"EHM1284EX";0;0;0;
"EHM1285EX";0;0;0;
"A4581Y01RAL7015";0;0;0;
"EAF311AE";0;0;0;
"EAF311EX";0;0;0;
"A4581Y01RAL7021";0;0;0;
"EAF312AE";0;0;0;
"EAF312EX";0;0;0;
"A4582C";1808;0;0;
"EAF313HU";0;0;0;
"A4582H";1138;0;0;
"A4582M";837;0;0;
"BXC1903EX";72;0;0;
"BXC1903GM";2;0;0;
"BXC1903RU";0;0;0;
"BXC216GM";0;0;0;
"EHM1432EX";0;0;0;
"EF5996";0;0;0;
"C4117";229284;12706;0;
"EAF320EX";0;0;0;
"BXC1904EX";0;0;0;
"BXC1904RU";0;0;0;
"EHL1391AL";0;0;0;
"EHL1393AL";0;0;0;
"EFT026EX";0;0;0;
"EFT026GM";0;0;0;
"EFT026RU";0;0;0;
"C4118";286950;11102;0;
"C4119";137462;12706;0;
"BXG352AL";0;0;0;
"BXG353AL";0;0;0;
"BXE2052GM";0;0;0;
"BXE2053GM";0;0;0;
"BXE2055GM";2;0;0;
"BXE2056GM";0;0;0;
"EFL1349AL";0;0;0;
"EFL1350AL";0;0;0;
"BXE2058GM";0;0;0;
"BXE2060GM";0;0;0;
"EH4776";0;0;0;
"C2288";1189;94;0;
"C2744";1307;0;0;
"C2857";4328;400;0;
"C3108";3754;88;0;
"C3297";82435;4560;0;
"C3517";18200;0;0;
"C3583";3346;0;0;
"A4185";9894;0;0;
"A4186H01";4980;0;0;
"A4186H02";1129;0;0;
"E1350";0;0;0;
"A4187";3321;0;0;
"A4188L01";10;0;0;
"A4188L02";0;0;0;
"BXE2061GM";0;0;0;
"BXE2065GM";0;0;0;
"C3616";2644;0;0;
"C3889";22503;1240;0;
"BXC272EX";0;0;0;
"BXC275EX";0;0;0;
"EHM2033EX";0;0;0;
"BXC277EX";0;0;0;
"BXC278EX";0;0;0;
"BXE1999EX";14;0;0;
"BXE1999GM";208;0;0;
"BXE2000GM";0;0;0;
"EHP1220EX";240;0;0;
"C4414";108532;4640;0;
"BXC1905EX";17;0;0;
"BXC1905GM";0;0;0;
"EHL1396AL";0;0;0;
"BXC1906EX";0;0;0;
"BXC1907EX";1733;0;0;
"BXC1907RU";6;0;0;
"BXC1908EX";289;288;0;
"BXC1908RU";0;0;0;
"BXE2001EX";22;0;0;
"BXC1910EX";288;0;0;
"BXC1912EX";0;0;0;
"BXC1915EX";0;0;0;
"EFT1450EX";0;0;0;
"EFT1836AE";0;0;0;
"BXE2011GM";0;0;0;
"BXE2012EX";0;0;0;
"BXE2036EX";7;0;0;
"EFT842AE";0;0;0;
"C4116";126939;3835;0;
"C1246";20595;1640;0;
"C1247";24254;1493;0;
"C1256";16832;59;0;
"C1257";9456;59;0;
"C1511";116344;1600;0;
"EHM1256AE";0;0;0;
"BXC1922GM";2;0;0;
"EHP1221EX";0;0;0;
"BXE2003EX";0;0;0;
"BXE2004EX";0;0;0;
"EHP1231AE";0;0;0;
"EHP1232AE";0;0;0;
"EHP1233AE";241;0;0;
"BXE2004GM";0;0;0;
"EH4345";0;0;0;
"BXC1919EX";0;0;0;
"EHL1558LA";0;0;0;
"BXC1921EX";0;0;0;
"EHL1560LA";0;0;0;
"EHL1676LA";0;0;0;
"BXC1923GM";0;0;0;
"BXC1925GM";0;0;0;
"BXE2005EX";18;0;0;
"BXE2006GM";0;0;0;
"EE4572";0;0;0;
"EF4387";0;0;0;
"EFT843AE";0;0;0;
"BXG350AL";0;0;0;
"BXG354AL";1;0;0;
"EH1807";0;0;0;
"BXG355AL";0;0;0;
"EF3144";0;0;0;
"EF3145";0;0;0;
"EFM1290AE";0;0;0;
"BXE2066GM";0;0;0;
"BXG351AL";0;0;0;
"C1512";107117;8370;0;
"C167";14173;59;0;
"C1700";3130;90;0;
"BXL888PO";0;0;0;
"A4176";20322;650;0;
"A4177";22811;650;0;
"A4182";29321;1600;0;
"EH3205";0;0;0;
"BXE2069GM";0;0;0;
"BXE2077GM";0;0;0;
"EFM1292RU";0;0;0;
"C1258";2309;0;0;
"C1339";1453;0;0;
"EH4385";0;0;0;
"EH4386";0;0;0;
"EH4559";0;0;0;
"C1500";105657;8370;0;
"EH4574";151;0;0;
"C186";151429;10921;0;
"C193";11949;4903;0;
"BXC1927XO";0;0;0;
"EHM1276AB";0;0;0;
"BXC1986GM";0;0;0;
"BXC1987GM";0;0;0;
"BXC1988GM";118;0;0;
"EHM1278PO";0;0;0;
"EHM1279EX";0;0;0;
"BXC1990GM";0;0;0;
"A4581E02";5056;1360;0;
"EAF1818AE";0;0;0;
"A4581N01";1354;0;0;
"EAF2148EX";0;0;0;
"EAF268AE";0;0;0;
"EAF269AE";0;0;0;
"A4581N02";108;0;0;
"A4581W01";855;0;0;
"FE048";99997367;0;0;
"OUT297";100001200;2;0;
"G2H1066RU";0;0;0;
"OUT299";99999610;1;0;
"G2H1069EX";0;0;0;
"G2H1069RU";0;0;0;
"G2H1070AB";0;0;0;
"OUT300";2876;1;0;
"G2H1071AB";0;0;0;
"OUT348";99999722;1;0;
"OUT349";99999637;0;0;
"OUT350";99999633;0;0;
"OUT352";99999808;0;0;
"OUT353";99998969;1;0;
"OUT326";9135;0;0;
"OUT328";99999908;0;0;
"OUT329";100009967;0;0;
"MH6147";60;0;2;
"MH6149";316;0;12;
"OUT332";99999969;0;0;
"MH6264";1111;392;0;
"MH6270";2120;0;0;
"OUT346";99999999;0;0;
"OUT347";99999985;0;0;
"MH6272";0;0;0;
"G2H1071EX";0;0;0;
"EMM717HU";0;0;0;
"OUT497";199999962;0;0;
"EMM717RU";0;0;0;
"OUT500";99999933;0;0;
"OUT501";99999945;0;0;
"EMM739RU";0;0;0;
"OUT496";99999891;0;0;
"K6660";2205;0;0;
"K6661";1145;0;0;
"OUT571";99999999;0;0;
"OUT572";99999991;0;0;
"OUT575";99999952;0;0;
"OUT579";99999995;0;0;
"OUT580";99999995;0;0;
"OUT581";99999952;0;0;
"PP0127";0;0;0;
"ET0101";0;0;0;
"ET0204";0;0;0;
"ET0217";0;0;0;
"ET0218";0;0;0;
"ET0232";0;0;0;
"ET0233";0;0;0;
"PP0128";0;0;0;
"PP0129";0;0;0;
"PP0130";0;0;0;
"PP0131";0;0;0;
"PP0132";0;0;0;
"PP0DIV";0;0;0;
"R1999";0;0;0;
"R2724";0;0;0;
"NT783";99999985;0;0;
"NT785";9999995;0;0;
"NT851";99999965;0;0;
"NT854";99999941;0;0;
"NT857";999999999;0;0;
"NT859";999999977;1;0;
"OUT194";99994135;3;0;
"FE061";99999630;0;0;
"OUT197";99999950;0;0;
"FE068";99999990;0;0;
"FE071";99999839;0;0;
"FE139";99999958;0;0;
"FE140";974;0;0;
"FE141";10000019203;0;0;
"FE142";9979;0;0;
"FE143";9991;0;0;
"FE144";9972;0;0;
"OUT229";99999664;0;0;
"OUT232";99998256;1;0;
"OUT235";99997649;1;0;
"OUT236";99974320;3;0;
"OUT239";99997541;2;0;
"OUT241";99999665;0;0;
"NT786";99999995;0;0;
"NT787";99999999;0;0;
"K5209";2350;0;0;
"NT791";99999999;0;0;
"K5228";1532;0;0;
"NT797";99999;0;0;
"NT798";99999;0;0;
"MH6276";3;0;0;
"OUT351";99999978;0;0;
"F3257";998;0;0;
"OUT464";99999954;0;0;
"OUT465";99999907;0;0;
"OUT466";99999953;0;0;
"OUT467";99999953;0;0;
"OUT468";99999957;0;0;
"OUT469";99999953;0;0;
"OUT301";99999610;1;0;
"OUT304";99995457;8;0;
"OUT307";99998579;0;0;
"FS4413";2972;0;0;
"OUT314";99998899;1;0;
"OUT315";99997541;1;0;
"G2H1048RS";0;0;0;
"G2H1058AE";0;0;0;
"MH6279";0;0;0;
"MH6281";3378;1226;20;
"MH6283";69;69;0;
"MH6284";1364;0;0;
"MH6532";878;0;878;
"MH6560";0;0;0;
"OUT593";0;0;0;
"OUT594";0;0;0;
"G2H1065RU";0;0;0;
"EMF959PO";0;0;0;
"OUT316";99998899;1;0;
"OUT502";99997382;1;0;
"OUT503";9999984;0;0;
"EMM766RU";0;0;0;
"OUT595";0;0;0;
"OUT598";0;0;0;
"OUT599";99999999;0;0;
"OUT602";99999999;0;0;
"K6735";666;0;0;
"K6736";15,846;0;0;
"K6752";4088;0;0;
"K6763";0;0;0;
"R3011";7196;0;0;
"R3307";25;0;0;
"R3564";0;0;0;
"R4579";0;0;0;
"R5294";0;0;0;
"R5295";0;0;0;
"R5301";0;0;0;
"R5302";0;0;0;
"R5303";0;0;0;
"R5304";0;0;0;
"R5305";0;0;0;
"NT799";99999;0;0;
"M5071";16;0;0;
"NT861";100099979;0;0;
"OUT065";99999371;0;0;
"F5542";0;0;0;
"FE080";99999982;0;0;
"FE082";0;0;0;
"OUT198";99999326;1;0;
"OUT199";99999137;2;0;
"FE095";99999859;0;0;
"FE157";99999967;0;0;
"FE166";99999952;0;0;
"FE171";99999929;0;0;
"OUT242";99999146;2;0;
"OUT245";99998471;3;0;
"OUT248";99999973;0;0;
"OUT251";99998445;3;0;
"FE198";99999852;0;0;
"OUT443";99999905;0;0;
"OUT445";99999702;0;0;
"OUT446";99999734;0;0;
"EHT815EX";0;0;0;
"EHT816EX";0;0;0;
"EHT836AE";0;0;0;
"EHT957AB";0;0;0;
"EHT957EX";0;0;0;
"OUT411";999999701;0;0;
"OUT470";99999953;0;0;
"OUT473";99999470;2;0;
"OUT318";9540;0;0;
"G2H1235AE";0;0;0;
"G2H1236AE";0;0;0;
"OUT319";99991475;0;0;
"OUT320";99996743;70;0;
"G2H1239AE";0;0;0;
"G2H1258AE";0;0;0;
"G2H1259AE";0;0;0;
"OUT323";99998006;3;0;
"G2H1261DL";0;0;0;
"OUT354";8882;2;0;
"OUT357";99998672;0;0;
"OUT358";99998672;0;0;
"OUT359";99998672;0;0;
"EHT957RU";0;0;0;
"EHT969AB";0;0;0;
"OUT421";99999916;0;0;
"OUT522";99999614;0;0;
"OUT523";99999807;0;0;
"OUT474";99999410;0;0;
"EMF961PO";0;0;0;
"EMF963EX";0;0;0;
"OUT461";999999923;0;0;
"OUT462";99999216;2;0;
"EMM705HU";0;0;0;
"OUT478";99998329;1;0;
"OUT479";99998329;1;0;
"EMM707HU";0;0;0;
"OUT480";99997747;1;0;
"OUT477";99998329;1;0;
"OUT504";99999918;2;0;
"OUT505";99999955;0;0;
"EMM830RU";0;0;0;
"EMM835PO";0;0;0;
"EMM854PO";0;0;0;
"EMM855PO";0;0;0;
"OUT524";99999832;0;0;
"ETH1853GM";0;0;0;
"ETH1854PO";0;0;0;
"ETH1855PO";0;0;0;
"NT822";9999554;2;0;
"ETH1857AE";0;0;0;
"ETH1858AE";0;0;0;
"ETH1858EX";75;0;0;
"ETH1859AE";0;0;0;
"NT823";99999555;3;0;
"NT826";99999991;0;0;
"NT832";99999779;0;0;
"OUT455";99999632;1;0;
"OUT456";99999700;0;0;
"FE271";99999988;0;0;
"FE272";99999990;0;0;
"OUT457";99999213;2;0;
"FE275";99999997;0;0;
"OUT459";9999092;1;0;
"OUT129";99996778;2;0;
"FBE1089AB";0;0;0;
"OUT165";99999971;0;0;
"OUT171";99997991;3;0;
"OUT174";99998627;2;0;
"OUT175";99999196;2;0;
"FBE1089XO";0;0;0;
"FE106";99999901;1;0;
"OUT205";99997541;2;0;
"OUT212";99999664;0;0;
"OUT213";99998388;0;0;
"OUT215";99999664;0;0;
"OUT217";99996218;1;0;
"OUT224";99997034;1;0;
"FE202";99999971;0;0;
"OUT252";99998442;3;0;
"FE211";99999991;0;0;
"OUT254";99998301;0;0;
"FE213";99999985;0;0;
"OUT255";99998376;0;0;
"FE215";99999996;0;0;
"OUT256";99997501;2;0;
"FE217";99999986;0;0;
"FE218";99999990;0;0;
"FE219";99999980;0;0;
"FE220";99999984;0;0;
"OUT460";99999974;0;0;
"EHT969GM";0;0;0;
"EMF021HU";0;0;0;
"EMF021PO";0;0;0;
"OUT176";99999197;2;0;
"OUT284";99998317;0;0;
"OUT285";999907;0;0;
"OUT286";99999206;3;0;
"OUT288";99999596;1;0;
"OUT295";99991701;2;0;
"G2H1046RS";0;0;0;
"OUT327";99998505;2;0;
"OUT330";95646;10;0;
"OUT331";99449;0;0;
"FS2041";2132;0;0;
"OUT334";99998561;1;0;
"OUT345";99999901;0;0;
"OUT363";199997292;0;0;
"OUT364";99997293;0;0;
"OUT365";99997293;0;0;
"OUT366";99996309;0;0;
"OUT367";99996309;0;0;
"OUT368";99996309;0;0;
"OUT372";9894;0;0;
"FS6157";0;0;0;
"OUT373";99999536;1;0;
"OUT374";99999844;0;0;
"OUT528";99999955;0;0;
"OUT529";99999802;0;0;
"OUT296";100001200;2;0;
"OUT475";99999410;0;0;
"OUT476";99999410;0;0;
"OUT481";99999259;1;0;
"OUT482";99998423;1;0;
"EMM716EX";0;0;0;
"OUT492";99999997;0;0;
"OUT493";99999975;0;0;
"EMM716TB";0;0;0;
"OUT495";99999974;0;0;
"EMM856PO";0;0;0;
"OUT511";99999938;0;0;
"OUT512";99999939;0;0;
"OUT513";99999939;0;0;
"OUT518";99997990;9;0;
"NT833";99999988;0;0;
"NT834";99999890;0;0;
"NT835";99999971;1;0;
"NT836";99999808;1;0;
"NT837";99998938;7;0;
"NT838";99999881;1;0;
"NT839";99999710;1;0;
"NT840";99999683;2;0;
"NT841";99999682;2;0;
"NT848";99999914;0;0;
"NT849";9999982;0;0;
"OUT179";99998999;2;0;
"OUT186";99998926;0;0;
"FE045";99999766;0;0;
"OUT192";99999180;0;0;
"FE119";99999923;0;0;
"OUT225";99999173;0;0;
"FE125";99999909;0;0;
"FE126";99999931;0;0;
"FE128";0;0;0;
"FE130";99999639;0;0;
"OUT226";99999581;0;0;
"FE136";9352;0;0;
"FE137";9743;0;0;
"FE138";9744;0;0;
"K4969";117835;0;0;
"K5198";2794;0;0;
"K5199";2486;4;0;
"NT344";99999868;1;0;
"NT360";99998627;2;0;
"NT361";99998523;2;0;
"NT466";99999245;0;0;
"K2789";0;0;0;
"NT372";99999746;0;0;
"NT373";99999717;0;0;
"NT374";99999773;0;0;
"NT375";99999718;0;0;
"NT550";99998050;2;0;
"NT551";99995604;7;0;
"NT552";99995613;8;0;
"NT553";99995605;8;0;
"EHT1445AE";0;0;0;
"GBP1803AE";0;0;0;
"GBP1804AE";0;0;0;
"GBP1805AE";0;0;0;
"NT142";99997573;2;0;
"NT143";99997540;2;0;
"NT144";99997645;2;0;
"NT149";99999680;1;0;
"NT150";99999791;1;0;
"NT153";99999326;1;0;
"NT157";99999770;0;0;
"GBP1822AE";0;0;0;
"NT467";99998378;1;0;
"K2893";0;0;0;
"NT469";99999619;0;0;
"NT471";99994907;1;0;
"K3006";0;0;0;
"K3073";0;0;0;
"NT474";99990915;2;0;
"NT691";99999112;0;0;
"NT554";99999479;3;0;
"NT555";99999476;0;0;
"NT556";99999477;0;0;
"NT557";99999479;1;0;
"K431";0;0;0;
"NT560";99999979;0;0;
"NT718";99999976;0;0;
"K6335";0;0;0;
"NT721";99999817;1;0;
"NT451";99998816;1;0;
"NT452";99999671;1;0;
"K1453";0;0;0;
"K1454";0;0;0;
"K1455";0;0;0;
"K1456";0;0;0;
"K1463";0;0;0;
"NT453";99999947;0;0;
"K5937";0;0;0;
"K5969";0;0;0;
"NT692";99999213;2;0;
"NT693";99999943;0;0;
"M6498";0;0;0;
"NT724";99999960;0;0;
"NT725";99999960;0;0;
"K6405";0;0;0;
"NT728";99999757;0;0;
"NT729";99999878;0;0;
"MC3700";32;0;0;
"MC3701";5;0;0;
"MC3702";1157;0;1;
"MC3703";28;0;0;
"MC3704";5;0;0;
"NT816";99999657;0;0;
"NT819";9999732;2;0;
"NT821";9999531;2;0;
"FE238";99999993;0;0;
"FE240";99999912;0;0;
"OUT269";99998607;0;0;
"OUT271";99999813;0;0;
"OUT279";99997785;1;0;
"OUT280";99999862;0;0;
"NT617";99963354;90;0;
"NT618";99999151;0;0;
"NT619";9999908;1;0;
"NT620";99999850;0;0;
"K5456";0;0;0;
"K7084";0;0;0;
"M6642";0;0;0;
"M6643";0;0;0;
"MB0010";0;0;0;
"MB0020";0;0;0;
"MB0030";0;0;0;
"MB0040";0;0;0;
"MB0050";0;0;0;
"MB0060";0;0;0;
"MB0070";0;0;0;
"H1624";0;0;0;
"NT362";99998713;2;0;
"MC3982";26;0;1;
"MC3983";0;0;0;
"MC4006";0;0;0;
"MC4007";0;0;0;
"MC4008";2;0;0;
"MC4010";5;0;0;
"MC4011";15;0;0;
"NT382";99999968;0;0;
"NT386";99999402;0;0;
"FE247";9999951;0;0;
"OUT283";99999142;0;0;
"FE253";99999994;0;0;
"FE254";99999999;0;0;
"EHT780";0;0;0;
"EHT780AB";0;0;0;
"OUT380";99999697;0;0;
"OUT385";99999689;0;0;
"K7185";0;0;0;
"MH6984";0;0;0;
"K7227";3172;0;0;
"MH6986";129;0;0;
"MH6987";32;0;0;
"MH6988";275;0;0;
"MH6989";0;0;0;
"MH7114";0;0;0;
"GBP442EX";0;0;0;
"HAT-100-1B-HD-EX";0;0;0;
"HAT-100-1B-MD-EX";0;0;0;
"HAT-125-1B-HD-EX";0;0;0;
"HAT-125-1B-MD-EX";0;0;0;
"NT363";99999196;2;0;
"HAT-160-1B-MD-EX";0;0;0;
"HAT-160-1C-HD-EX";0;0;0;
"HAT-160-1C-MD-EX";0;0;0;
"NT505";99981420;23;0;
"I3217";652;0;0;
"NT390";99998146;0;0;
"NT393";99998631;2;0;
"NT394";99980683;9;0;
"NT561";99997285;0;0;
"NT562";99996300;0;0;
"K4557";0;0;0;
"ETH1852GM";0;0;0;
"OUT423";99999826;0;0;
"OUT424";99999901;0;0;
"OUT428";99999840;0;0;
"OUT429";99999909;0;0;
"OUT430";99999846;0;0;
"OUT435";99999974;0;0;
"OUT436";99997562;1;0;
"FE262";99999987;0;0;
"OUT437";99997562;1;0;
"OUT438";99997562;1;0;
"NT158";99999707;0;0;
"NT159";99999707;0;0;
"GBP480AE";0;0;0;
"NT160";99999669;0;0;
"K1464";0;0;0;
"NT507";99997525;1;0;
"K3089";0;0;0;
"NT508";99991968;2;0;
"NT509";99865105;15;0;
"NT510";99973876;11;0;
"NT695";99999112;0;0;
"NT697";99999953;0;0;
"NT563";99994878;6;0;
"NT564";99998559;2;0;
"NT566";99992502;7;0;
"NT567";99992490;7;0;
"NT568";99998136;0;0;
"NT569";99998667;0;0;
"K6429";0;0;0;
"NT730";99996594;4;0;
"K6435";0;0;0;
"OUT386";99999689;0;0;
"OUT387";99999689;0;0;
"EHT780RU";0;0;0;
"OUT410";99998239;7;0;
"K1465";0;0;0;
"K1469";0;0;0;
"K1473";0;0;0;
"K1475";0;0;0;
"K1476";0;0;0;
"K1477";0;0;0;
"K1481";0;0;0;
"NT698";199997495;3;0;
"NT699";99999835;2;0;
"NT701";99999963;0;0;
"NT702";99999712;0;0;
"MB0080";0;0;0;
"MC2368";11039185000097;0;11039185000011;
"NT733";99995528;2;0;
"NT735";99999277;2;0;
"NT736";99997686;2;0;
"K6485";0;0;0;
"NT739";99999598;2;0;
"NT094";99994148;0;0;
"MC4013";17;0;0;
"MC4014";3;0;0;
"NT100";99974318;3;0;
"MC4016";11;0;0;
"ETF1863AE";0;0;0;
"ETF1863EX";0;0;0;
"ETF1864AE";0;0;0;
"ETF1864EX";105;0;0;
"ETF1865EX";0;0;0;
"ETF2113EX";0;0;0;
"ETF2149EX";0;0;0;
"ETF2150EX";0;0;0;
"NT621";99990195;11;0;
"NT625";99999954;0;0;
"NT627";9999940;1;0;
"NT630";99999744;0;0;
"NT637";99998965;0;0;
"NT643";9999885;0;0;
"NT644";99999829;1;0;
"NT645";99999816;0;0;
"NT646";99999378;0;0;
"K7524";123;0;0;
"MC2604";662;0;1;
"NT062";99998955;0;0;
"MC2612";53;0;0;
"MC2617";3;0;0;
"MC2618";380;0;0;
"MC2620";2;0;0;
"NT090";99999307;2;0;
"MC2652";28;0;0;
"MC2653";7;0;0;
"MC2659";82;0;0;
"HAT-200-1C-HD-EX";0;0;0;
"HAT-200-1C-MD-EX";0;0;0;
"MC4017";6;0;0;
"MC4018";1;0;0;
"MC4019";0;0;0;
"MC4020";11;0;0;
"MC4021";13;0;2;
"NT101";99999823;0;0;
"NT102";99999609;0;0;
"NT103";99999153;0;0;
"I3492";0;0;0;
"I3509";0;0;0;
"NT757";99999984;0;0;
"NT759";99999980;0;0;
"NT760";99999975;0;0;
"NT761";99999992;0;0;
"NT762";99999975;0;0;
"NT763";99999975;0;0;
"NT764";99999971;0;0;
"K6764";0;0;0;
"NT772";99999725;0;0;
"NT123";99993880;1;0;
"MH7146";5;0;0;
"MH7301";959;256;0;
"K7551";6930;0;0;
"NT161";99999714;1;0;
"HAT-250-1C-HD-EX";0;0;0;
"HAT-250-1C-MD-EX";0;0;0;
"HAT-250-1D-HD-EX";0;0;0;
"HAT-250-1D-MD-EX";0;0;0;
"NT512";99999523;0;0;
"I3819";690;0;0;
"I3834";0;0;0;
"NT570";99995169;1;0;
"NT571";99997762;0;0;
"NT124";99993767;0;0;
"NT128";99999701;0;0;
"NT130";99994143;0;0;
"G2H2144AE";0;0;0;
"G2H2151AE";0;0;0;
"NT131";99998134;1;0;
"NT135";99999326;1;0;
"NT136";99999138;2;0;
"NT137";99999139;0;0;
"NT138";99999292;0;0;
"NT139";99998926;0;0;
"IMMO1640";99999761;0;0;
"NT163";99999807;0;0;
"GFN1871AE";0;0;0;
"NT164";99999776;1;0;
"NT178";99999467;0;0;
"NT185";99996457;1;0;
"GFN849EX";0;0;0;
"GFN849RU";0;0;0;
"GFN850EX";0;0;0;
"GFN850HU";0;0;0;
"GFN850RU";0;0;0;
"K1525";0;0;0;
"K3290";0;0;0;
"NT524";299999324;1;0;
"NT525";99984702;25;0;
"NT526";100008488;2;0;
"NT533";99998902;0;0;
"NT534";99999784;0;0;
"NT581";99994365;3;0;
"NT582";99996937;1;0;
"NT583";99997063;1;0;
"K5201";0;0;0;
"NT584";99994361;2;0;
"K6487";0;0;0;
"NT432";99999913;0;0;
"IMMO1768";99999553;0;0;
"NT437";99997977;2;0;
"K1527";0;0;0;
"K1528";0;0;0;
"K1532";0;0;0;
"K1628";17944;0;0;
"K2056";0;0;0;
"K2059";0;0;0;
"NT647";99999575;0;0;
"NT655";99997367;0;0;
"NT703";99999953;0;0;
"K6174";0;0;0;
"NT704";99999908;2;0;
"NT705";99999847;1;0;
"MC2660";1;0;0;
"K6635";0;0;0;
"K6636";0;0;0;
"K6646";0;0;0;
"K6653";0;0;0;
"MC4026";29;0;1;
"NT610";99998992;0;0;
"K5330";0;0;0;
"K5336";3017;0;0;
"K5337";0;0;0;
"K5338";0;0;0;
"K5339";0;0;0;
"NT611";99999026;0;0;
"K6765";0;0;0;
"NT657";99999967;0;0;
"K5521";0;0;0;
"NT662";99999979;0;0;
"NT665";99999958;0;0;
"NT666";99999972;0;0;
"K5633";0;0;0;
"NT667";99999744;1;0;
"NT672";99999995;0;0;
"M1175";0;0;0;
"M3686";75;0;0;
"MC3111";57;0;0;
"MC3315";14;0;0;
"NT365";99997907;0;0;
"HUB2037EX";0;0;0;
"MC4030";1;0;0;
"MC4031";0;0;0;
"MC4032";0;0;0;
"NT773";99999974;0;0;
"K6767";0;0;0;
"K6768";0;0;0;
"NT776";99999985;0;0;
"NT788";9999932;0;0;
"NT789";99999985;0;0;
"NT790";99999946;0;0;
"NT793";99999992;0;0;
"NT795";99999851;0;0;
"MM2767";782;59;0;
"MM2816";170;0;0;
"M5741";0;0;0;
"GHN101AE";0;0;0;
"HUB2040EX";0;0;0;
"I1614";0;0;0;
"I1630";0;0;0;
"NT367";99998409;0;0;
"NT536";99996854;4;0;
"NT537";99999917;0;0;
"K3671";0;0;0;
"K3749";0;0;0;
"K5204";0;0;0;
"NT585";99994365;2;0;
"K5206";0;0;0;
"GBP1187AE";0;0;0;
"NT140";99998751;0;0;
"GBP1800AE";0;0;0;
"GBP1801AE";0;0;0;
"NT141";99997540;2;0;
"NT187";99999133;1;0;
"NT191";99999394;0;0;
"GHN735HU";0;0;0;
"NT192";99999570;2;0;
"NT199";99998416;1;0;
"NT288";99999465;0;0;
"GHN736HU";0;0;0;
"NT314";99999857;0;0;
"NT539";99998438;1;0;
"NT541";99998429;0;0;
"K3915";480;0;0;
"K3916";110;0;0;
"NT542";99998269;1;0;
"NT706";99999985;0;0;
"NT708";99999969;0;0;
"NT709";99997700;1;0;
"NT586";99999967;0;0;
"NT438";99999409;0;0;
"NT439";99999295;1;0;
"NT440";99999409;0;0;
"NT441";99999409;0;0;
"NT449";99999713;1;0;
"NT455";9301;0;0;
"NT456";9301;0;0;
"NT458";9301;0;0;
"NT459";99999855;0;0;
"NT460";99999880;1;0;
"NT461";99999690;0;0;
"NT462";99999206;3;0;
"NT465";99999243;3;0;
"NT673";99999866;0;0;
"NT711";99999971;0;0;
"NT713";99996676;4;0;
"K6312";0;0;0;
"K6313";0;0;0;
"NT714";99999944;0;0;
"NT716";9999953;0;0;
"MC3316";0;0;0;
"MC3558";17;0;0;
"MC3559";3;0;0;
"OUT257";99998356;0;0;
"FE226";99999657;0;0;
"FE227";9999944;0;0;
"FE228";99999996;0;0;
"OUT263";99999718;0;0;
"OUT264";99999913;0;0;
"NT612";199999825;1;0;
"NT613";199999681;0;0;
"NT614";99998748;4;0;
"K5399";0;0;0;
"NT616";99963394;58;0;
"NT674";99999931;0;0;
"NT675";9999991;0;0;
"NT676";99999433;2;0;
"NT677";9999614;0;0;
"NT679";99999903;0;0;
"K5827";0;0;0;
"NT680";99999923;0;0;
"NT687";99998728;0;0;
"NT690";99998793;1;0;
"M5742";0;0;0;
"M5743";0;0;0;
"MC3696";26;0;2;
"MC3697";71;0;2;
"MC3698";1;0;0;
"MC3699";73;0;0;
"NT370";99998301;0;0;
"NT371";99999668;1;0;
"I2768";0;0;0;
"OUT266";99999803;0;0;
"OUT267";99997966;2;0;
"FE235";99999996;0;0;
"FE236";99999991;0;0;
"OUT268";99999924;0;0;
"K6996";99999996;6;0;
"NT796";99999771;0;0;
"K7002";0;0;0;
"NT800";99999748;2;0;
"NT804";9999997;0;0;
"K7074";0;0;0;
"K7080";2,9828;0;0;
"M5767";0;0;0;
"MM4726";1161;1161;0;
"MM4739";2;2;0;
"MM4797";384;384;0;
"MM4993";390;0;0;
"M6039";44;0;0;
"MM6564";28;0;0;
"MM7182";0;0;0;
"GHN736PO";0;0;0;
"NT315";99993765;0;0;
"FE064";99995883;6;0;
"FE090";99998821;0;0;
"FE092";99998395;0;0;
"FE107";99999221;0;0;
"ME4611";0;0;0;
"FE109";99996997;0;0;
"ME4613";0;0;0;
"FE110";5947;1;0;
"FE111";336;1;0;
"FS1275";4121;4121;0;
"FE197";9918;0;0;
"ME7479";0;0;0;
"ME7537";30;30;0;
"FE210";99999927;0;0;
"FE212";99998326;1;0;
"MP1180";0;0;0;
"MP1190";0;0;0;
"MP1200";0;0;0;
"MP1220";0;0;0;
"VMX1174RU";0;0;0;
"VMX1175EX";0;0;0;
"VMX1175RU";0;0;0;
"FE256";99999940;0;0;
"FE257";99999936;0;0;
"G576";17256;2;0;
"FS2292";3603;8;0;
"FS3048";386;0;0;
"FS4086";1804;1282;0;
"MH6983";0;0;0;
"FS4087";7509;5919;0;
"FS4233";2804;2525;7;
"GBP479AE";0;0;0;
"MP1240";0;0;0;
"MP1250";0;0;0;
"MP1260";0;0;0;
"MP1270";0;0;0;
"MP1280";0;0;0;
"MP1290";0;0;0;
"MP1300";0;0;0;
"NT443";99999984;0;0;
"NT445";99999985;0;0;
"NT447";99999901;1;0;
"B3035";1005;0;0;
"B3380";2095;0;0;
"G681";43764;0;0;
"G7585";4063;863;0;
"NT193";99999980;0;0;
"NT195";99999969;0;0;
"NT196";99999991;0;0;
"NT734";99999999;0;0;
"EHM1433EX";261;0;0;
"EHM1436AE";0;0;0;
"GFN1867AE";0;0;0;
"GFN1868AE";0;0;0;
"GFN1869AE";0;0;0;
"GFN1872AE";0;0;0;
"NT639";99999900;0;0;
"NT640";99999999;0;0;
"HAT-160-1B-HD-EX";0;0;0;
"NT450";99999985;0;0;
"I1637";4676;0;0;
"I2687";2496;576;0;
"NT454";99999999;0;0;
"I2756";2416;576;0;
"EP4573";0;0;0;
"NT720";99999983;0;0;
"EP4864";0;0;0;
"NT723";99999977;0;0;
"B3381";758;188;0;
"NT737";99999986;0;0;
"EHP1198EX";117;0;0;
"EHP1198GM";0;0;0;
"NT741";99999998;0;0;
"NT742";99999976;0;0;
"NT746";99999987;0;0;
"NT747";9999995;0;0;
"NT748";99999998;0;0;
"MC6550";0;0;0;
"MC6551";0;0;0;
"MC6552";0;0;0;
"MC6553";0;0;0;
"NT641";99999999;0;0;
"NT642";99999981;0;0;
"EMM707EX";0;0;0;
"EMM707PO";4324;0;0;
"EMM707RU";0;0;0;
"EMM707TB";0;0;0;
"EMM716HU";0;0;0;
"NT651";99999989;0;0;
"NT656";99999989;0;0;
"EP6503";14;0;0;
"ETF1860AL";0;0;0;
"ETF1861AL";0;0;0;
"ETF1862AL";0;0;0;
"ETH1853EX";392;150;0;
"FE214";99999932;0;0;
"BXC1891EX";144;0;0;
"BXC1893EX";289;0;0;
"BXC1893GM";1;0;0;
"B4257";801;784;0;
"B4258";18495;784;0;
"B4259";7152;784;0;
"B4653";1752;781;0;
"B4715";832;0;0;
"MC6554";0;0;0;
"MC6555";0;0;0;
"MC6556";0;0;0;
"MC6557";0;0;0;
"MC6558";0;0;0;
"MC6559";10;0;0;
"MC6560";4;0;0;
"MC6562";0;0;0;
"FE258";99999728;0;0;
"FE259";99999989;0;0;
"MH6145";65;0;0;
"FE260";99999487;0;0;
"FE116";99948205;0;0;
"FE118";999910;0;0;
"FS4274";7007;1700;0;
"FE216";99999938;0;0;
"MH2717";0;0;0;
"MP1310";0;0;0;
"MP1320";0;0;0;
"MP1330";0;0;0;
"MP1340";0;0;0;
"MP1350";0;0;0;
"MP1360";0;0;0;
"B4916";9264;0;0;
"B4955";4320;0;0;
"VMX1181EX";0;0;0;
"VMX1181RU";0;0;0;
"BDC1781AL";0;0;0;
"BDC1782AL";0;0;0;
"MH6148";46;0;0;
"FE261";99999995;0;0;
"MH6150";185;0;0;
"MH6151";36;0;0;
"MH6156";5;0;0;
"MH6158";0;0;0;
"MH6159";189;0;0;
"GBP1226PO";0;0;0;
"FS4290";8114;650;0;
"MH7092";0;0;0;
"FS4452";2297;0;0;
"FS4646";2260;1280;0;
"MH7210";10;0;0;
"FS4968";2512;0;0;
"GFN1873AE";0;0;0;
"MP1370";0;0;0;
"MP1380";0;0;0;
"MP1390";0;0;0;
"MP1400";0;0;0;
"I2786";19084;41;0;
"I2823";1104;0;0;
"I2847";21898;1260;0;
"I3047";6870;0;0;
"I3201";3729;0;0;
"XFP0129";0;0;0;
"B3382";192;10;0;
"B3423";550;0;0;
"GBP1802AE";0;0;0;
"GBP1806AE";0;0;0;
"EHP1219EX";40;0;0;
"EHP1219GM";300;0;0;
"EHP1220AE";0;0;0;
"EHP1221AE";0;0;0;
"GFN849AE";0;0;0;
"GHN735AE";0;0;0;
"GHN735EX";0;0;0;
"NT397";99994768;0;0;
"NT766";99999998;0;0;
"I3306";14445;40;0;
"I3397";1723;94;0;
"I3399";2468;0;0;
"NT470";99999999;0;0;
"NT604";99999862;1;0;
"ETH1856AL";0;0;0;
"ETH1883AL";0;0;0;
"ETH1960AE";0;0;0;
"B3483";778;3;0;
"VA3206";197;0;0;
"EHP1222AE";0;0;0;
"NT622";99999973;0;0;
"EHP1222EX";0;0;0;
"EHP1437AE";0;0;0;
"EHP1874GM";2;0;0;
"NT636";99999996;0;0;
"MC6563";0;0;0;
"FBE1089EX";20;0;0;
"FBE1089GM";18;0;0;
"NT767";99999994;0;0;
"NT768";99999986;0;0;
"NT769";99999984;0;0;
"NT770";99999996;0;0;
"EMM716PO";3240;0;0;
"EMM716RU";0;0;0;
"NT774";99999999;0;0;
"NT775";9999986;0;0;
"NT780";99999999;0;0;
"NT781";99999984;0;0;
"ETH1984EX";285;271;0;
"ETH2104EX";0;0;0;
"ETH2104GM";203;0;0;
"ETH2105GM";144;0;0;
"ETH2112EX";3;0;0;
"F1104";14,482;0,237;0;
"NT615";99999473;0;0;
"FE221";99999738;0;0;
"FE233";99999636;0;0;
"MH4714";0;0;0;
"FE2363";87;0;5;
"FE242";99999865;0;0;
"MH4730";0;0;0;
"FE243";199999600;0;0;
"FBE1089HU";0;0;0;
"ME2782";0;0;0;
"MH6242";0;0;0;
"ME4821";0;0;0;
"ME4976";0;0;0;
"ME4978";0;0;0;
"ME5012";0;0;0;
"ME5075";0;0;0;
"ME5551";0;0;0;
"FS5465";800;600;0;
"MH2923";0;0;0;
"FE229";99998798;0;0;
"G2H1940AE";0;0;0;
"NT152";99999810;1;0;
"G2H1941AE";0;0;0;
"G2H1942AE";0;0;0;
"G2H1943AE";0;0;0;
"G2H1985AE";0;0;0;
"G3491";4920;0;0;
"G483";14459;1103;0;
"G574";5570;1496;0;
"NT165";99999553;0;0;
"FE263";99999931;0;0;
"FE264";99999945;1;0;
"FE265";99999202;0;0;
"FE266";99999622;0;0;
"MH6277";0;0;0;
"FE267";99999782;0;0;
"FE268";99999938;0;0;
"GBP1807AE";0;0;0;
"NT317";99999994;0;0;
"FS5566";406;200;0;
"FS5840";3545;2330;0;
"FS5921";1995;0;0;
"FS5922";1868;1868;0;
"FS5923";2850;0;0;
"NT080";99997683;0;0;
"IMMO0101";99999197;2;0;
"NT475";99998997;0;0;
"K3081";3353;282;0;
"K3082";1317;94;0;
"K3089";1166;0;0;
"K3168";1210;0;0;
"K3214";4917;198;0;
"K3285";43278;0;0;
"K3338";280;0;0;
"K3437";16784;9;0;
"K3438";9488;6;0;
"K3439";15485;0;0;
"GBP1808AE";0;0;0;
"EHP1875GM";240;0;0;
"NT707";99999987;0;0;
"NT427";99999999;0;0;
"EMM717PO";0;0;0;
"EMM739HU";0;0;0;
"EMM739PO";0;0;0;
"NT478";99999999;0;0;
"NT479";99999990;0;0;
"NT480";99999999;0;0;
"NT482";99999807;1;0;
"NT483";99999992;0;0;
"NT671";99999999;0;0;
"F1332";393793;17300;0;
"F1572";3,501;2,469;0;
"F1625";0,872;0,023;0;
"F2186";9,354;3,758;0;
"F4530";0;0;0;
"MC5626";0;0;0;
"MC5627";0;0;0;
"MC5628";0;0;0;
"MC5629";20;0;0;
"MC5630";0;0;0;
"F901";17956;2233;0;
"MC5632";0;0;0;
"MC5633";0;0;0;
"MC5634";0;0;0;
"MC5635";0;0;0;
"MC5636";0;0;0;
"MC5637";0;0;0;
"EHT097";0;0;0;
"EHT114";127;0;0;
"EHT780EX";0;0;0;
"NT712";99999985;0;0;
"EHT780GM";0;0;0;
"EHT780HU";0;0;0;
"NT715";9999971;0;0;
"NT717";99999977;0;0;
"FBE1089RU";0;0;0;
"EMM766HU";0;0;0;
"EMM766PO";0;0;0;
"EMM830HU";0;0;0;
"EMM830PO";0;0;0;
"NT593";99999830;0;0;
"EMM916HU";0;0;0;
"EMM972HU";60;0;0;
"ME5556";0;0;0;
"FE122";99999774;0;0;
"FE131";99999773;0;0;
"F2256";18588;0;0;
"F2287";2,733;0,235;0;
"NT681";99999989;0;0;
"NT683";99999998;0;0;
"NT686";99999989;0;0;
"NT688";99999999;0;0;
"FE244";99999914;0;0;
"FE245";99999886;0;0;
"FE250";9999964;0;0;
"FE022";99998923;0;0;
"FE041";99972617;16;0;
"FE270";99999982;0;0;
"FE274";99996579;0;0;
"FE145";8994;0;0;
"FE146";9513;0;0;
"FE147";9956;0;0;
"FE151";99995300;2;0;
"FE152";99999783;1;0;
"FE153";199999912;0;0;
"MP1010";0;0;0;
"MP1050";0;0;0;
"MP1060";0;0;0;
"MH3789";0;0;0;
"NT082";99999115;0;0;
"NT083";99999094;0;0;
"NT084";99997694;0;0;
"NT085";99998755;0;0;
"NT174";99999956;0;0;
"NT175";99999956;0;0;
"NT176";99999957;0;0;
"NT177";99999842;0;0;
"NT689";99999881;0;0;
"FE277";99999905;1;0;
"FE278";99999908;0;0;
"FE279";99999997;0;0;
"FP2359";2734;2722;12;
"FS0700";1900;360;0;
"NT356";0;0;0;
"MP1090";0;0;0;
"MP1100";0;0;0;
"MP1110";0;0;0;
"MP1120";0;0;0;
"MP1130";0;0;0;
"MP1140";0;0;0;
"MP1150";0;0;0;
"MP1160";0;0;0;
"MP1170";0;0;0;
"GHN735PO";0;0;0;
"NT430";99999999;0;0;
"GHN735RU";0;0;0;
"FS5938";2150;2150;0;
"NT091";99999087;0;0;
"FS6049";1560;0;0;
"ZDT1390";0;0;0;
"ZDT1400";0;0;0;
"ZDT1410";0;0;0;
"ZEH1000";0;0;0;
"ZEL1000";0;0;0;
"ZIP-125-EX";0;0;0;
"EHM1276GM";376;0;0;
"EHM1276RU";0;0;0;
"EHM1279RU";0;0;0;
"EHM1280RU";0;0;0;
"EHM1281EX";0;0;0;
"EHM1282EX";440;0;0;
"EHM1282RU";4003;0;0;
"EHM1283EX";56;0;0;
"EHM1305AE";0;0;0;
"EHM1306AE";0;0;0;
"MC5638";0;0;0;
"MC5639";0;0;0;
"GBP1809AE";0;0;0;
"GBP1810AE";0;0;0;
"GBP1811AE";0;0;0;
"GBP1821AE";0;0;0;
"GBP443AE";0;0;0;
"NT368";99999913;0;0;
"NT750";99999999;0;0;
"EHT780PO";0;0;0;
"GHN736EX";0;0;0;
"GHN736RU";0;0;0;
"GHN923EX";0;0;0;
"GRO272AL";0;0;0;
"H3875";1129,884;0;0;
"EMM973HU";0;0;0;
"NT658";99999992;0;0;
"NT660";99999990;0;0;
"NT661";99999987;0;0;
"ZNT1050";0;0;0;
"ZNT1060";0;0;0;
"ZNT1090";0;0;0;
"ZNT1100";0;0;0;
"ZNT1110";0;0;0;
"MC6190";0;0;0;
"MC6191";0;0;0;
"MC6192";0;0;0;
"MC6193";0;0;0;
"MC6194";0;0;0;
"MC6195";0;0;0;
"MC6196";0;0;0;
"MC6198";0;0;0;
"MC6199";0;0;0;
"MC6549";0;0;0;
"MH5014";0;0;0;
"FE255";99999988;0;0;
"MH5086";0;0;0;
"EHT957HU";0;0;0;
"EHT969EX";0;0;0;
"EMF029HU";0;0;0;
"EMF963HU";0;0;0;
"EMF963RU";0;0;0;
"EMM1189PO";7;0;0;
"EMM1484EX";8;0;0;
"EMM705PO";0;0;0;
"NT765";99999995;0;0;
"FE047";99996716;1;0;
"FE058";99998988;0;0;
"EP2360";2860;1361;1;
"NT664";99999987;0;0;
"EP2925";0;0;0;
"EP2926";1;0;0;
"NT669";99999988;0;0;
"FE178";99999905;0;0;
"FE183";99998826;0;0;
"FE184";99999899;0;0;
"ME7208";0;0;0;
"VMX1171EX";0;0;0;
"VMX1171RU";0;0;0;
"VMX1172EX";0;0;0;
"VMX1172RU";0;0;0;
"VMX1173EX";0;0;0;
"VMX1173RU";0;0;0;
"VMX1174EX";0;0;0;
"K5430";1788;0;0;
"PP0022";0;0;0;
"PP0023";0;0;0;
"PP0025";0;0;0;
"PP0026";0;0;0;
"PP0027";0;0;0;
"PP0028";0;0;0;
"PP0029";0;0;0;
"PP0030";0;0;0;
"PP0031";0;0;0;
"OUT514";88888888;0;0;
"PP0088";0;0;0;
"PP0089";0;0;0;
"PP0090";0;0;0;
"PP0091";0;0;0;
"PP0092";0;0;0;
"PP0093";0;0;0;
"PP0094";0;0;0;
"PP0095";0;0;0;
"PP0096";0;0;0;
"PP0097";0;0;0;
"PP0098";0;0;0;
"FS6835";6301;2320;0;
"FS6881";478;478;0;
"G2185";190;0;0;
"G2H1059AE";0;0;0;
"G2H1060AE";0;0;0;
"G2H1064AB";0;0;0;
"G2H1064EX";5;5;0;
"G2H1064RU";0;0;0;
"G2H1065EX";482;5;0;
"NT132";99999752;0;0;
"OUT395";99999999;0;0;
"OUT400";99999979;0;0;
"OUT401";99999979;0;0;
"OUT402";99998676;0;0;
"OUT403";99998676;0;0;
"OUT404";99998676;0;0;
"PG6112-03";99987;0;0;
"PG6112-04";99999;0;0;
"PG6136-01";99999;0;0;
"K7525";113;0;0;
"PP0099";0;0;0;
"PP0100";0;0;0;
"K4355";21937;1;0;
"J2723";443;0;0;
"J442";1918,593;0;0;
"J444";1206;20;0;
"K1352";14521;0;0;
"K1353";5392;12;0;
"K2095";255140;88;0;
"K2352";11600;400;0;
"K2425";2647;94;0;
"K7527";44;0;0;
"PG6538-01";99962;0;0;
"PI0000";0;0;0;
"SAS-100-1200-EX";0;0;0;
"SAS-100-700-EX";0;0;0;
"SAS-125-1200-EX";0;0;0;
"SAS-125-700-EX";0;0;0;
"ME4325";64;0;0;
"ME4520";15;0;0;
"ME4609";0;0;0;
"ME4610";21;0;0;
"K4526";6364;264;0;
"K4699";30,151;2,352;0;
"MH2042";165;0;0;
"MH2365";1744;1289;5;
"OUT281";99999855;0;0;
"MH2918";1080;0;0;
"MH2939";0;0;0;
"MH4295";2393;803;0;
"OUT289";99999999;0;0;
"OUT290";99999993;0;0;
"MC4909";2;0;0;
"MC4910";8;0;0;
"F3160";10018;138;0;
"MC4912";0;0;0;
"F3562";11,215;0,593;0;
"MC4983";0;0;0;
"F3968";4282;162;0;
"MC4985";0;0;0;
"MC4986";0;0;0;
"MC4988";0;0;0;
"MC4989";1;0;0;
"MC4990";4;0;0;
"SAS-160-1200-EX";0;0;0;
"SAS-160-700-EX";0;0;0;
"SAS-200-1200-EX";0;0;0;
"SAS-200-700-EX";0;0;0;
"SAS-250-1200-EX";0;0;0;
"SAS-250-700-EX";0;0;0;
"SAS-315-1200-EX";0;0;0;
"SAS-315-700-EX";0;0;0;
"MC4341";18;0;0;
"NT858";99999984;1;0;
"ME4618";0;0;0;
"ME4796";0;0;0;
"OUT237";99999970;0;0;
"K5464";825;0;0;
"OUT463";99999;0;0;
"K5472";0;0;0;
"K5478";0;0;0;
"K5486";406;0;0;
"K5487";1206;0;0;
"K5488";2979;0;0;
"OUT516";88888830;0;0;
"OUT519";99999990;0;0;
"OUT520";99999967;0;0;
"OUT521";99999760;0;0;
"FE230";99999977;0;0;
"FE232";99997623;1;0;
"MC4905";13;0;0;
"MC4911";13;0;0;
"OUT145";99999825;0;0;
"MC4913";34;0;0;
"OUT170";99999761;0;0;
"MC4984";0;0;0;
"OUT405";99999999;0;0;
"OUT406";99999999;0;0;
"OUT408";99999999;0;0;
"K5491";1752;0;0;
"OUT472";99999;0;0;
"K5492";1239;0;0;
"PP0041";0;0;0;
"PP0042";0;0;0;
"PP0052";0;0;0;
"PP0053";0;0;0;
"K6273";2982;0;0;
"PP0101";0;0;0;
"PP0102";0;0;0;
"PP0103";0;0;0;
"PP0104";0;0;0;
"PP0105";0;0;0;
"PP0107";0;0;0;
"PP0108";0;0;0;
"PP0109";0;0;0;
"PP0110";0;0;0;
"PP0111";0;0;0;
"NT133";99999761;0;0;
"NT134";99999737;0;0;
"G2H1066EX";0;0;0;
"G2H1067EX";0;0;0;
"G2H1070EX";0;0;0;
"G2H1234AE";0;0;0;
"G2H1237AE";0;0;0;
"G2H1238AE";0;0;0;
"G2H1260AE";0;0;0;
"G2H1265AE";0;0;0;
"G2H1870AE";0;0;0;
"G2H1937AE";0;0;0;
"OUT413";99999995;0;0;
"OUT414";99999994;0;0;
"OUT418";99999999;0;0;
"OUT419";99999999;0;0;
"PI0090";0;0;0;
"PP0057";0;0;0;
"PP0059";0;0;0;
"PP0060";0;0;0;
"K4100";501;0;0;
"K4102";1013;100;0;
"K4214";18692;0;0;
"K4221";0;0;0;
"PP0112";0;0;0;
"PP0113";0;0;0;
"K4763";3347;0;0;
"K4773";5366;132;0;
"K4774";2871;58;0;
"K4854";50,55;14,1;0;
"K4884";2927;0;0;
"K4885";2780;0;0;
"K2426";861;94;0;
"NT548";99999967;0;0;
"K2427";2191;188;0;
"K2446";2062;141;0;
"K2447";27800;1200;0;
"K2675";38532;916;0;
"K2677";3565;132;0;
"K2836";1817;94;0;
"K2984";29960;200;0;
"K2992";1045973;28894;18650;
"NT558";99999992;0;0;
"PI0110";0;0;0;
"PI0150";0;0;0;
"PI0160";0;0;0;
"PI0170";0;0;0;
"SBC-250-100-B-EX";0;0;0;
"SBC-250-125-B-EX";0;0;0;
"K3497";2883;0;0;
"SBC-250-160-C-EX";0;0;0;
"SBC-250-200-B-EX";0;0;0;
"SBC-250-200-C-EX";0;0;0;
"ME4810";57;0;0;
"ME6078";0;0;0;
"OUT243";99999999;0;0;
"OUT244";99999828;0;0;
"ME6223";146;0;0;
"OUT247";0;0;0;
"ME6245";8;0;0;
"OUT294";99999999;0;0;
"MH4296";1884;212;1672;
"MH4648";3;0;0;
"MH4710";84;0;0;
"OUT298";99999348;0;0;
"MH4721";1239;0;0;
"MH4722";79;69;0;
"MH4787";0;0;0;
"MH4794";64;0;0;
"MC4991";0;0;0;
"MC4992";0;0;0;
"MC4993";0;0;0;
"MC4995";1;0;0;
"MC4996";0;0;0;
"MC4997";0;0;0;
"MC4998";0;0;0;
"MC4999";21;0;0;
"MC5000";0;0;0;
"MC5001";0;0;0;
"MC5002";0;0;0;
"MC5003";0;0;0;
"SBC-250-250-C-EX";0;0;0;
"K3615";7524;3;0;
"SDC1107RU";0;0;0;
"SDC1108RU";0;0;0;
"SDC1688EX";0;0;0;
"OUT172";99999999;0;0;
"OUT173";99999999;0;0;
"MC4987";0;0;0;
"MC5625";4;0;0;
"MC5631";0;0;0;
"MC6197";5;0;0;
"OUT181";99999830;0;0;
"ME6247";14;0;0;
"K5493";513;44;0;
"K5494";3511;44;0;
"K5545";23,35;0;0;
"K5546";1322;0;0;
"K5632";184;0;0;
"K5750";0;0;0;
"K5752";826;0;0;
"OUT483";99999985;0;0;
"OUT484";99999981;0;0;
"OUT311";99999127;0;0;
"OUT312";99999127;0;0;
"K631";224430;1096;0;
"OUT536";99999998;0;0;
"OUT537";9999999;0;0;
"OUT540";99999927;0;0;
"OUT541";99999942;0;0;
"NT802";9999999;0;0;
"M5438";20;0;20;
"NT808";99999999;0;0;
"NT809";99999999;0;0;
"NT810";99999999;0;0;
"NT811";99999999;0;0;
"NT812";99999999;0;0;
"NT813";99999999;0;0;
"NT814";99999999;0;0;
"M5962";11;0;0;
"NT817";99999953;0;0;
"MH6562";16;0;0;
"OUT182";99999752;0;0;
"OUT183";99999752;0;0;
"OUT184";99999772;0;0;
"OUT185";99999988;0;0;
"MC6561";1;0;0;
"OUT187";99998073;0;0;
"OUT420";99999999;0;0;
"OUT422";99999986;0;0;
"OUT425";99999999;0;0;
"OUT426";99999738;0;0;
"OUT485";99999988;0;0;
"OUT486";99999;0;0;
"OUT487";99999;0;0;
"PP0061";0;0;0;
"PP0063";0;0;0;
"PP0068";0;0;0;
"PP0069";0;0;0;
"PP0071";0;0;0;
"OUT546";99999986;0;0;
"PP0114";0;0;0;
"PP0115";0;0;0;
"PP0116";0;0;0;
"PP0117";0;0;0;
"PP0118";0;0;0;
"PP0119";0;0;0;
"PP0120";0;0;0;
"PP0121";0;0;0;
"PP0122";0;0;0;
"PP0123";0;0;0;
"PP0124";0;0;0;
"MH6830";580;580;0;
"MH6833";15;2;0;
"MH6961";80;64;0;
"OUT369";99999719;0;0;
"OUT370";99999719;0;0;
"OUT371";99999719;0;0;
"MH6962";199;0;1;
"MH6964";825;128;4;
"MH6973";1398;50;0;
"OUT375";99999894;0;0;
"OUT377";99999997;0;0;
"K6766";1415;0;0;
"OUT433";99999999;0;0;
"OUT434";99999999;0;0;
"PI0180";0;0;0;
"PI0190";0;0;0;
"PI0200";0;0;0;
"PI0210";0;0;0;
"PI0220";0;0;0;
"PI0230";0;0;0;
"PI0250";0;0;0;
"PP0072";0;0;0;
"PP0073";0;0;0;
"PP0074";0;0;0;
"PP0125";0;0;0;
"PP0126";0;0;0;
"K6769";102;0;0;
"OUT617";99999996;0;0;
"OUT618";99999996;0;0;
"K6828";1721;0;0;
"K6883";31,96;3,76;0;
"K6999";2480;0;0;
"K7036";0;0;0;
"K7071";0;0;0;
"K7219";170613;1650;0;
"R5306";0;0;0;
"R5307";0;0;0;
"PP0005";0;0;0;
"PP0006";0;0;0;
"PP0007";0;0;0;
"PP0008";0;0;0;
"K3750";4400;0;0;
"K3800";8000;0;0;
"K3949";2318;141;0;
"OUT253";99999999;0;0;
"ME6497";0;0;0;
"ME6525";3285;641;0;
"ME6545";223;0;0;
"ME6787";0;0;0;
"OUT258";99999975;0;0;
"OUT259";99999999;0;0;
"OUT260";99999844;0;0;
"OUT260-2-051006";99999999;0;0;
"OUT262";99999933;0;0;
"MH4827";0;0;0;
"MH4972";336;0;0;
"MH5036";0;0;0;
"OUT317";0;0;0;
"MH5580";176;0;0;
"MH5813";144;144;0;
"OUT324";99999904;1;0;
"R5308";0;0;0;
"K7565";0;0;0;
"K7568";200;0;0;
"K7573";4896;0;0;
"M3687";0;0;0;
"M5963";87;0;0;
"K3995";1141;0;0;
"K4097";2063;0;0;
"OUT189";99999999;0;0;
"OUT191";99999994;0;0;
"MD2534";217;19;0;
"OUT193";99999999;0;0;
"MD2534S";0;0;0;
"ME2752";0;0;0;
"ME7094";68;0;0;
"OUT265";99999999;0;0;
"K5753";1125;0;0;
"OUT491";99999992;0;0;
"K5754";1975;0;0;
"K5755";2311;0;0;
"OUT494";9999998;0;0;
"K5756";4,515;0;0;
"OUT325";99999891;0;0;
"OUT548";99999985;0;0;
"OUT549";99999999;0;0;
"K6427";0;0;0;
"K6434";3206;400;0;
"OUT559";99999999;0;0;
"OUT562";99999949;0;0;
"OUT563";99999974;0;0;
"M6037";817;168;0;
"M6038";98;0;0;
"M6119";46;0;0;
"M6196";28;0;0;
"NT827";99999999;0;0;
"NT831";99999998;0;0;
"MC2611";13;0;0;
"MC2621";228;0;0;
"MC3084";5;0;0;
"MC3283";44;0;0;
"OUT378";99999997;0;0;
"OUT379";99999997;0;0;
"ME2783";0;0;0;
"ME4310";3;1;0;
"OUT200";99999999;0;0;
"OUT204";99999854;0;0;
"K5325";23980;0;11952;
"K5341";9550;330;0;
"OUT439";199999981;0;0;
"OUT440";99999982;0;0;
"OUT441";99999982;0;0;
"OUT499";9999964;0;0;
"PP0076";0;0;0;
"PP0077";0;0;0;
"PP0078";0;0;0;
"PP0079";0;0;0;
"PP0080";0;0;0;
"PP0081";0;0;0;
"PP0082";0;0;0;
"PP0085";0;0;0;
"FS6131";2232;2232;0;
"FS6132";2598;0;0;
"FS6263";4111;0;0;
"FS6267";10672;0;0;
"FS6269";4654;0;0;
"MH6974";77;0;0;
"OUT381";99999947;0;0;
"OUT382";99999992;0;0;
"OUT383";99999999;0;0;
"OUT384";99999999;0;0;
"MH6975";3344;440;0;
"MH6976";6;0;0;
"OUT388";99998124;0;0;
"OUT389";99999997;0;0;
"OUT390";99999999;0;0;
"K7350";79710;546;0;
"OUT630";99999999;0;0;
"OUT442";99999991;0;0;
"K5355";3169;0;0;
"OUT444";9999864;0;0;
"K5364";13947;0;0;
"OUT447";99999999;0;0;
"PP0009";0;0;0;
"PP0010";0;0;0;
"PP0011";0;0;0;
"PP0012";0;0;0;
"PP0013";0;0;0;
"PP0014";0;0;0;
"PP0015";0;0;0;
"PP0016";0;0;0;
"PP0086";0;0;0;
"PP0087";0;0;0;
"K4223";8088;752;0;
"K4280";931;0;0;
"FS6832";5569;0;0;
"IMMO1350";99996777;2;0;
"IMMO1666";99998926;0;0;
"K7412";35;0;0;
"OUT633";99999999;0;0;
"K7446";125;0;0;
"K7490";8;0;0;
"OUT640";99999999984;1;0;
"K7491";4,587;1,96;0;
"PG6112-01";99999;0;0;
"K7516";0;0;0;
"PP0017";0;0;0;
"PP0018";0;0;0;
"PP0019";0;0;0;
"PP0020";0;0;0;
"PP0021";0;0;0;
"ME7112";177;0;0;
"ME7278";0;0;0;
"MH0705";1274;0;0;
"MH0706";654;576;0;
"OUT274";99999985;0;0;
"J2644";9818;59;0;
"MC4342";117;0;0;
"MC4343";0;0;0;
"MC4344";10;0;0;
"MC4563";0;0;0;
"MC4564";2;0;0;
"MC4565";0;0;0;
"MC4566";0;0;0;
"MC4567";9;0;0;
"MC4904";2;0;0;
"MC4906";26;0;0;
"MC4907";3;0;0;
"S05752";0;0;0;
"S09037";0;0;0;
"S11104AL";0;0;0;
"MC3317";14;0;0;
"MC4009";15;0;0;
"MC4012";12;0;0;
"OUT208";99999999;0;0;
"ME4311";186;0;0;
"ME4312";76;76;0;
"ME4313";339;0;0;
"OUT278";99999913;0;0;
"K5926";0;0;0;
"OUT506";99999921;0;0;
"OUT508";99999999;0;0;
"OUT509";99999941;0;0;
"OUT510";99999941;0;0;
"MC4908";13;0;0;
"MC4015";22;0;0;
"MC4022";1;0;0;
"NT842";99999994;0;0;
"MC4023";22;0;0;
"MC4337";53;0;1;
"MC4339";13;0;0;
"NT853";99997;1;0;
"NT855";99999935;0;0;
"NT856";9999991;0;0;
"OUT391";99999875;1;0;
"OUT392";99999999;0;0;
"OUT393";99999999;0;0;
"OUT394";99999999;0;0;
"OUT216";99999957;0;0;
"OUT219";99999553;0;0;
"OUT220";99999999;0;0;
"OUT222";99997471;0;0;
"OUT448";99999999;0;0;
"OUT449";99999999;0;0;
"OUT450";99999999;0;0;
"OUT451";99999999;0;0;
"OUT452";99999999;0;0;
"OUT453";99999981;0;0;
"OUT454";99999910;0;0;
"K5367";0;0;0;
"K5408";10423;0;0;
"A7181";0;0;0;
"TF5675";99999999;0;0;
"TF5701";99999914;0;0;
"TF5709";99999970;0;0;
"TF5710";1099999974;0;0;
"A7190";1225;0;0;
"TF5774";9999429;0;0;
"TF5815";99998594;0;0;
"TF5821";99999985;0;0;
"U1632";27;0;0;
"A7352E02";2152;0;0;
"A7355E01";10606;2517;0;
"A7362C11";19584;1152;0;
"A7362E08";0;0;0;
"A7362F09";1706;0;0;
"TF6416";99999995;0;0;
"A7362G12";6948;0;0;
"A4949";7810;0;0;
"A4951";2340;0;0;
"U5243";0;0;0;
"A4952";1052;0;0;
"XFP0007";14;0;0;
"XFP0009";17;0;0;
"XFP0010";0;0;0;
"XFP0011";9;0;0;
"XFP0014";1;0;0;
"XFP0016";0;0;0;
"XFP0021";400;0;0;
"XFP0022";0;0;0;
"XFP0027";8;0;0;
"TF4900";99999599;0;0;
"TF4926";99999979;0;0;
"U5425";115;3;0;
"A4582Q";842;64;0;
"U5429";0;0;0;
"A4582R";459;40;0;
"A4582S";836;64;0;
"A4582U";2513;0;0;
"A4682H01";2954;0;0;
"A4683E01";2354;30;0;
"A4683E02";473;0;0;
"U2757";0;0;0;
"A4684";4500;0;0;
"U3243-01";349;0;0;
"U3243-02";277;56;0;
"U3243-03";580;0;0;
"A4687";557;120;0;
"A4953";529;44;0;
"STOCK_INFOR";0;0;0;
"STOCK_LAB";4;0;0;
"STOCK_MARK";1;0;0;
"STOCK_PROD";13;0;0;
"STOCK_PRODUIT";13;0;0;
"STOCK_RH";3;0;0;
"XFP0029";10;0;0;
"XFP0031";18;0;0;
"XFP0034";30;0;0;
"U5428";788;0;0;
"U5457";56;0;0;
"U5458";184;0;0;
"U5460";0;0;0;
"U5476";203;0;0;
"U5748";164;0;0;
"A4582W";1312;0;0;
"A5655";130;4;0;
"A5669";3725;2800;0;
"SE5190";0;0;0;
"SE5191";2;0;0;
"SE5192";0;0;0;
"A5684";197;0;100;
"SE5368";0;0;0;
"SE6963";6;0;0;
"A5723L01";22150;0;0;
"SE6967";0;0;0;
"A5724B01";835;0;0;
"A5724E01";11332;0;0;
"A5724E02";4745;280;0;
"A5724Z01";1281;0;0;
"A5725C01";456;448;0;
"A5725H01";944;0;0;
"A5725U01";6322;0;0;
"A5725W01";1228;0;0;
"U5759";178;0;0;
"U5766";305;0;0;
"U5838";313;0;7;
"XFP0036";4;0;0;
"XFP0038";1;0;0;
"XFP0039";2;0;0;
"XFP0041";12;0;0;
"XFP0055";6;0;0;
"XFP0059";950;0;0;
"XFP0062";64;0;0;
"XFP0063";2;0;0;
"SE5369";0;0;0;
"SE5543";0;0;0;
"TB3215";29;0;0;
"TB3586";0;0;0;
"TB5400";0;0;0;
"TB5401";0;0;0;
"TE4760";0;0;0;
"A6806E01";7134;930;0;
"A6806E02";3152;529;0;
"A6806U03";2808;56;0;
"TE4849";0;0;0;
"TE5011";0;0;0;
"TE5091";0;0;0;
"TF5823";99999999;0;0;
"TE7209";0;0;0;
"TE7478";0;0;0;
"TF6464";99995764;0;0;
"A7362H02";14512;590;0;
"TF6500";99999999;0;0;
"TF6501";99999970;0;0;
"A7362J07";0;0;0;
"A7362K01";24817;768;0;
"XFP0066";10;0;0;
"XFP0067";7;0;0;
"U6013";73;0;0;
"U6361";1006;0;0;
"U6364";716;0;0;
"TF4927";99999979;0;0;
"TF5015";99999941;0;0;
"TF5055";99999997;0;0;
"TF5066";99999250;0;0;
"TF5093";99999973;0;0;
"TF5313";99999967;0;0;
"TF5953";99999914;0;0;
"TF5954";99999770;0;0;
"TF5998";99987006;0;0;
"TF6014";99999985;0;0;
"TF6059";99999967;0;0;
"U5933";5165;360;0;
"A4688";2147;120;0;
"TF6574";99999959;0;0;
"A7362L10";77200;1152;0;
"A7362P05";0;0;0;
"TF6583";99999942;0;0;
"TF6639";99999720;0;0;
"A7362V06";0;0;0;
"A4954";505;44;0;
"A4958";2416;600;0;
"A5013E";382;0;0;
"A5365";46;0;0;
"TPXXXX";0;0;0;
"U6412";110;0;0;
"XFP0072";1;0;0;
"XFP0074";0;0;0;
"XFP0076";7;0;0;
"XFP0077";20;0;0;
"XFP0078";3;0;0;
"XFP0081";1;0;0;
"XFP0082";2;0;0;
"XFP0083";2;0;0;
"XFP0084";2;0;0;
"A4601";510;0;0;
"TU6671";40;0;0;
"A4659";137;58;0;
"TV3888";0;0;0;
"A4660";1505;90;0;
"A4689";378;0;0;
"A4690C02";913;0;0;
"A4690E01";1337;0;0;
"A5725M01";430;0;0;
"TU3112";0;0;0;
"A5726";24635;0;0;
"T2A881AE";0;0;0;
"T2A882AE";0;0;0;
"XFP0085";1;0;0;
"XFP0086";2;0;0;
"XFP0087";0;0;0;
"U6452";468;0;0;
"U6662";60;0;0;
"U6663";181;0;0;
"U6664";95;0;0;
"U6665";145;0;0;
"U6667";305;0;0;
"U6668";148;0;0;
"SE5544";0;0;0;
"SE5812";59;0;0;
"SE5825";0;0;0;
"SE5847";0;0;0;
"A5707";574;0;0;
"A5711";540;66;0;
"SE7294";3;0;0;
"A5725Q01";687;0;0;
"A5725R01";457;0;0;
"SIA-12-18-EX";0;0;0;
"SIA-12-27-EX";0;0;0;
"TE5819";0;0;0;
"TE6008";0;0;0;
"TA1231";0;0;0;
"TE7538";31;20;0;
"TE7540";1;1;0;
"U6721";0;0;0;
"XFP0096";1;0;0;
"XFP0097";1;0;0;
"XFP0098";1;0;0;
"XFP0099";1;0;0;
"XFP0123";6;0;0;
"XFP0124";17;0;0;
"XFP0125";1;0;0;
"XFP0131";4000;0;0;
"XFP0134";3;0;0;
"A5717";5135;3477;0;
"TF6089";99999966;0;0;
"A7250E01";346;92;0;
"A7250E03";385;8;0;
"TF6197";99999981;0;0;
"TF6203";99999931;0;0;
"TF6741";99999923;0;0;
"A7362W03";925;0;0;
"TF6746";99999991;0;0;
"A7363";28218;3200;0;
"A7364";68575;3200;30000;
"TF6775";99999999;0;0;
"TF6789";99999990;0;0;
"TF6790";99999947;0;0;
"TF4284";9998870;0;0;
"TF4292";9999456;5;0;
"TF4304";9999927;0;0;
"TF4496";99987070;0;0;
"A7399";0;417;0;
"A7401";13568;1995;0;
"A7402";10242;3041;0;
"TF5409";99994178;0;0;
"TF5413";99999914;0;0;
"TF5414";99999923;0;0;
"TF5415";99999914;0;0;
"TF5416";99999951;0;0;
"TF5417";99999914;0;0;
"TF5418";99999914;0;0;
"TF5419";99999914;0;0;
"TF5420";99999914;0;0;
"TF5447";0;0;0;
"TF5461";9999919;0;0;
"TF6210";109999877;0;0;
"TF6214";199999990;0;0;
"TF6215";99999992;0;0;
"TF6221";99999973;0;0;
"TF6225";99999982;0;0;
"TF6254";99999948;0;0;
"A4691C02";1559;30;0;
"A4691H04";256;0;0;
"A4691W05";610;0;0;
"A7369";9145;1995;0;
"TF6997";99999799;0;0;
"A7370";7532;788;0;
"A7374";16446;1995;0;
"U4513";0;0;0;
"U4514";0;0;0;
"U4515";0;0;0;
"U4521";0;0;0;
"U4522";0;0;0;
"A5448";600;0;0;
"U4552";0;0;0;
"A5451";8572;24;0;
"U4641";0;0;0;
"A7403";11523;1152;0;
"TJ0479";0;0;0;
"A7421";7085;273;0;
"A7468";357;0;0;
"A7469-01";106;0;0;
"SE5001";0;0;0;
"A4661";2500;0;0;
"A4662";249;44;0;
"U5016";144;0;0;
"A4663";1772;44;0;
"A4667";1583;90;0;
"A4707";541;44;0;
"A4943";3324;0;0;
"A4944";3057;0;0;
"TP6783";17;0;0;
"A4946";3667;600;0;
"TP7155";413;0;0;
"SIA-12-36-EX";0;0;0;
"SIA-12-45-EX";0;0;0;
"SIA-12-9-EX";0;0;0;
"SIO-95-4-EX";0;0;0;
"SIO-95-48-EX";0;0;0;
"SIO-95-8-EX";0;0;0;
"A5452";47654;8370;0;
"A5495";81101;7430;64512;
"A5729E01";2048;0;0;
"A5729E02";3588;0;0;
"SE5021";0;0;0;
"TA6207";0;0;0;
"A6565W";864;0;0;
"SE6015";71;0;0;
"A5718";4472;728;0;
"A5719G03";3384;0;0;
"SE6452";0;0;0;
"A5719J04";3142;0;0;
"SIO-95-96-EX";0;0;0;
"A6806U04";1367;28;0;
"A6809C04";6295;0;0;
"A6809H02";5601;0;0;
"TA2840";0;0;0;
"A6814H01";3958;43;0;
"TF2254";99984887;0;0;
"TF2318";99999893;0;0;
"TF2408";99999984;0;0;
"TF2462";99929362;0;0;
"TF2603";99978352;0;0;
"A6823";120;0;0;
"A6712B02";20;0;0;
"A6712C02";419;0;0;
"A7101E02";7657;3527;0;
"A7101E04";830;144;0;
"TF4547";99999749;0;0;
"A6712Z02";264;0;0;
"A6799E01";2818;360;6;
"A6799E02";273;1;2;
"A680";4198;274;0;
"A6800E01";1050;361;0;
"TDA869AL";0;0;0;
"A6801";6580;0;0;
"A6804";5035;316;0;
"TDA873RU";0;0;0;
"A6809K03";5115;0;0;
"A6809L01";5271;582;0;
"A6810";7577;2320;0;
"A6811";6254;2320;0;
"A7250E04";0;0;0;
"A7302";1000;0;0;
"TF6303";99998934;0;0;
"A7323";363;92;0;
"TF6346";999999816;0;0;
"TF3256";99995971;0;0;
"A6824-02";21;0;0;
"ZNT1120";0;0;0;
"ZNT1130";0;0;0;
"ZNT1140";0;0;0;
"ZNT1150";0;0;0;
"ZNT1160";0;0;0;
"ZNT1170";0;0;0;
"ZNT1180";0;0;0;
"ZNT1190";0;0;0;
"ZNT1200";0;0;0;
"A7135";460;5;0;
"A7136E01";817;0;0;
"TF4615";99993153;0;0;
"TF4670";99993819;0;0;
"TF4724";99999936;0;0;
"TJ7474";0;0;0;
"A7136E02";723;5;0;
"TF5559";99999889;0;0;
"A7143E01";463;0;0;
"TF5591";99998891;0;0;
"TF5595";99999995;0;0;
"TF5596";99999903;0;0;
"A7143E02";791;0;0;
"TF5602";0;0;0;
"TF6359";99999973;0;0;
"TF6360";99999943;0;0;
"A7324";744;0;0;
"TF6372";99999947;0;0;
"A7347";1897;273;2;
"A4947";7872;600;0;
"A4948";4791;0;0;
"U4501";0;0;0;
"U4502";0;0;0;
"U4503";0;0;0;
"ZNT1220";0;0;0;
"ZNT1250";0;0;0;
"ZNT1260";0;0;0;
"ZNT1270";0;0;0;
"ZNT1280";0;0;0;
"ZNT1290";0;0;0;
"ZNT1300";0;0;0;
"ZNT1310";0;0;0;
"ZNT1330";0;0;0;
"ZNT1340";0;0;0;
"ZNT1350";0;0;0;
"TK6733";0;0;0;
"TK7074";0;0;0;
"SE5029";0;0;0;
"SE5030";0;0;0;
"A4679E02";1960;0;0;
"A4680C01";1561;0;0;
"A4680C02";2380;0;0;
"U5783";0;0;0;
"A4681";2570;0;0;
"A4682C02";44;0;0;
"A4682E03";2801;0;0;
"U5932";0;0;0;
"U4504";0;0;0;
"U4505";0;0;0;
"U4506";0;0;0;
"U4507";0;0;0;
"U4508";0;0;0;
"U4509";0;0;0;
"U4510";0;0;0;
"ZNT1360";0;0;0;
"ZNT1370";0;0;0;
"ZNT1380";0;0;0;
"ZNT1390";0;0;0;
"ZNT1400";0;0;0;
"ZNT1410";0;0;0;
"VTZ1877EX";0;0;0;
"VTZ1878CH";0;0;0;
"VTZ2085CH";0;0;0;
"A5651W";198;0;0;
"A5652";8245;2160;0;
"A5654";2138;864;0;
"A6712E02";4245;520;0;
"TA6577";0;0;0;
"A6712H02";687;48;0;
"A6712M02";425;0;0;
"A6712N02";460;0;0;
"A6712Q02";208;0;0;
"A5719L01";14418;3477;0;
"A5720";31254;3175;0;
"A5721";22204;2675;0;
"A5722";45413;2675;0;
"STOCK_ACH";19;0;0;
"STOCK_ADV";8;0;0;
"STOCK_AQ";14;0;0;
"STOCK_BATIMENT";4;0;0;
"STOCK_CF";90;0;0;
"STOCK_COMPT";6;0;0;
"STOCK_INDUS";7;0;0;
"A6812";6086;2320;0;
"A6813";4820;2;0;
"VTZ2086CH";0;0;0;
"VTZ2087CH";0;0;0;
"VTZ2088CH";0;0;0;
"VTZ2089CH";0;0;0;
"VTZ2090CH";0;0;0;
"VTZ2121EX";0;0;0;
"VTZ2122EX";0;0;0;
"VTZ2123EX";0;0;0;
"VTZ2124EX";0;0;0;
"XFP0001";9;0;0;
"XFP0002";30;0;0;
"XFP0003";50;0;0;
"A6712S02";39;0;0;
"A6712W02";303;0;0;
"TDA874PO";0;0;0;
"TDA874RU";0;0;0;
"TDF875AL";0;0;0;
"TDF875RU";0;0;0;
"TF5621";99999023;0;0;
"TE6563";0;0;0;
"A7352E01";18369;1152;0;
"TF6400";99999965;0;0;
"TF6401";99999956;0;0;
"TF6406";99999999;0;0;
"XFP0004";20;0;0;
"XFP0005";35;0;0;
"XFP0006";12;0;0;
"U3669";10,562;0;0;
"U3978-01";719;141;0;
"U3978-02";76;0;0;
"U4551";0;0;0;
"U4619";180;0;0;
"U4764";1024;0;0;
"U4765";1153;0;0;
"U4766";1524;0;0;
"U4767";666;0;0;
"AVE2171EX";0;0;0;
"AVE359JA";0;0;0;
"AVE391EX";6;0;0;
"AVE490EX";0;0;0;
"AVE491AE";0;0;0;
"B1338";2845;0;0;
"B1713";6118;1289;0;
"XFP0216";5;0;0;
"YY-MATCONTROLE";0;0;0;
"YY-ORDIPC";0;0;0;
"ZCS1000";0;0;0;
"ZDT1010";0;0;0;
"ZDT1050";0;0;0;
"ZDT1060";0;0;0;
"ZDT1090";0;0;0;
"ZDT1100";0;0;0;
"TF7167";99999410;0;0;
"TF7212";9830;0;0;
"TF7213";99999999;0;0;
"TF7215";99999999;0;0;
"A7375J02";349;349;0;
"TF7291";99999997;0;0;
"TF7292";99999997;0;0;
"TF7293";99999994;0;0;
"A7375K04";8851;399;0;
"A7375L08";47720;2474;38400;
"A5635YRAL7015";0;0;0;
"A5635YRAL7021";0;0;0;
"XFP0154";4;0;0;
"XFP0155";12;0;0;
"BDS1519AL";0;0;0;
"XFP0157";6;0;0;
"BDS1520AL";0;0;0;
"BDS1521AL";0;0;0;
"BDS1522AL";0;0;0;
"XFP0165";8;0;0;
"BDS1776AL";96;0;0;
"U7333";0;0;0;
"U7335";0;0;0;
"U7336";0;0;0;
"BDS1777AL";0;0;0;
"BDS1780AL";0;0;0;
"BDS1812AL";0;0;0;
"BDS1813AL";0;0;0;
"BDS1814AL";0;0;0;
"BDS1815AL";0;0;0;
"U7503";0;0;0;
"BFX1932GM";0;0;0;
"BFX369EX";0;0;0;
"BFX369RU";0;0;0;
"BXC1112GM";0;0;0;
"V5356-01";315;0;0;
"BXC1113GM";0;0;0;
"A5646";10296;2330;330;
"A5647H01";11624;888;0;
"SE4741";0;0;0;
"SE4753";18;0;0;
"A5647L02";7823;0;0;
"A5648";2030;888;0;
"A5649";7805;2160;0;
"A5650E01";8050;2160;0;
"U6850";0;0;0;
"U6851";0;0;0;
"U6852";0;0;0;
"U6853";0;0;0;
"B3884";727;94;0;
"B3F1042AL";0;0;0;
"VBP335RU";0;0;0;
"B3F1199AL";2;0;2;
"B3F2161AL";0;0;0;
"XFP0079";458;0;0;
"TA5074";0;0;0;
"B7256";0;0;0;
"B7379";23150;1536;0;
"XFP0032";0;0;0;
"B7555";215;66;0;
"XFP0035";100;0;0;
"B7564";0;0;0;
"XFP0037";11;0;0;
"BDC1486AL";294;0;0;
"BDC1488AL";0;0;0;
"XFP0080";2;0;0;
"BDC1506AL";0;0;0;
"BDC1508AL";0;0;0;
"BDC1509AL";0;0;0;
"BDC1510AL";0;0;0;
"BDC1512AL";0;0;0;
"BDC1513AL";0;0;0;
"BDC1692AL";108;0;0;
"ZDT1110";0;0;0;
"TF3878";9995956;0;0;
"TF3924";9998070;0;0;
"TF3970";9999999;0;0;
"TF4198";9999453;5;0;
"TF4225";0;0;0;
"A7382";40373;3144;28420;
"TF7549";0;0;0;
"B4956";540;0;0;
"B4957";3802;0;0;
"B5496";7887;7430;450;
"B5563";1007;0;0;
"B5658";1808;1731;0;
"B2040";6916;488;0;
"XFP0219";9;0;0;
"B2125";18;6;0;
"B2142";4622;1289;0;
"B2290";4963,587;188;0;
"XFP0223";0;0;0;
"B2598";993;0;0;
"XFP0225";1;0;0;
"B2726";3060;0;0;
"XFP0228";1;0;0;
"XFP0229";10;0;0;
"ZDT1120";0;0;0;
"ZDT1130";0;0;0;
"ZDT1140";0;0;0;
"ZDT1150";0;0;0;
"ZDT1160";0;0;0;
"ZDT1170";0;0;0;
"ZDT1180";0;0;0;
"ZDT1190";0;0;0;
"ZDT1200";0;0;0;
"ZDT1220";0;0;0;
"ZDT1250";0;0;0;
"A7383";25377;3144;0;
"A7386";38879;3144;0;
"A7387";87412;6288;0;
"A7398E01";0;0;0;
"A7398E02";0;0;0;
"A7375P07";3191;0;0;
"A7398E03";0;0;0;
"A5650E02";6662;0;5760;
"BDS1523AL";0;0;0;
"BDS1525AL";0;0;0;
"BDS1527AL";0;0;0;
"U7511";0;0;0;
"U7553";0;0;0;
"V1310";0;0;0;
"BDS1816AL";0;0;0;
"BDS1817AL";0;0;0;
"VCR-31-HD-EX";0;0;0;
"BXC1717GM";0;0;0;
"BXC1718GM";0;0;0;
"BXC1719GM";0;0;0;
"BXC1722GM";0;0;0;
"V5S1130EX";0;0;0;
"BXC1791EX";0;0;0;
"V5S1131AB";0;0;0;
"BXC1792EX";0;0;0;
"V5S1131RU";0;0;0;
"U6884";0;0;0;
"U6885";0;0;0;
"BXC1898EX";96;96;0;
"VCR-31-MD-EX";0;0;0;
"VCR-32-HD-EX";0;0;0;
"VCR-32-MD-EX";0;0;0;
"VCR-33-HD-EX";0;0;0;
"VCR-33-MD-EX";0;0;0;
"VCR-34-HD-EX";0;0;0;
"VCR-34-MD-EX";0;0;0;
"BDC1489AL";0;0;0;
"TA5604";0;0;0;
"A6565E";3809;0;0;
"TA5846";0;0;0;
"TA5955";0;0;0;
"A6565N";1692;0;0;
"A6977";1386;168;0;
"A7101E01";1871;1;0;
"BXC1899EX";0;0;0;
"BXC1900EX";101;72;0;
"VB21827AE";1;0;1;
"B5659";2271;864;0;
"XFP0043";5;0;0;
"BDC1490AL";0;0;0;
"B2F1079";0;0;0;
"BDC1693AL";0;0;0;
"BDC1694AL";0;0;0;
"BDC1695AL";211;0;0;
"XFP0100";1;0;0;
"XFP0101";1;0;0;
"XFP0102";0;0;0;
"ZDT1260";0;0;0;
"VA3815";0;0;0;
"VMX1182EX";0;0;0;
"VMX1182RU";0;0;0;
"VMX1949EX";0;0;0;
"VMX1949RU";0;0;0;
"B5804";2236;2;0;
"VTZ2125EX";0;0;0;
"VTZ2126EX";0;0;0;
"VTZ2137EX";0;0;0;
"WP-120-EX";0;0;0;
"WP-130-EX";0;0;0;
"B6187";4321;440;0;
"XFP0231";4;0;0;
"XFP0232";0;0;0;
"XFP0233";8;0;0;
"B2F1246";0;0;0;
"XFP0235";22;0;0;
"B3017";1908;0;0;
"XFP0238";7;0;0;
"XFP0239";10;0;0;
"ZDT1270";0;0;0;
"ZDT1280";0;0;0;
"ZDT1290";0;0;0;
"ZDT1300";0;0;0;
"ZDT1310";0;0;0;
"ZDT1330";0;0;0;
"ZDT1340";0;0;0;
"ZDT1350";0;0;0;
"ZDT1360";0;0;0;
"ZDT1370";0;0;0;
"ZDT1380";0;0;0;
"BDC1783AL";0;0;0;
"BDC1837AL";0;0;0;
"BDS1132AL";0;0;0;
"BDS1203AL";0;0;0;
"BDS1485AL";25;0;0;
"XFP0181";0;0;0;
"AVE1997EX";0;0;0;
"AVE2020EX";0;0;0;
"AVE2023EX";0;0;0;
"XFP0186";0;0;0;
"AVE2024EX";0;0;0;
"AVE2025EX";0;0;0;
"AVE2026EX";0;0;0;
"XFP0190";1;0;0;
"XFP0192";1;0;0;
"BDS1838AL";0;0;0;
"V2A032AB";0;0;0;
"BDS456AL";72;0;0;
"BDS458AL";0;0;0;
"BE3894";891;0;0;
"BFE2009GM";0;0;0;
"BFE2063GM";0;0;0;
"BFE2068GM";0;0;0;
"BXC1794EX";0;0;0;
"BXC1876EX";0;0;0;
"BXC1890EX";6;0;0;
"BXC1890GM";242;0;0;
"XFP0140";1;0;0;
"BDS1514AL";0;0;0;
"BDS1528AL";0;0;0;
"U6584";0;0;0;
"U6585";0;0;0;
"BDS1530AL";0;0;0;
"U6659";18;0;0;
"BDS1531AL";0;0;0;
"BDS1533AL";0;0;0;
"U6928";0;0;0;
"U6936";0;0;0;
"U6937";0;0;0;
"U6938";0;0;0;
"B3527";54208;2520;0;
"VMX1170EX";0;0;0;
"A692";2907;0;0;
"BDS1534AL";0;0;0;
"BDS1536AL";0;0;0;
"VA4575";47;0;0;
"VA4632";0;0;0;
"VA4635";0;0;0;
"B3528";2275;0;0;
"VB21993AB";0;0;0;
"B3610";4526;262;0;
"VB21993EX";0;0;0;
"B3611";1303;1;0;
"VB21998AB";0;0;0;
"VB21998EX";0;0;0;
"BDC1492AL";0;0;0;
"BDC1493AL";0;0;0;
"XFP0060";66;0;0;
"BDC1494AL";0;0;0;
"BDC1496AL";0;0;0;
"XFP0064";3;0;0;
"XFP0065";10;0;0;
"YY-AGENCEMENT";0;0;0;
"A6930E01";1239;0;0;
"TF3443";99999092;0;0;
"A6932";2501;0;0;
"TF3505";99999946;0;0;
"TF7026";99999999;0;0;
"TF7027";99999999;0;0;
"VTR-71-HD-EX";0;0;0;
"VTR-72-HD-EX";0;0;0;
"XFP0008";16;0;0;
"B6666";139;0;0;
"B6793";2766;557;0;
"B6794";1;1;0;
"YY-BATTERIES";0;0;0;
"YY-EMBALLAGES";0;0;0;
"YY-FORMATION";0;0;0;
"YY-FOURNBUREAU";0;0;0;
"YY-FOURNHYGIENES";0;0;0;
"YY-FOURNIMPRIMANTE3D";0;0;0;
"YY-FOURNITITDIVERSES";0;0;0;
"YY-FOURNSECU";0;0;0;
"BFX1092GM";625;0;0;
"TF7076";99999999;0;0;
"TF7123";99999985;0;0;
"A7375F06";594;0;0;
"TF7129";99999999;0;0;
"TF7139";99999865;0;0;
"A7375G05";4236;0;0;
"TF7149";99999989;0;0;
"TF7150";99999992;0;0;
"TF7151";99999992;0;0;
"BDS1515AL";0;0;0;
"BDS1516AL";0;0;0;
"BDS1517AL";0;0;0;
"XFP0147";16;0;0;
"XFP0148";15;0;0;
"XFP0149";17;0;0;
"XFP0150";11;0;0;
"XFP0151";0;0;0;
"BDS1518AL";0;0;0;
"AVE2027EX";0;0;0;
"AVE2029EX";0;0;0;
"AVE209AE";0;0;0;
"AVE2103EX";0;0;0;
"AVE2127EX";0;0;0;
"AVE2128EX";0;0;0;
"AVE2129EX";0;0;0;
"AVE2130EX";0;0;0;
"AVE2158EX";0;0;0;
"AVE2159EX";0;0;0;
"AVE2160EX";0;0;0;
"BFX1114GM";0;0;0;
"BFX1929EX";0;0;0;
"BFX1929RU";5;0;0;
"BFX1930EX";0;0;0;
"BFX1931GM";384;0;0;
"SE4523";0;0;0;
"A5528";5463;1;0;
"SE4597";9;0;0;
"A5631";58;0;0;
"A5634";2386;0;0;
"A5635";6130;4455;0;
"TA3239";200;200;0;
"XFP0153";0;0;0;
"BDS1537AL";0;0;0;
"BDS1538AL";0;0;0;
"U6681";0;0;0;
"U6684";0;0;0;
"BDS1539AL";0;0;0;
"U6770";0;0;0;
"BDS1541AL";0;0;0;
"BDS1542AL";0;0;0;
"U7088";0;0;0;
"U7089";0;0;0;
"U7090";0;0;0;
"U7091";0;0;0;
"U7092";0;0;0;
"BDS1543AL";29;0;0;
"U7237";0;0;0;
"BDS1775AL";0;0;0;
"B3F408AL";0;0;0;
"B3F409AL";0;0;0;
"B3F413AL";0;0;0;
"B3F414AL";0;0;0;
"B4123";14531;4286;0;
"VCZ2096EX";0;0;0;
"B4193";5185;0;0;
"B4195";3542;5;0;
"B4224";2102;376;0;
"B4256";11633;784;0;
"BDC1497AL";0;0;0;
"TA3512";0;0;0;
"A6565B";1961;0;0;
"A6968E01";2208;0;0;
"A6968U03";860;280;0;
"VAM090SC";0;0;0;
"VAM767AB";0;0;0;
"BXC1900GM";288;0;0;
"BXC1900RU";9;0;0;
"BXC1901EX";48;0;0;
"BXC1901GM";0;0;0;
"BXC1902EX";0;0;0;
"BXC1902GM";0;0;0;
"B3612";1049;1;18;
"B3651";2690;0;0;
"B3717";0;0;0;
"B3849";1722;46;0;
"B3882";561;94;0;
"VBP043EX";7;0;0;
"BDC1498AL";0;0;0;
"XFP0071";0;0;0;
"BDC1500AL";0;0;0;
"BDC1501AL";0;0;0;
"BDC1502AL";0;0;0;
"BDC1504AL";0;0;0;
"BDC1505AL";0;0;0;
"YY-LOGICIEL/LICENCE";0;0;0;
"A6968U05";572;0;0;
"A6968U06";500;0;0;
"A6969E01";2998;465;0;
"A6969U03";1960;28;0;
"TF3873";9995956;0;0;
"TF7152";99999994;0;0;
"XFP0015";2;0;0;
"B6796";4019;0;0;
"XFP0017";4;0;0;
"XFP0018";4;0;0;
"XFP0019";4;0;0;
"XFP0020";0;0;0;
"B6966";233;0;0;
"B7198";0;0;0;
"OUT663";999916;0;0;
"MH7674";0;0;0;
"MH7675";0;0;0;
"MH7676";0;0;0;
"MH7677";0;0;0;
"MH7678";0;0;0;
"MH7680";1074;0;41;
"MH7681";546;384;15;
"MH7682";0;0;0;
"MH7683";0;0;0;
"BDC2209AL";0;0;0;
"E7717";91664;3662;0;
"11016963";491;0;0;
"11016961";51;0;0;
"11016960";91;0;0;
"11016953";383;4;0;
"11016934";1125;0;0;
"11016927";442;0;0;
"11016925";352;2;0;
"11016881";6190;106;0;
"11016792";3662;2334;0;
"11016791";2662;2334;0;
"11016788";2489;104;0;
"DP2317";0;0;0;
"7703ZLT";0;0;0;
"11019154";0;0;0;
"11019153";0;0;0;
"11019150";0;0;0;
"11019152";0;0;0;
"11019151";0;0;0;
"11019149";0;0;0;
"11019147";20;0;0;
"11019146";1;0;0;
"11019143";0;0;0;
"11019145";0;0;0;
"11019141";0;0;0;
"K7639";3556;4;0;
"11016245";0;0;0;
"11016243";0;0;0;
"11016239";0;0;0;
"11019011";0;0;0;
"11016236";0;0;0;
"11016235";0;0;0;
"11016231";0;0;0;
"11019010";0;0;0;
"11019009";0;0;0;
"11019008";0;0;0;
"11019007";0;0;0;
"11019006";0;0;0;
"11089530";8371;164;0;
"11089436";7763;164;0;
"11089424";3736;164;0;
"11089410";37997;4;0;
"11016294";0;0;0;
"11089333";23779;564;0;
"11089317";21960;2;0;
"11089203";6937;0;0;
"11085446";1057;0;0;
"11085261";1414;574;0;
"11019906";117514;5529;0;
"11018023";1172;82;0;
"11016787";2036;104;0;
"11016782";115;0;0;
"11011767";3684;12;0;
"11011732";1100;0;0;
"11016983";6104;80;0;
"11016981";4693;104;0;
"11016942";177;0;0;
"11016937";5826;80;0;
"11016936";3522;2334;0;
"11016807";211;0;0;
"11016802";3037;2304;0;
"11019994";5282;2314;0;
"11019976";110;9;0;
"A1692Y01RAL9017";135;0;0;
"BXE2065EX";0;0;0;
"BXE2078EX";0;0;0;
"BXE2077EX";1;0;0;
"EAR295EX";0;0;0;
"11085081";924;8;0;
"11019140";0;0;0;
"11019139";0;0;0;
"11019138";0;0;0;
"11019144";9;0;0;
"11019142";4;0;0;
"11019114";0;0;0;
"11019113";0;0;0;
"K7636";2532;0;0;
"AVE2286EX";0;0;0;
"AVE2286RU";0;0;0;
"TF7688";999965;0;0;
"TF7689";999999;0;0;
"130498GM";0;0;0;
"11019005";0;0;0;
"11019004";0;0;0;
"11019003";0;0;0;
"11016230";0;0;0;
"11016228";9;0;0;
"11016227";1;0;0;
"11016198";0;0;0;
"BXE2073GM";0;0;0;
"BXE2069EX";0;0;0;
"BXE2070EX";0;0;0;
"BXE2071EX";0;0;0;
"BXE2075EX";0;0;0;
"BXE2076EX";0;0;0;
"BXE2079EX";0;0;0;
"BXE2080EX";0;0;0;
"AEA2294EX";0;0;0;
"130509GM";0;0;0;
"NT876";999914;0;0;
"NT877";999775;7;0;
"11019894";3252;1677;0;
"11018831";28110;4648;0;
"11018830";14971;1858;0;
"11018618";7795;2314;0;
"11016982";4146;824;0;
"11016979";1604;617;0;
"11016970";3521;720;0;
"11016941";175;2;0;
"11016809";1129;600;0;
"11016801";5833;800;0;
"11016790";3520;908;0;
"11016789";4270;908;0;
"11016786";669;600;0;
"SMR2184RU";0;0;0;
"SMR2185RU";0;0;0;
"11016313AL";0;0;0;
"11016314AL";0;0;0;
"K7601";0;0;0;
"MM7593";952;0;42;
"11019112";0;0;0;
"11018702";0;0;0;
"11019137";0;0;0;
"11019135";0;0;0;
"11019134";5;0;0;
"11019133";0;0;0;
"11019132";0;0;0;
"11016197";0;0;0;
"11018175";0;0;0;
"11018174";0;0;0;
"11016196";0;0;0;
"11016195";0;0;0;
"11016194";1;0;0;
"11016095";17;0;0;
"11016094";0;0;0;
"11016093";0;0;0;
"11016092";0;0;0;
"11016091";0;0;0;
"11016090";0;0;0;
"11016089";8;0;0;
"TF7620";999979;0;0;
"TF7621";999988;0;0;
"BDH2261AL";5;0;0;
"NT878";999999;0;0;
"11023861";1043;0;0;
"11022887";0;0;0;
"11516843";198;4;0;
"11023874";134;0;0;
"11023872";1361;2;0;
"11023871";1074;2;0;
"11023870";1270;0;0;
"11023868";295;0;0;
"VB42168AE";0;0;0;
"FS7622";5467;3200;0;
"11016785";1269;600;0;
"11016784";382;2;0;
"11016783";312;2;0;
"11085573";26937;82;0;
"11018883";6890;82;0;
"11018827";397;94;0;
"11018779";969;94;0;
"11018766";1746;94;0;
"11018765";7992;0;0;
"11018762";2539;94;0;
"11018752";1583;0;0;
"E7571";335;66;0;
"CAP2153AL";0;0;0;
"CAP2154AL";0;0;0;
"CAP2155AL";0;0;0;
"11019131";0;0;0;
"11019130";200;0;0;
"11018047";0;0;0;
"11018046";0;0;0;
"11018043";0;0;0;
"11019097";0;0;0;
"11019096";0;0;0;
"11019095";0;0;0;
"11018030";0;0;0;
"11016088";0;0;0;
"11016087";0;0;0;
"11016086";0;0;0;
"11019386";0;0;0;
"11016085";0;0;0;
"11016084";0;0;0;
"11016083";2;0;0;
"11016082";0;0;0;
"11016081";0;0;0;
"11016080";0;0;0;
"11016079";0;0;0;
"11016078";0;0;0;
"11016077";0;0;0;
"TF7637";999960;0;0;
"7706ZLT";0;0;0;
"AVE2297EX";0;0;0;
"11023866";4698;2;0;
"11023858";1860;2;0;
"11022896";4000;0;0;
"11022895";4827;0;0;
"11022879";3850;0;0;
"11022835";3381;0;0;
"11019887";9315;2;0;
"11018991";921;2;127;
"11016967";374;0;0;
"A6565H";180;0;0;
"AEA2289XX";16;0;0;
"AVE2299XX";0;0;0;
"11016293";0;0;0;
"11016292";0;0;0;
"11016291";0;0;0;
"11016290";0;0;0;
"11016289";0;0;0;
"11016287";0;0;0;
"11016285";0;0;0;
"11016284";0;0;0;
"11016281";0;0;0;
"11016273";2;0;0;
"MM7587";420;0;0;
"MM7588";420;0;0;
"MM7589";413;413;0;
"MM7590";451;0;0;
"MM7591";138;0;21;
"MM7592";105;0;0;
"ME7595";5996;707;0;
"11019094";0;0;0;
"11019093";0;0;0;
"11019092";0;0;0;
"11016475";0;0;0;
"11019022";80;0;0;
"11019021";0;0;0;
"OUT662";999916;0;0;
"11033053AL";0;0;0;
"TF7655";0;0;0;
"TU7708";9055;788;0;
"11085197";22319,562;601,212;0;
"11016076";0;0;0;
"11016075";0;0;0;
"11016074";0;0;0;
"11016073";9;0;0;
"11016072";0;0;0;
"11085629";62891,4;0;0;
"DP2298";0;0;0;
"A7641";790;1;0;
"11016966";436;0;0;
"11016964";861;0;0;
"11016962";484;0;0;
"11016939";944;0;0;
"11016926";1347;0;0;
"11016863";661;0;600;
"11016827";2828;2;0;
"11011859";7597;0;0;
"11011857";2360;0;0;
"11011855";2400;0;0;
"11011789";1918;496;0;
"TF7638";999967;0;0;
"BDH2212AL";15;0;0;
"BDH2213AL";1;0;0;
"MM7586";1357;768;0;
"BDH2214AL";26;0;0;
"7754ZLT";0;0;0;
"7755ZLT";0;0;0;
"D7709";3000;0;0;
"AVE2307EX";0;0;0;
"XFP0254";23;0;0;
"XFP0255";16;0;0;
"XFP0256";72;0;0;
"SE7756";425;94;0;
"AVE2200AE";0;0;0;
"BXE2073EX";0;0;0;
"BDH2216AL";1979;499;0;
"NT881";99995;0;0;
"EAR2300EX";216;0;0;
"11019020";0;0;0;
"11019019";0;0;0;
"11019018";0;0;0;
"11019017";0;0;0;
"11019016";0;0;0;
"11019015";0;0;0;
"11019014";0;0;0;
"11016474";0;0;0;
"FE295";999922;0;0;
"DP2323";0;0;0;
"DP2324";0;0;0;
"11016071";6;0;0;
"11018140";0;0;0;
"11018139";0;0;0;
"11018138";0;0;0;
"11018137";0;0;0;
"11016062";1;0;0;
"11093018";0;0;0;
"11093017";0;0;0;
"11018044";0;0;0;
"11018722";0;0;0;
"DP2263";0;0;0;
"OUT667";999999;0;0;
"OUT668";999999;0;0;
"OUT669";999999;0;0;
"OUT670";999788;4;0;
"OUT671";999788;4;0;
"OUT672";999788;4;0;
"OUT673";999788;4;0;
"OUT674";999788;4;0;
"OUT675";999788;4;0;
"A4581Y02RAL7039";23;0;0;
"A4121YRAL7039";0;0;0;
"A1692Y01RAL7039";0;0;0;
"BXE2013GM";0;0;0;
"BXE2062GM";0;0;0;
"NT872";999997;0;0;
"FE319";999996;0;0;
"TA7759";0;0;0;
"7769ZLT";0;0;0;
"11018596";156;111;0;
"11016307";0;0;0;
"11019090";0;0;0;
"11519090";0;0;0;
"11022825";0;0;0;
"ME7594";4307;1559;0;
"BDH2186AL";101;23;0;
"150175GM";0;0;0;
"ABE2298EX";0;0;0;
"11016472";0;0;0;
"11019013";10;0;0;
"11016471";0;0;0;
"11016470";0;0;0;
"11016468";0;0;0;
"11016467";0;0;0;
"11016446";0;0;0;
"11016441";0;0;0;
"11019012";0;0;0;
"BDH2187AL";0;0;0;
"CE7389-01";15384;2759;1306;
"11018721";0;0;0;
"11018720";0;0;0;
"11018176";0;0;0;
"11018173";0;0;0;
"11018172";0;0;0;
"11018171";0;0;0;
"11018136";0;0;0;
"11011773";2618;0;0;
"11011772";1523;496;0;
"11016781";186;0;0;
"11018884";4521;106;0;
"11011769";4474;496;2860;
"11011768";3468;980;0;
"11016984";2885;2334;0;
"11016977";272;0;0;
"11016972";3269;2304;0;
"11016971";6720;0;0;
"11016969";4198;56;0;
"11016922";45;2;0;
"11022880";5454;0;0;
"11022824";0;0;0;
"11818580";643;0;0;
"11085106";3781;82;0;
"11080004";966,226;0;0;
"11085281";0;0;0;
"BDH2302AL";0;0;0;
"BDH2303AL";0;0;0;
"BDH2304AL";232;0;2;
"BDH2305AL";17;0;0;
"BDH2306AL";0;0;0;
"AVE2308EX";0;0;0;
"DP2362";0;0;0;
"A7752L01";20179;582;0;
"BDC2208AL";0;0;0;
"BDH2230AL";277;0;0;
"BDH2231AL";1687;415;0;
"BDH2232AL";0;0;0;
"BDH2233AL";208;108;0;
"BDH2234AL";8;0;0;
"BDH2235AL";384;0;0;
"BDH2236AL";29;0;0;
"BDH2237AL";41;0;0;
"11016440";0;0;0;
"11016429";0;0;0;
"11016403";0;0;0;
"11016402";0;0;0;
"FE296";999993;0;0;
"AEA2295EX";0;0;0;
"A4581Y02RAL9001";0;0;0;
"11018135";0;0;0;
"11018022";9;0;0;
"11018015";0;0;0;
"11018014";0;0;0;
"11018013";2;0;0;
"11016469";0;0;0;
"11016061";0;0;0;
"11016057";0;0;0;
"11011552";0;0;0;
"11011509";0;0;0;
"DP2247";0;0;0;
"DP2248";0;0;0;
"DP2249";0;0;0;
"FE293";999946;0;0;
"A4581Y02RAL7047";135;0;0;
"DP2308";0;0;0;
"OUT684";999922;0;0;
"11010980";449;0;180;
"11010978";435;0;0;
"11011770";4189;494;0;
"11019833";3380;0;0;
"11071446";144;12;0;
"11018987";1464;0;61;
"11016780";0;0;0;
"11016779";0;0;0;
"11016778";0;0;0;
"11016777";0;0;0;
"11016776";0;0;0;
"11016775";0;0;0;
"11016774";0;0;0;
"11016773";0;0;0;
"11016772";0;0;0;
"19889ZLT";0;0;0;
"AVE2301EX";0;0;0;
"TA7757";0;0;0;
"TA7758";0;0;0;
"11016401";0;0;0;
"11016400";0;0;0;
"11016399";0;0;0;
"11016398";0;0;0;
"11016397";0;0;0;
"11016375";0;0;0;
"11016316";0;0;0;
"11016315";0;0;0;
"11016306";1;0;0;
"11016302";4;0;0;
"11016301";4;0;0;
"11016300";0;0;0;
"11016297";1;0;0;
"BXE2067EX";181;0;0;
"11011350";0;0;0;
"11016314";0;0;0;
"11016313";0;0;0;
"11016312";0;0;0;
"11016311";0;0;0;
"11016308";0;0;0;
"11016305";0;0;0;
"11016304";0;0;0;
"11016303";0;0;0;
"11016299";0;0;0;
"11016298";0;0;0;
"11016296";0;0;0;
"BDC2207AL";0;0;0;
"MH7648";1689;1600;0;
"MH7649";3380;0;0;
"MH7651";378;0;36;
"MH7650";800;0;0;
"MH7652";1833;768;106;
"MH7653";3081;0;5;
"11018981";1355;908;0;
"11018828";34371;4648;0;
"11016978";510;2;0;
"11016940";1193;617;0;
"11016938";7620;928;0;
"11016889";1053;600;0;
"NT885";999519;8;0;
"NT886";999525;8;0;
"NT887";999519;8;0;
"NT888";999525;8;0;
"NT889";999525;8;0;
"AVE2309EX";0;0;0;
"CE7047-05";0;0;0;
"DP2374";0;0;0;
"SE7770";146;0;0;
"SE7771";0;0;0;
"11019091";0;0;0;
"11018580";0;0;0;
"11818598";541;29;0;
"OUT661";999902;0;0;
"FS7647";4905;0;0;
"BXE2195GM";0;0;0;
"BXE2196GM";0;0;0;
"BXE2193GM";0;0;0;
"BXE2194GM";0;0;0;
"BFE2206GM";0;0;0;
"BDH2270AL";0;0;0;
"BDH2271AL";34;0;0;
"BDH2272AL";24;0;0;
"BDH2273AL";14;0;0;
"BDH2274AL";15;0;0;
"BDH2275AL";21;0;0;
"A5651H";144;0;0;
"DP2335";0;0;0;
"11085608";2000;0;0;
"11085184";36949;0;0;
"11085013";1997;0;0;
"11089425";5170;4;0;
"11085141";9043;1;0;
"11019987";434;1;0;
"11019986";845;0;0;
"11019985";1130;0;0;
"11019967";931;8;0;
"11019966";1602;1;0;
"11016883";675;2;0;
"11016880";2240;600;0;
"11016879";3292;2;0;
"11016808";527;2;0;
"11010981";638;0;0;
"11019869";2216;2009;0;
"11019831";62448;2190;0;
"11018989";166;158;0;
"11018988";1507;0;0;
"11018986";267;12;0;
"11018983";26653;82;0;
"11018967";4445;82;0;
"11018773";1383;94;0;
"TF7613";999919;0;0;
"TF7612";999965;0;0;
"TF7602";999661;0;0;
"BDH2217AL";0;0;0;
"BDH2218AL";29;0;0;
"BDH2219AL";31;0;0;
"BDH2220AL";24;0;0;
"BDH2221AL";75;0;0;
"E7753";270;8;0;
"AVE2198RU";0;0;0;
"E7528";3244;96;1920;
"NT884";997503;96;0;
"A7752L02";0;0;0;
"MH7656";17;0;0;
"MH7657";278;0;11;
"MH7658";407;0;0;
"MH7659";117;0;1;
"MH7660";669;0;7;
"MH7661";0;0;0;
"MH7662";163;0;0;
"MH7663";2284;7;71;
"MH7664";409;0;4;
"MH7665";0;0;0;
"MH7666";798;384;2;
"MH7667";283;283;0;
"MH7668";748;0;0;
"11019937";372;0;0;
"11019936";265;0;0;
"11016295";0;0;0;
"11085204";0;0;0;
"11085142";25057;4;0;
"11019984";884;0;0;
"11019873";884;240;0;
"11019870";2049;0;0;
"11085196";10009;164;0;
"11085498";8815,9;29,4;0;
"11019998";1868;0;0;
"11019997";906;0;0;
"11019983";749;0;0;
"11018772";2685;94;0;
"11018771";20522;94;0;
"11018769";8742;0;0;
"11018768";10180;94;0;
"11018767";18364;94;0;
"11000865";12442;94;0;
"11011616";1160;0;0;
"12016934";193;0;0;
"11085358";653;6;0;
"11085357";3482;485;0;
"11085350";9005;0;0;
"11085250";1012;0;0;
"11019995";2491;950;0;
"ME7535";0;0;0;
"D7710";5315;1058;0;
"DP2354";0;0;0;
"FE318";999985;0;0;
"35012046";0;0;0;
"11016310";576;0;0;
"11016309";142;0;0;
"26019303";1;0;0;
"11819091";2160;0;0;
"11819090";0;0;0;
"11186150";0;0;0;
"11186149";0;0;0;
"11018598";0;0;0;
"VB42165RU";0;0;0;
"MH7669";395;370;25;
"MH7670";69;0;1;
"MH7672";345;0;0;
"MH7673";0;0;0;
"BDH2276AL";28;0;0;
"BDH2277AL";0;0;0;
"BDH2278AL";10;0;0;
"BDH2279AL";15;0;0;
"BDH2280AL";12;0;0;
"BDH2281AL";26;2;0;
"BDH2282AL";0;0;0;
"SMR2172RU";0;0;0;
"TF7614";999999;0;0;
"11016308AL";0;0;0;
"11019982";1158;0;0;
"11019981";987;0;0;
"11019979";649;0;0;
"11019971";145;0;0;
"11019970";461;0;0;
"11019969";276;80;0;
"11019955";782;0;0;
"11019954";222;0;0;
"11011840";1945;0;0;
"11085092";2221;0;0;
"V7617";0;0;0;
"U7618";0;0;0;
"U7619";0;0;0;
"BXE2066EX";4;0;0;
"NT873";999993;0;0;
"NT866";9999895;0;0;
"AVE2299RU";0;0;0;
"11019872";504;29;0;
"11019838";145;2;0;
"11019837";151;2;0;
"11018990";473;4;0;
"11018660";13251;950;0;
"11018576";8715;2;0;
"BDH2268AL";0;0;0;
"130503GM";0;0;0;
"AEA2290EX";0;0;0;
"11123676";0;0;0;
"11118966";0;0;0;
"11118635";0;0;0;
"11086291";0;0;0;
"11118023";15;0;0;
"11111789";0;0;0;
"11023676";0;0;0;
"11023601";0;0;0;
"11016486";0;0;0;
"11016485";0;0;0;
"NT864";999991;0;0;
"D7367";27551;1454;0;
"U7628";62;0;0;
"11026035AL";0;0;0;
"TF7611";0;0;0;
"BDH2283AL";0;0;0;
"BDH2284AL";0;0;0;
"BDH2285AL";16;0;2;
"11016288";3;0;0;
"11016286";17;0;0;
"11016283";17;0;0;
"11016282";12;0;0;
"11016280";0;0;0;
"BXE2201GM";0;0;0;
"BXE2202GM";0;0;0;
"BXE2192GM";0;0;0;
"BXE2191GM";0;0;0;
"BXE2189GM";0;0;0;
"BXE2190GM";0;0;0;
"BFE2203GM";0;0;0;
"BXE2079GM";0;0;0;
"BXE2080GM";0;0;0;
"BXE2070GM";0;0;0;
"BXE2075GM";0;0;0;
"BXE2076GM";0;0;0;
"BFE2072GM";15;0;0;
"VB42166RU";0;0;0;
"VB42166EX";0;0;0;
"VB42166AE";0;0;0;
"VB42165EX";3;0;0;
"TF7686";999999;0;0;
"DP2331";0;0;0;
"11016996";233;0;0;
"11016992";203;0;0;
"11016930";543;0;0;
"11016928";1834;2;0;
"11011918";17400;0;0;
"11011854";22500;0;0;
"11085673";5761;2304;0;
"E7687";3322;51;0;
"OUT695";999999;0;0;
"7702ZLT";0;0;0;
"AVE2287EX";0;0;0;
"AVE2291EX";0;0;0;
"11111773";0;0;0;
"11019434";0;0;0;
"11019433";0;0;0;
"11019432";0;0;0;
"11019431";0;0;0;
"11022823";0;0;0;
"11019423";0;0;0;
"11019422";0;0;0;
"MH7625";3270;206;8;
"MH7624";5709;0;323;
"U7627";146;0;0;
"OUT696";999993;0;0;
"D7698";186;0;0;
"D7699";232;0;0;
"11016279";0;0;0;
"11016278";7;0;0;
"11016277";0;0;0;
"11016276";0;0;0;
"11016275";0;0;0;
"11016274";0;0;0;
"11016271";0;0;0;
"BXE2204GM";0;0;0;
"VBP2174AE";0;0;0;
"BXE2205GM";0;0;0;
"BDH2269AL";0;0;0;
"D7700";200;0;0;
"D7701";101;0;0;
"A3764Y01RAL9001";0;0;0;
"A1230YRAL9001";0;0;0;
"CS4352YRAL9001";0;0;0;
"A6712Y02RAL9001";0;0;0;
"11085048";35;4;0;
"11089350";6221;18;0;
"11089206";20000;0;0;
"A5724Y02RAL9017";0;0;0;
"DP2261";0;0;0;
"11085489";696;70;0;
"OUT677";999985;0;0;
"11085375";38460;3682;0;
"11085067";808;20;0;
"11019875";1767;1440;0;
"11023869";878;2;0;
"11085649";131983,876;0,096;0;
"11085571";127;22;0;
"11085160";1985;144;0;
"11019889";4662;2401;0;
"11086150";2285;12;0;
"11019387";0;0;0;
"11019254";0;0;0;
"11019253";0;0;0;
"11019243";0;0;0;
"11019242";0;0;0;
"11019241";0;0;0;
"11019235";0;0;0;
"11019234";0;0;0;
"11019421";30;0;0;
"11019222";0;0;0;
"11019221";0;0;0;
"11019216";0;0;0;
"11019215";0;0;0;
"EHC2175AL";0;0;0;
"U7393-01";12376;1882;0;
"U7393-02";0;0;0;
"A1692H01";397;0;0;
"11016269";17;0;0;
"AEA2288XX";0;0;0;
"11016267";0;0;0;
"11016265";8;0;0;
"11016261";0;0;0;
"11016257";0;0;0;
"11016249";0;0;0;
"11016248";0;0;0;
"11016246";9;0;0;
"BDH2222AL";23;0;0;
"BDH2223AL";25;0;0;
"BDH2224AL";339;0;0;
"BDH2225AL";0;0;0;
"BDH2226AL";2;0;0;
"BDH2227AL";11;0;0;
"BDH2228AL";14;0;0;
"BDH2229AL";13;0;0;
"11085617";1045;18;0;
"11085520";1270;2;0;
"11085448";5079;23;0;
"11085389";5187;0;0;
"11085109";0;0;0;
"BXE2074EX";0;0;0;
"11086149";81;5;0;
"11086120";1661;2;0;
"11085645";0;0;0;
"11029821";1755;0;0;
"11019991";7841;81;0;
"11018797";4307;0;0;
"11018709";86;0;0;
"11018635";2770;1;0;
"11018612";1749;950;0;
"11016989";323;0;0;
"11016980";498;0;0;
"11016968";28;0;0;
"DP2315";0;0;0;
"11019214";0;0;0;
"11019213";0;0;0;
"11019206";0;0;0;
"11019204";0;0;0;
"11019203";0;0;0;
"11019202";0;0;0;
"11019201";0;0;0;
"11019193";0;0;0;
"11019191";0;0;0;
"11019416";0;0;0;
"11019411";0;0;0;
"11019233";3;0;0;
"11028683";341;0;0;
"11028692";326;0;0;
"11028684";3;0;0;
"CAP2310AL";0;0;0;
"CAP2311AL";0;0;0;
"CAP2312AL";0;0;0;
"CAP2313AL";0;0;0;
"CAP2314AL";0;0;0;
"CAP2315AL";0;0;0;
"CAP2317AL";0;0;0;
"CAP2316AL";0;0;0;
"XFP0272";6;0;0;
"VBP2173EX";0;0;0;
"VBP2173PO";115;0;0;
"VBP2173RU";0;0;0;
"BDH2253AL";7;0;0;
"VBP2174EX";0;0;0;
"BDH2254AL";2;0;2;
"BDH2255AL";0;0;0;
"BDH2256AL";3;0;0;
"NT868";999980;0;0;
"FE299";999956;1;0;
"FE300";999998;0;0;
"FE301";999979;0;0;
"FE302";999994;0;0;
"NT875";999985;0;0;
"FE297";999985;0;0;
"TF7705";999999;0;0;
"11033422";0;0;0;
"11033519";240;240;0;
"11033718";0;0;0;
"11033719";0;0;0;
"11033720";12;12;0;
"11033722";40;40;0;
"VAM767HU";0;0;0;
"VAM767PO";0;0;0;
"VAM767RU";0;0;0;
"XFP0234";1;0;0;
"XFP0237";5;0;0;
"XFP0240";0;0;0;
"XFP0243";4;0;0;
"XFP0244";8;0;0;
"XFP0245";5;0;0;
"XFP0247";1;0;0;
"XFP0248";1;0;0;
"BDC2210AL";0;0;0;
"BDC2211AL";0;0;0;
"NT895";502;6;0;
"XFP0273";2;0;0;
"XFP0274";8;0;0;
"TJ7796";460;0;0;
"SE7797";320;0;0;
"A7375A01";2913;590;0;
"11079076";878;0;0;
"A3772YRAL7038";9;0;0;
"DP2361";0;0;0;
"BDH2263AL";0;0;0;
"BDH2265AL";27;0;0;
"BDH2267AL";0;0;0;
"OUT698";999924;0;0;
"FE303";999997;0;0;
"FE304";999995;0;0;
"FE305";999996;0;0;
"FE306";999993;0;0;
"FE307";999989;1;0;
"FE308";999998;0;0;
"FE309";999980;0;0;
"FE310";999997;0;0;
"FE311";999997;0;0;
"11033791";12;12;0;
"11085553";900;0;0;
"11085297";5;0;0;
"11033388";0;0;0;
"11101372";0;0;0;
"11101371";0;0;0;
"11101370";0;0;0;
"11101369";0;0;0;
"11101368";0;0;0;
"11101367";0;0;0;
"11101366";0;0;0;
"11101365";0;0;0;
"11033684";180;0;0;
"XFP0249";0;0;0;
"XFP0250";2;0;0;
"XFP0251";1;0;0;
"XFP0252";0;0;0;
"VAM777JA";0;0;0;
"VAM813GM";84;0;0;
"U7696";654;0;0;
"11012978";8870;745;0;
"11012979";6436;373;0;
"11022900";22031;1745;13501;
"11022905";1028;1;0;
"11022908";1768;0;0;
"11022910";1187;0;336;
"11022912";3194;0;0;
"11022913";628;0;0;
"11022950";764;1;0;
"11022951";30;0;0;
"11022952";411;0;0;
"A2018YRAL9001";0;0;0;
"DP2336";0;0;0;
"FE312";999992;1;0;
"FE313";999996;0;0;
"FE314";999993;0;0;
"FE315";999992;1;0;
"FE316";999997;0;0;
"FE317";999935;3;0;
"E7768";26524;2880;0;
"11035402";0;0;0;
"11035403";144;144;0;
"11035404";16;16;0;
"11035405";0;0;0;
"11033680";0;0;0;
"11033681";120;0;0;
"11033682";0;0;0;
"11033683";0;0;0;
"11033694";0;0;0;
"11033693";0;0;0;
"11033690";0;0;0;
"11033691";0;0;0;
"11033692";0;0;0;
"NT869";999901;0;0;
"OUT708";99951;2;0;
"OUT709";99877;2;0;
"OUT710";99648;5;0;
"VB21993AE";2;0;2;
"VB21993RU";0;0;0;
"VB21998AE";0;0;0;
"XFP0253";0;0;0;
"VB21998RU";0;0;0;
"VBP043AE";0;0;0;
"VBP070EX";0;0;0;
"VBP070RU";0;0;0;
"11022953";948;0;0;
"11022954";91;0;0;
"11022955";4232;0;0;
"11022956";1533;0;0;
"11022957";5225;0;0;
"11022958";1754;0;0;
"11022959";6839;147;0;
"11022960";6475;112;0;
"11022961";23700;0;0;
"11022962";4281;0;0;
"11022963";948;0;0;
"11022964";9838;1;0;
"11022965";8762;1693;0;
"D7654";2527;1;0;
"U7547-01";1842;384;0;
"U7547-02";0;0;0;
"OUT699";999985;0;0;
"11035406";0;0;0;
"11035407";0;0;0;
"11035408";0;0;0;
"11035409";0;0;0;
"11035781";9468;0;0;
"11085016";6285;1686;0;
"11085017";11685;2322;0;
"11085026";53366;4605;0;
"11085266";35403;1807;0;
"11016272";0;0;0;
"11016270";0;0;0;
"11016268";0;0;0;
"11016266";0;0;0;
"11016264";2;0;0;
"11016263";0;0;0;
"11016262";0;0;0;
"11016260";0;0;0;
"11016259";2;0;0;
"11016258";0;0;0;
"11016256";0;0;0;
"11016255";2;0;0;
"11016254";0;0;0;
"VBP335XX";4;4;0;
"VBP447XX";0;0;0;
"VCZ2091EX";0;0;0;
"VCZ2092EX";0;0;0;
"VCZ2093EX";0;0;0;
"VCZ2094EX";0;0;0;
"VCZ2095EX";0;0;0;
"VCZ2097EX";0;0;0;
"VCZ2098EX";0;0;0;
"VCZ2099EX";0;0;0;
"VCZ2100EX";0;0;0;
"DP2319";0;0;0;
"11026031";0;0;0;
"11026032";192;192;0;
"11026033";0;0;0;
"11026034";0;0;0;
"11026035";0;0;0;
"11026036";0;0;0;
"11026037";0;0;0;
"11026039";0;0;0;
"11026042";0;0;0;
"11026043";120;0;120;
"11026045";0;0;0;
"11026862";14972;584;0;
"OUT678";999985;0;0;
"11085295";34965;2046;0;
"11085385";4385;359;120;
"11085407";14751;3852;0;
"11085681";18552;1677;0;
"11085727";1851;0;0;
"11085751";1952;0;0;
"11085761";1295;0;0;
"11085832";8977;2094;0;
"11085833";5285;603;0;
"11085841";1029;0;0;
"11033426";0;0;0;
"11033436";0;0;0;
"11016253";0;0;0;
"11016252";2;0;0;
"11016251";0;0;0;
"11016250";0;0;0;
"11016247";0;0;0;
"11016244";0;0;0;
"11016242";0;0;0;
"11016241";0;0;0;
"11019865";243;29;0;
"11026989";0;0;0;
"11016240";0;0;0;
"11016238";0;0;0;
"11016237";0;0;0;
"DP2245";0;0;0;
"DP2246";0;0;0;
"DP2297";0;0;0;
"G2H2182AE";0;0;0;
"G2H2183AE";0;0;0;
"NT863";999999;0;0;
"DP2307";0;0;0;
"SE7615";0;0;0;
"DP2306";0;0;0;
"11028694";35736;1790;0;
"11028698";0;0;0;
"11028713";0;0;0;
"11028719";1781;0;0;
"11028720";865;2;0;
"11028763";0;0;0;
"11028764";1136;0;0;
"11028765";2000;0;0;
"11028766";3000;0;0;
"11028813";329;0;0;
"11028820";29016;5556;0;
"11028827";1163;2;0;
"A5651U";1283;320;0;
"CAP2047AL";0;0;0;
"CAP2049AL";0;0;0;
"CAP2050AL";0;0;0;
"CAP2152AL";0;0;0;
"NT865";1999888;0;0;
"7704ZLT";43;0;0;
"AEA2296EX";0;0;0;
"11033549";0;0;0;
"11033421";0;0;0;
"11033205";0;0;0;
"11033518";0;0;0;
"11016234";0;0;0;
"11016233";0;0;0;
"11016232";0;0;0;
"11016229";48;0;0;
"11016226";0;0;0;
"11018965";351;2;1;
"11011551";1;0;0;
"11011539";0;0;0;
"11011531";0;0;0;
"11011517";0;0;0;
"11011516";180;0;0;
"11011508";0;0;0;
"11011171";0;0;0;
"DP2262";0;0;0;
"A7556";33;0;0;
"TF7643";999878;0;0;
"TF7644";999981;0;0;
"BDH2238AL";52;0;52;
"BDH2239AL";6;0;0;
"BDH2240AL";0;0;0;
"BDH2241AL";376;0;0;
"BDH2242AL";0;0;0;
"BDH2243AL";0;0;0;
"BDH2244AL";0;0;0;
"BDH2245AL";2;0;0;
"11028828";1463;2;0;
"11028829";575;1;0;
"11028837";14574;584;0;
"11028838";24687;1677;0;
"11028850";2926;34;0;
"11028851";10165;2042;0;
"11028852";2488;1862;0;
"11028853";2645;2439;0;
"11028854";3934;3;0;
"11028860";81;0;0;
"11028861";187;0;0;
"11028870";997;1;0;
"K150";0;0;0;
"NT871";199746;0;0;
"11022909";1459;42;0;
"11029731";13446;443;0;
"11033370";1267;32;0;
"11033372";0;0;0;
"11033707";0;0;0;
"11033708";198;32;0;
"11033709";1072;0;0;
"11033710";225;0;0;
"11033711";200;10;0;
"V4A2164RU";0;0;0;
"TF7634";999961;0;0;
"11011116";0;0;0;
"11085022";597;202;0;
"11018984";1771;164;0;
"11018964";1809;162;0;
"11018777";1683;81;0;
"11018770";7800;6800;0;
"11085169";187;9;0;
"11016985";150;0;0;
"11016897";2390;2;0;
"11016896";12875;0;0;
"11016895";2113;2;0;
"OUT679";999902;0;0;
"OUT680";999902;0;0;
"OUT681";999916;0;0;
"OUT682";999908;0;0;
"OUT683";999922;0;0;
"OUT660";999908;0;0;
"BDH2246AL";0;0;0;
"BDH2247AL";0;0;0;
"BDH2248AL";1;0;0;
"BDH2249AL";0;0;0;
"BDH2250AL";4;0;0;
"BDH2251AL";1533;355;0;
"11028871";945;0;0;
"11028874";1438;1;0;
"11028875";1319;2;0;
"11028877";2312;41;0;
"11028878";536;1;0;
"11028882";3005;2;5;
"11028887";13549;584;0;
"11028889";32370;1677;0;
"11028891";2295;44;0;
"11028892";3366;4;0;
"11028893";880;13;0;
"11028894";1940;0;0;
"11028895";930;1;1;
"11033724";760;32;0;
"11033730";1568;401;0;
"11033732";2616;401;0;
"11033734";307;1;140;
"11033737";10147;42;0;
"11033739";985;42;0;
"11033741";766;0;0;
"11033770";1335;2;0;
"11033771";361;24;0;
"11033772";239;39;0;
"11033773";533;123;0;
"11033774";611;101;0;
"11033777";5604;42;0;
"XFP0139";4;0;0;
"U7051";0;0;0;
"U7226";989;5;0;
"U7322";0;0;0;
"U7444";174000;0;0;
"U7451";0;0;0;
"U7452";3070;0;0;
"U7492";1000;0;0;
"FS7645";2818;0;0;
"FS7646";1760;0;0;
"BDH2252AL";0;0;0;
"BDH2264AL";34;0;0;
"BDH2266AL";2;0;0;
"TA7685";0;0;0;
"OUT697";999948;0;0;
"AEA2292EX";0;0;0;
"11018982";28;1;0;
"11011546";0;0;0;
"11011580";0;0;0;
"11019192";0;0;0;
"11028905";4000;0;0;
"11028906";11050;0;0;
"11028909";8000;0;0;
"11033020";0;0;0;
"11033021";0;0;0;
"11033022";24;0;0;
"11033025";168;168;0;
"11033026";0;0;0;
"11033030";0;0;0;
"11033031";0;0;0;
"11033032";0;0;0;
"11033033";0;0;0;
"11033034";0;0;0;
"BXE2074GM";0;0;0;
"A5724Y02RAL7006";0;0;0;
"DP2316";0;0;0;
"A4121YRAL9001";0;0;0;
"11033780";262;0;0;
"11033781";168;40;0;
"11033784";1141,3;37,8;0;
"11033789";4670;794;0;
"11033790";11672;802;0;
"11033792";3585;949;0;
"11033793";1228;397;0;
"11033794";5117;802;0;
"11033795";1951;397;0;
"U7493";1000;0;0;
"U7494";1000;0;0;
"U7495";1000;0;0;
"XFP0144";7;0;0;
"XFP0145";11;0;0;
"XFP0152";0;0;0;
"XFP0156";3;0;0;
"XFP0158";4;0;0;
"7629ZLT";0;0;0;
"ETH1859EX";0;0;0;
"11085304";73;16;0;
"11085151";100;1;0;
"11085886";1233;2;0;
"11085884";0;0;0;
"11085898";1464;0;0;
"11085890";1130;99;0;
"11018966";1399;82;0;
"11085187";141,636;0;0;
"11011184";219;0;0;
"11011988";4506;491;0;
"BDC2197AL";0;0;0;
"FE294";999992;0;0;
"11033035";0;0;0;
"11033036";0;0;0;
"11033048";480;480;0;
"11033049";0;0;0;
"11033050";0;0;0;
"11033051";0;0;0;
"11033053";0;0;0;
"11033055";0;0;0;
"11033056";0;0;0;
"11033057";2;0;0;
"11033058";0;0;0;
"U7570";112;0;0;
"FE292";999984;0;0;
"NT862";999912;0;0;
"OUT665";999931;0;0;
"TF7579";99984;0;0;
"TF7580";9999;0;0;
"TF7581";9999;0;0;
"TF7598";9198;0;0;
"TF7599";9982;0;0;
"TF7600";9968;0;0;
"SE7532";0;0;0;
"11033796";1515;397;0;
"11033797";2284;397;0;
"XFP0163";70;0;0;
"XFP0164";10;0;0;
"XFP0172";9;0;0;
"U7552";47;0;0;
"U7569";931;1;0;
"U7584";0;0;0;
"U7597";0;0;0;
"V1590";3590;0;0;
"V2121-01";0;0;0;
"V2825";360;0;0;
"V2A032EX";0;0;0;
"OUT700";9999980;0;0;
"A7375V09";10751;399;0;
"XFP0259";6000;0;0;
"XFP0260";0;0;0;
"XFP0261";0;0;0;
"XFP0262";0;0;0;
"XFP0263";0;0;0;
"XFP0264";3;0;0;
"XFP0265";2;0;0;
"XFP0266";2;0;0;
"XFP0267";0;0;0;
"XFP0268";0;0;0;
"SE7772";0;0;0;
"SE7773";0;0;0;
"SE7774";0;0;0;
"SE7775";0;0;0;
"SE7776";0;0;0;
"SE7777";0;0;0;
"SE7778";7;0;0;
"11033059";2;0;0;
"11033060";0;0;0;
"11033064";0;0;0;
"11033065";0;0;0;
"11033066";2;0;0;
"11033068";0;0;0;
"CAP2048AL";0;0;0;
"SE7630";909;909;0;
"DP2342";0;0;0;
"11033798";2277;397;0;
"11033799";353;112;0;
"11033800";1636;508;0;
"11033801";1435;42;0;
"11033802";262;0;0;
"11033804";96;0;0;
"11033806";342;42;0;
"11033809";603;42;0;
"11033810";396;42;0;
"11033812";538;42;0;
"V2A032GM";0;0;0;
"V2A032HU";0;0;0;
"V2A032RU";0;0;0;
"XFP0173";27;0;0;
"XFP0179";1;0;0;
"XFP0182";1;0;0;
"XFP0183";1;0;0;
"XFP0185";27;0;0;
"XFP0187";8;0;0;
"XFP0188";0;0;0;
"XFP0189";1;0;0;
"AVE2199EX";5;5;0;
"CE7389-02";25932;385;3400;
"130499GM";0;0;0;
"AEA2293EX";0;0;0;
"XFP0269";26;0;0;
"CE7697-01";662;66;0;
"CE7697-02";0;0;0;
"11028999";797;1;0;
"11033378";0;0;0;
"11085079";0;0;0;
"11033076";0;0;0;
"11033500";0;0;0;
"11033501";1;0;1;
"11033502";1;0;1;
"11033505";7;0;0;
"11033506";0;0;0;
"11033700";2013;0;0;
"11033701";596;175;0;
"11033702";2009;0;0;
"11033703";1359;0;0;
"11033704";579;0;0;
"11033705";683;545;0;
"11033747";1209;0;0;
"A5635YRAL7039";0;0;0;
"DP2295";0;0;0;
"11033532";0;0;0;
"11033814";194;0;40;
"11033816";865;42;483;
"11033817";2133;42;0;
"11033818";563;131;0;
"11033819";720;191;0;
"11033820";2555;75;0;
"11033840";2998;46;0;
"11033956";949;121;0;
"11033987";2265,3;113,4;0;
"XFP0191";1;0;0;
"XFP0194";2;0;0;
"XFP0195";0;0;0;
"XFP0196";2;0;0;
"V3334";574;3;0;
"V3614";472;0;0;
"V3977-01";745;141;67;
"V3977-02";41;0;0;
"V4216";3741;44;0;
"V4254";18392;14160;0;
"V4664";2438;0;0;
"V4A199JA";0;0;0;
"OUT666";999984;0;0;
"OUT664";999984;0;0;
"E7720";89171;3800;0;
"DP2375";0;0;0;
"11033435";0;0;0;
"11033451";0;0;0;
"11033434";0;0;0;
"OUT714";99999;0;0;
"OUT711";99762;2;0;
"OUT712";99865;3;0;
"11033748";766;0;0;
"11033749";876;0;0;
"11033750";1054;0;0;
"11033751";800;0;0;
"11033775";1234;0;0;
"11033783";448;65;0;
"11033822";1262;0;0;
"11033823";2797;0;0;
"11033824";21940;259;0;
"MH7623";7124;4984;619;
"U7626";0;0;0;
"11033988";321;40;0;
"11073057";261;0;0;
"11085111";24;9;0;
"11085292";158;0;0;
"11085871";290;131;0;
"11089352";58711;2234;0;
"35024188";20700;3970;0;
"11033360";0;0;0;
"11033361";1;0;0;
"11033362";0;0;0;
"11033363";2;0;0;
"V4A2164EX";85;64;0;
"V5123";432;0;0;
"XFP0197";0;0;0;
"XFP0198";180;0;0;
"XFP0199";0;0;0;
"XFP0200";2;0;0;
"XFP0201";3;0;0;
"XFP0203";3;0;0;
"XFP0204";24;0;0;
"XFP0205";4;0;0;
"TF7631";999967;0;0;
"OUT713";99854;5;0;
"OUT715";99986;1;0;
"NT898";10999746;8;0;
"11022914";1284;0;0;
"11028696";494;0;0;
"11079074";1119;0;0;
"XFP0270";9;0;0;
"XFP0271";1;0;0;
"11088914";1500;0;0;
"11028658";320;0;0;
"EH1706RAL9005";0;0;0;
"A1565Y01RAL9005";109;0;0;
"11033057AL";0;0;0;
"11026031AL";0;0;0;
"EZH2178RF";3;0;0;
"11033364";2;0;0;
"11033365";0;0;0;
"11033379";0;0;0;
"11033380";2;0;0;
"11033381";0;0;0;
"11033382";2;0;0;
"11033383";2;0;0;
"XFP0206";13;0;0;
"XFP0207";86;0;0;
"XFP0208";17;0;0;
"XFP0210";89;0;0;
"V5356-02";250;0;0;
"V5471";138;0;0;
"V5522";88;0;0;
"V5708";277;0;0;
"V5S1130RU";0;0;0;
"V5S1131EX";0;0;0;
"V6739";1891;66;0;
"A7562";737;1;0;
"AVE2199RU";0;0;0;
"DP2334";0;0;0;
"NT893";990632;10;0;
"NT894";999928;3;0;
"NT897";998534;13;0;
"11033531";0;0;0;
"VA1665RAL9005";0;0;0;
"EP2360RAL9005";0;0;0;
"A1597Y01RAL9005";423;0;0;
"DP2377";0;0;0;
"OUT716";999957;0;0;
"OUT717";999957;0;0;
"K7719";4058;330;0;
"11033861";430;0;0;
"11033862";428;0;0;
"11033865";1931;175;0;
"11033866";1216;0;0;
"11033871";1424;0;0;
"11033874";318;0;0;
"11033875";4562;49;0;
"11033876";4433;1681;0;
"11033878";1915;0;4;
"TF7642";999999;0;0;
"OUT702";999775;7;0;
"OUT703";999775;7;0;
"OUT704";999775;7;0;
"NT882";9999967;0;0;
"11086159";20447;1696;0;
"11086160";15605;89;0;
"11086453";16718;15;0;
"11086454";15664;1688;0;
"11086500";1363;0;0;
"11088878";0;0;0;
"11089351";119404;1554;0;
"V7233";1;1;0;
"V7254";0;0;0;
"XFP0212";1;0;0;
"XFP0214";7045;0;0;
"XFP0215";4;0;0;
"XFP0218";14;0;0;
"XFP0220";0;0;0;
"XFP0221";13;0;0;
"XFP0222";11;0;0;
"TF7609";999807;0;0;
"TF7608";999999;0;0;
"TF7607";999999;0;0;
"TF7606";999999;0;0;
"TF7605";999996;0;0;
"TF7604";999999;0;0;
"TF7603";999849;0;0;
"11018762S";0;0;0;
"11028700";9;2;0;
"11028687";0;0;0;
"U7378";0;0;0;
"11033879";7555;1687;0;
"11033880";4782;1687;0;
"11033883";9165;2042;0;
"11033906";5633;292;0;
"11033917";4863;1687;0;
"11033919";1082;0;0;
"11033978";2947;108;0;
"11033992";5760;292;0;
"11035101";2710;642;0;
"11035105";1283;321;0;
"11035401";0;0;0;
"VTZ2188CH";0;0;0;
"11089400";100746;3660;40000;
"11033385";0;0;0;
"11033386";0;0;0;
"11033390";0;0;0;
"11033391";2;0;0;
"11033393";11;0;0;
"11033400";0;0;0;
"11033401";0;0;0;
"11033402";0;0;0;
"11033716";36;0;0;
"11033717";0;0;0;
"XFP0224";0;0;0;
"XFP0226";1;0;0;
"XFP0227";1;0;0;
"XFP0230";1;0;0;
"VA1665";2680;1361;0;
"VA1683";267;0;0;
"VA1684";364;0;0;
"VA2357";168;0;0;
"VA2667";275;0;0;
"VA6504";287;0;0;
"VAM767EX";3;0;0;
"AVE2198EX";5;5;0;
"130504GM";0;0;0;
"MC7782";0;0;0;
"MC7783";0;0;0;
"MC7784";60;0;0;
"MC7785";0;0;0;
"MC7786";1;0;0;
"11028699";1016;0;0;
"11028691";697;48;0;
"11028690";310;175;0;
"11028682";1133;2;0;
"11028686";610;0;0;
"A1692";0;0;0;
"11128719";0;0;0;
"11128724";0;0;0;
"11128866";0;0;0;
"11133701";0;0;0;
"11133703";0;0;0;
"11133705";0;0;0;
"11133749";0;0;0;
"11133751";0;0;0;
"11133775";0;0;0;
"11133826";0;0;0;
"11133873";0;0;0;
"11128861";0;0;0;
"11088911";2080;60;0;
"11088909";620;0;0;
"11088910";820;60;0;
"11088912";700;0;0;
"11088913";120;0;0;
"11028640";2;0;0;
"11028645";1;1;0;
"11028643";1;0;0;
"11028639";2;1;0;
"11028644";1;1;0;
"11028642";1;0;0;
"11028641";1;1;0;
"D7809";0;0;0;
"11028669";1192;535;11;
"11028715";106;0;0;
"11133871";0;0;0;
"EH7861";0;0;0;
"11095927";155;93;0;
"AEA2319XX";0;0;0;
"7856ZLT";0;0;0;
"TP7846";0;0;0;
"A1597H01";480;0;0;
"XFP0277";15;0;0;
"11085381";820;93;0;
"NT870";9999999;0;0;
"NT942";9999972;2;0;
"NT943";9999997;8;0;
"11028667";362;362;0;
"11028670";536;0;0;
"11028671";1722;1680;0;
"11028664";1126;743;0;
"EP7862";160;0;0;
"EE7863";0;0;0;
"VA7864";140;0;0;
"TA7357E02";0;0;0;
"TA7358E02";0;0;0;
"TA7398E03";0;0;0;
"TA7399";9851;2304;0;
"TA7360";16329;417;0;
"11033776";0;0;0;
"TA7398E01";1887;1358;0;
"TA7357E01";5016;0;0;
"TA7358E01";1920;0;0;
"TA7398E02";414;0;0;
"B7870";0;0;0;
"B7871";0;0;0;
"B7869";0;0;0;
"B7868";0;0;0;
"OUT718";0;0;0;
"OUT719";0;0;0;
"OUT720";1199940;2;0;
"OUT721";10009856;3;0;
"XFP0276";10;0;0;
"SE7876";100;0;0;
"A7357E01";10560;0;0;
"A7358E01";9600;0;0;
"A7360";10560;0;0;
"D7843";856;96;0;
"D7844";3040;350;0;
"BXC2329EX";0;0;0;
"TP7810";0;0;0;
"TP7811";0;0;0;
"TP7812";0;0;0;
"AEA2326XX";0;0;0;
"AEA2327XX";0;0;0;
"A1565H01";130;0;0;
"DP2398";4;0;0;
"DP2399";0;0;0;
"DP2400";3;0;0;
"XFP0275";6;0;0;
"A7763";20;10;0;
"A7766";20;6;0;
"EMM2324PO";113;0;0;
"A6799Y01RAL7004";0;0;0;
"A4581H01";767;0;0;
"XFP0278";1;0;0;
"AVE2320EX";0;0;0;
"11091949";0;0;0;
"11028817";727;503;0;
"11028823";927;503;0;
"11028818";927;407;0;
"11028646";0;0;0;
"BXC2331EX";0;0;0;
"11048993";0;0;0;
"E7854";61;0;0;
"11011586";53;4;0;
"11012984";0;0;0;
"11026050";0;0;0;
"11026051";0;0;0;
"EAR2322PO";73;0;0;
"12012984";0;0;0;
"11012983";0;0;0;
"12012983";0;0;0;
"NT903";999986;0;0;
"D7859";776;36;0;
"220018GM";0;0;0;
"DP2402";0;0;0;
"SE7874";706;1;0;
"SE7875";0;0;0;
"NT901";999988;1;0;
"A7357E02";0;0;0;
"A7358E02";0;0;0;
"11033948";724;0;0;
"11085519";840;0;0;
"EAR2323PO";0;0;0;
"SE7850";0;0;0;
"AEA2321EX";0;0;0;
"11033663";0;0;0;
"11033664";0;0;0;
"11033665";0;0;0;
"11033666";0;0;0;
"11033661";0;0;0;
"11033669";0;0;0;
"11033670";0;0;0;
"11033671";0;0;0;
"11033668";0;0;0;
"11033667";0;0;0;
"11026052";0;0;0;
"11026053";0;0;0;
"E7855";406,1855;37,2175;0;
"NT910";999670;8;0;
"NT911";999187;14;0;
"NT912";999611;7;0;
"NT913";999755;5;0;
"NT914";999603;9;0;
"NT915";999573;9;0;
"EMM2325PO";0;0;0;
"11028673";238;0;0;
"11028672";323;0;0;
"11028677";280;147;0;
"11028676";58;0;0;
"11028665";251;100;0;
"11028666";420;107;0;
"NT939";0;0;0;
"NT937";0;0;0;
"NT936";0;0;0;
"NT906";999981;2;0;
"OUT722";999982;0;0;
"OUT723";999991;2;0;
"NT879";9999939;5;0;
"A7872";70000;0;604;
"E7867";45;0;0;
"BXC2330EX";0;0;0;
"D7852";803;48;0;
"YY-TRANSPORT";0;0;0;
"11026040";0;0;0;
"11026041";0;0;0;
"MC7813";0;0;0;
"MC7814";0;0;0;
"MC7815";0;0;0;
"MC7816";0;0;0;
"MC7817";0;0;0;
"MC7818";0;0;0;
"MC7819";0;0;0;
"MC7820";0;0;0;
"MC7821";0;0;0;
"MC7822";0;0;0;
"MC7823";0;0;0;
"MC7824";0;0;0;
"MC7825";0;0;0;
"A7851";5902;50;0;
"MC7826";0;0;0;
"MC7827";0;0;0;
"MC7828";0;0;0;
"MC7829";0;0;0;
"MC7830";0;0;0;
"MC7831";0;0;0;
"MC7832";0;0;0;
"MC7833";0;0;0;
"MC7834";10;0;0;
"MC7835";0;0;0;
"MC7836";0;0;0;
"MC7837";0;0;0;
"TP7842";0;0;0;
"DP2390";0;0;0;
"XFP0279";30;0;0;
"XFP0280";34;0;0;
"DP2411";200;200;0;
"D7853";285;2;0;
"NT905";999999;1;0;
"A1230YRAL7038";105;24;0;
"CS4352YRAL7038";0;0;0;
"A6712Y02RAL7038";8;0;0;
"A2018YRAL7038";8;0;0;
"DP2364";0;0;0;
"DP2397";6;0;0;
"DP2409";0;0;0;
"11028657";380;0;0;
"11028656";186;0;0;
"11028655";457;0;0;
"11028654";1892;4;0;
"11028653";229;0;0;
"11028652";1617;0;0;
"11028651";975;0;0;
"11028650";1050;0;0;
"11028649";1043;0;0;
"CE6605S";0;0;0;
"11028648";721;0;0;
"SE7841";0;0;0;
"11028647";1527;0;0;
"OUT724";999986;0;0;
"D7860";1688;60;0;
"A4581Y01RAL7039";71;0;0;
"7845ZLT";0;0;0;
"AVE2318EX";0;0;0;
"NT909";996907;82;0;
"11035353";0;0;0;
"A2018W";0;0;0;
"11084002";0;0;0;
"D7865";2436;0;0;
"SE7798";349;0;0;
"SE7799";226;2;0;
"11028668";492;0;0;
"OUT642";0;0;0;
"D7808";0;0;0;
"TJ7849";48746;0;0;
"11033805";0;0;0;
"11033785";0;0;0;
"11028822";320;192;0;
"11028816";240;96;0;
"11018570";2160;96;0;
"11018569";2160;96;0;
"NT908";999973;0;0;
"11084001";0;0;0;
"11027589";0;0;0;
"21009339";0;0;0;
"A7181YRAL7039";0;0;0;
"11019450";0;0;0;
"11019451";0;0;0;
"110189GM";0;0;0;
"AVE2328EX";0;0;0;
"DP2389";0;0;0;
"NT935";999992;0;0;
"NT941";999986;0;0;
