"NOM_CLIENT";"TYPE_COMMANDE";"NUM_COMMANDE";"NATURE_BESOIN";"ARTICLE";"OF_CONTREMARQUE";"DATE_COMMANDE";"DATE_EXPEDITION_DEMANDEE";"QTE_COMMANDEE";"QTE_ALLOUEE";"QTE_RESTANTE";
"ALDES Venticontrol S.A.";"MTS";"AR2504179";"COMMANDE";"BDS458AL";"F426-04317";"04/12/2025";"08/01/2026";1008;0;504;
"ALDES Venticontrol S.A.";"MTS";"AR2504180";"COMMANDE";"BDC1694AL";"F426-04913";"04/12/2025";"30/01/2026";432;0;432;
"ALDES ";"MTS";"AR2600799";"COMMANDE";"EFL1345AL";"F426-06674";"09/02/2026";"04/03/2026";720;0;720;
"ALDES ";"MTS";"AR2600613";"COMMANDE";"A2177";"";"30/01/2026";"09/03/2026";336;0;130;
"ALDES ";"MTS";"AR2601350";"COMMANDE";"11033817";"";"05/03/2026";"11/03/2026";10;10;10;
"ALDES ";"MTO";"AR2601159";"COMMANDE";"EFL1348AL";"";"03/03/2026";"16/03/2026";165;0;155;
"ALDES ";"MTS";"AR2601307";"COMMANDE";"11027589";"F426-10122";"09/03/2026";"18/03/2026";262;0;262;
"ALDES ";"MTS";"AR2600885";"COMMANDE";"11033434";"F426-09822";"11/02/2026";"18/03/2026";720;432;720;
"ALDES ";"MTS";"AR2600884";"COMMANDE";"11033549";"F426-10032";"11/02/2026";"18/03/2026";320;288;288;
"ALDES ";"MTS";"AR2600874";"COMMANDE";"11035404";"F426-09818";"11/02/2026";"18/03/2026";704;16;16;
"ALDES ";"MTS";"AR2600882";"COMMANDE";"11035406";"F426-10031";"11/02/2026";"18/03/2026";336;336;336;
"AERECO LEGTECHNIKA Kft";"NOR";"AR2601108";"COMMANDE";"B6794";"";"25/02/2026";"18/03/2026";36;0;36;
"ALDES ";"MTS";"AR2601066";"COMMANDE";"DP2374";"";"20/02/2026";"18/03/2026";2;0;2;
"ALDES ";"MTS";"AR2600806";"COMMANDE";"11016307";"F426-08784";"09/02/2026";"19/03/2026";2304;0;63;
"ALDES ";"MTS";"AR2600781";"COMMANDE";"11033694";"F426-09502";"09/02/2026";"19/03/2026";48;48;48;
"ALDES Venticontrol S.A.";"NOR";"AR2601355";"COMMANDE";"BDC1694AL";"";"12/03/2026";"20/03/2026";432;432;432;
"ALDES ";"MTS";"AR2601330";"COMMANDE";"BDH2285AL";"F426-09249";"11/03/2026";"20/03/2026";384;384;384;
"ALDES Venticontrol S.A.";"NOR";"AR2601356";"COMMANDE";"BDS458AL";"";"12/03/2026";"20/03/2026";504;504;504;
"ALDES Venticontrol S.A.";"NOR";"AR2601356";"COMMANDE";"BDS458AL";"";"12/03/2026";"20/03/2026";504;0;504;
"ALDES ";"MTO";"AR2601337";"COMMANDE";"11016257";"";"11/03/2026";"23/03/2026";2;0;2;
"ALDES ";"MTO";"AR2601339";"COMMANDE";"11016265";"";"11/03/2026";"23/03/2026";4;0;4;
"ALDES ";"MTO";"AR2601341";"COMMANDE";"11016269";"";"11/03/2026";"23/03/2026";2;0;2;
"ALDES ";"MTO";"AR2601338";"COMMANDE";"11016283";"";"11/03/2026";"23/03/2026";6;0;6;
"ALDES ";"MTO";"AR2601339";"COMMANDE";"11016283";"";"11/03/2026";"23/03/2026";36;0;36;
"ALDES ";"MTO";"AR2601339";"COMMANDE";"11016288";"";"11/03/2026";"23/03/2026";2;0;2;
"ALDES ";"MTS";"AR2601226";"COMMANDE";"11016308";"F426-09860";"05/03/2026";"23/03/2026";1200;1200;1200;
"ALDES ";"MTO";"AR2601333";"COMMANDE";"11019114";"";"11/03/2026";"23/03/2026";23;0;23;
"ALDES ";"MTS";"AR2601227";"COMMANDE";"11019131";"F426-09861";"05/03/2026";"23/03/2026";520;520;520;
"ALDES ";"MTO";"AR2601333";"COMMANDE";"11019411";"";"11/03/2026";"23/03/2026";25;0;25;
"ALDES ";"MTS";"AR2601271";"COMMANDE";"11035401";"F426-10098";"09/03/2026";"23/03/2026";176;176;176;
"ALDES ";"MTS";"AR2601270";"COMMANDE";"11035402";"F426-09666";"09/03/2026";"23/03/2026";352;32;32;
"ALDES ";"MTO";"AR2601340";"COMMANDE";"11186149";"";"11/03/2026";"23/03/2026";5;0;5;
"ALDES ";"MTS";"AR2600836";"COMMANDE";"A680";"";"10/02/2026";"23/03/2026";1136;0;1136;
"ALDES ";"MTS";"AR2601474";"COMMANDE";"BDH2251AL";"F426-10174";"20/03/2026";"23/03/2026";384;0;384;
"ALDES ";"MTS";"AR2600833";"COMMANDE";"G2H1941AE";"F426-09810";"10/02/2026";"23/03/2026";360;360;360;
"ALDES ";"MTS";"AR2601227";"COMMANDE";"11011116";"F426-09174";"05/03/2026";"24/03/2026";150;0;150;
"AERECO WENTYLACJA Sp. z.o.o";"NOR";"26030000150653";"PREVISION";"11011516";"";"24/03/2026";"24/03/2026";280;0;280;
"AERECO WENTYLACJA Sp. z.o.o";"NOR";"AR2600897";"COMMANDE";"11011516";"";"11/02/2026";"24/03/2026";460;0;460;
"ALDES ";"MTO";"AR2601363";"COMMANDE";"11016257";"";"12/03/2026";"24/03/2026";2;0;2;
"ALDES ";"MTO";"AR2601366";"COMMANDE";"11016261";"";"13/03/2026";"24/03/2026";2;0;2;
"ALDES ";"MTO";"AR2601365";"COMMANDE";"11016269";"";"13/03/2026";"24/03/2026";15;0;15;
"ALDES ";"MTO";"AR2601366";"COMMANDE";"11016286";"";"13/03/2026";"24/03/2026";2;0;2;
"ALDES ";"MTO";"AR2601366";"COMMANDE";"11016297";"";"13/03/2026";"24/03/2026";1;0;1;
"ALDES ";"MTO";"AR2601347";"COMMANDE";"11016306";"";"12/03/2026";"24/03/2026";2;0;2;
"AERECO WENTYLACJA Sp. z.o.o";"NOR";"AR2600888";"COMMANDE";"11016310";"";"11/02/2026";"24/03/2026";1728;0;1728;
"ALDES ";"MTS";"AR2600808";"COMMANDE";"11019006";"F426-10009";"09/02/2026";"24/03/2026";480;0;480;
"ALDES ";"MTO";"AR2601364";"COMMANDE";"11019142";"";"13/03/2026";"24/03/2026";39;0;39;
"ALDES ";"MTO";"AR2601247";"COMMANDE";"11019149";"";"06/03/2026";"24/03/2026";30;0;30;
"ALDES ";"MTO";"AR2601361";"COMMANDE";"11019149";"";"12/03/2026";"24/03/2026";1;0;1;
"ALDES ";"MTO";"AR2601262";"COMMANDE";"11019149";"";"09/03/2026";"24/03/2026";100;0;100;
"ALDES ";"MTO";"AR2601208";"COMMANDE";"11019149";"";"04/03/2026";"24/03/2026";15;0;15;
"ALDES ";"MTO";"AR2601361";"COMMANDE";"11019151";"";"12/03/2026";"24/03/2026";1;0;1;
"ALDES ";"MTO";"AR2601236";"COMMANDE";"11019411";"";"05/03/2026";"24/03/2026";10;0;10;
"ALDES ";"MTO";"AR2601261";"COMMANDE";"11019411";"";"09/03/2026";"24/03/2026";20;0;20;
"ALDES ";"MTO";"AR2601362";"COMMANDE";"11019411";"";"12/03/2026";"24/03/2026";1;0;1;
"ALDES ";"MTO";"AR2601187";"COMMANDE";"11019411";"";"03/03/2026";"24/03/2026";25;0;25;
"ALDES ";"MTS";"AR2601267";"COMMANDE";"11026032";"F426-10172";"09/03/2026";"24/03/2026";480;0;480;
"ALDES ";"MTS";"AR2601227";"COMMANDE";"11033385";"F426-07665";"05/03/2026";"24/03/2026";32;0;16;
"ALDES ";"MTS";"AR2601283";"COMMANDE";"11033426";"F426-10101";"09/03/2026";"24/03/2026";256;0;256;
"ALDES ";"MTS";"AR2601395";"COMMANDE";"11035401";"F426-10132";"17/03/2026";"24/03/2026";352;0;352;
"AERECO WENTYLACJA Sp. z.o.o";"NOR";"AR2504246";"COMMANDE";"11819091";"";"08/12/2025";"24/03/2026";720;0;720;
"AERECO WENTYLACJA Sp. z.o.o";"NOR";"AR2600207";"COMMANDE";"AEA1241XX";"";"14/01/2026";"24/03/2026";1809;1809;1809;
"AERECO WENTYLACJA Sp. z.o.o";"NOR";"AR2504246";"COMMANDE";"AEA1243XX";"";"08/12/2025";"24/03/2026";1440;0;1440;
"AERECO WENTYLACJA Sp. z.o.o";"NOR";"AR2600207";"COMMANDE";"AEA731XX";"";"14/01/2026";"24/03/2026";3618;3618;3618;
"AERECO WENTYLACJA Sp. z.o.o";"NOR";"AR2504246";"COMMANDE";"AEA731XX";"";"08/12/2025";"24/03/2026";1809;1809;1809;
"AERECO WENTYLACJA Sp. z.o.o";"NOR";"AR2504246";"COMMANDE";"AEA775XX";"";"08/12/2025";"24/03/2026";440;0;440;
"AERECO GmbH";"";"26030000151947";"PREVISION";"AEA776XX";"";"24/03/2026";"24/03/2026";4;0;4;
"PARTN-AIR SA";"NOR";"AR2601153";"COMMANDE";"AVE056XX";"";"03/03/2026";"24/03/2026";20;0;20;
"PARTN-AIR SA";"NOR";"AR2601354";"COMMANDE";"B6794";"";"12/03/2026";"24/03/2026";36;0;36;
"PARTN-AIR SA";"NOR";"AR2601130";"COMMANDE";"BXC1890EX";"";"27/02/2026";"24/03/2026";288;0;288;
"PARTN-AIR SA";"NOR";"AR2601039";"COMMANDE";"BXC1893EX";"";"19/02/2026";"24/03/2026";288;0;288;
"AERECO WENTYLACJA Sp. z.o.o";"NOR";"AR2600207";"COMMANDE";"BXC1907EX";"";"14/01/2026";"24/03/2026";1152;0;1152;
"AERECO WENTYLACJA Sp. z.o.o";"NOR";"AR2504246";"COMMANDE";"BXC1907EX";"";"08/12/2025";"24/03/2026";1152;0;1152;
"PARTN-AIR SA";"NOR";"AR2601134";"COMMANDE";"BXE2077EX";"";"27/02/2026";"24/03/2026";90;0;90;
"AERECO WENTYLACJA Sp. z.o.o";"NOR";"AR2504246";"COMMANDE";"EAR201PO";"";"08/12/2025";"24/03/2026";648;0;648;
"AERECO WENTYLACJA Sp. z.o.o";"NOR";"AR2504246";"COMMANDE";"EAR206PO";"";"08/12/2025";"24/03/2026";720;0;720;
"PARTN-AIR SA";"NOR";"AR2601183";"COMMANDE";"EAR2300EX";"";"03/03/2026";"24/03/2026";216;0;216;
"PARTN-AIR SA";"NOR";"AR2601106";"COMMANDE";"EAR282EX";"";"25/02/2026";"24/03/2026";320;0;320;
"AERECO GmbH";"NOR";"26030000154814";"PREVISION";"EAR282GM";"";"24/03/2026";"24/03/2026";576;0;576;
"AERECO WENTYLACJA Sp. z.o.o";"NOR";"AR2504246";"COMMANDE";"EHT780PO";"";"08/12/2025";"24/03/2026";720;0;720;
"AERECO WENTYLACJA Sp. z.o.o";"NOR";"AR2504246";"COMMANDE";"EMM707PO";"";"08/12/2025";"24/03/2026";1728;0;1728;
"AERECO WENTYLACJA Sp. z.o.o";"NOR";"AR2504246";"COMMANDE";"EMM716PO";"";"08/12/2025";"24/03/2026";2160;0;2160;
"PARTN-AIR SA";"NOR";"AR2601133";"COMMANDE";"ETH1984EX";"";"27/02/2026";"24/03/2026";15;12;15;
"PARTN-AIR SA";"NOR";"AR2601048";"COMMANDE";"V4A2164EX";"";"19/02/2026";"24/03/2026";5;0;5;
"ALDES ";"MTO";"AR2601377";"COMMANDE";"11016261";"";"13/03/2026";"25/03/2026";55;0;55;
"ALDES ";"MTO";"AR2601374";"COMMANDE";"11016261";"";"13/03/2026";"25/03/2026";2;0;2;
"ALDES ";"MTO";"AR2601376";"COMMANDE";"11016265";"";"13/03/2026";"25/03/2026";1;0;1;
"ALDES ";"MTO";"AR2601376";"COMMANDE";"11016267";"";"13/03/2026";"25/03/2026";1;0;1;
"ALDES ";"MTO";"AR2601374";"COMMANDE";"11016274";"";"13/03/2026";"25/03/2026";1;0;1;
"ALDES ";"MTO";"AR2601377";"COMMANDE";"11016283";"";"13/03/2026";"25/03/2026";10;0;10;
"ALDES ";"MTO";"AR2601374";"COMMANDE";"11016286";"";"13/03/2026";"25/03/2026";2;0;2;
"ALDES ";"MTO";"AR2601374";"COMMANDE";"11016297";"";"13/03/2026";"25/03/2026";13;0;13;
"ALDES ";"MTO";"AR2601374";"COMMANDE";"11016302";"";"13/03/2026";"25/03/2026";4;0;4;
"ALDES ";"MTO";"AR2601374";"COMMANDE";"11016306";"";"13/03/2026";"25/03/2026";1;0;1;
"ALDES ";"MTO";"AR2601375";"COMMANDE";"11019233";"";"13/03/2026";"25/03/2026";3;0;3;
"ALDES ";"MTS";"AR2600866";"COMMANDE";"11026052";"F426-09580";"10/02/2026";"25/03/2026";192;0;192;
"ALDES ";"MTS";"AR2601282";"COMMANDE";"11033421";"F426-10186";"09/03/2026";"25/03/2026";432;0;432;
"ALDES ";"MTS";"AR2601285";"COMMANDE";"11033451";"F426-10103";"09/03/2026";"25/03/2026";336;0;336;
"ALDES ";"MTS";"AR2601278";"COMMANDE";"11035403";"F426-10099";"09/03/2026";"25/03/2026";504;504;504;
"ALDES ";"MTS";"AR2600875";"COMMANDE";"11035404";"F426-10030";"11/02/2026";"25/03/2026";1056;0;1056;
"ALDES ";"MTS";"AR2601050";"COMMANDE";"A2178";"";"19/02/2026";"25/03/2026";128;0;45;
"ALDES ";"MTS";"AR2600843";"COMMANDE";"A2183";"";"10/02/2026";"25/03/2026";120;0;120;
"ALDES ";"MTS";"AR2600445";"COMMANDE";"A2183";"";"26/01/2026";"25/03/2026";120;0;120;
"AERECO GmbH";"NOR";"AR2600390";"COMMANDE";"A4581E01";"";"22/01/2026";"25/03/2026";192;0;192;
"AERECO LEGTECHNIKA Kft";"NOR";"AR2601154";"COMMANDE";"ADX1428EX";"";"03/03/2026";"25/03/2026";1;0;1;
"AERECO GmbH";"NOR";"AR2601021";"COMMANDE";"AEA1151XX";"";"18/02/2026";"25/03/2026";3240;0;3240;
"AERECO GmbH";"NOR";"AR2601021";"COMMANDE";"AEA1152XX";"";"18/02/2026";"25/03/2026";2160;0;2160;
"AERECO GmbH";"NOR";"AR2600915";"COMMANDE";"AEA1429XX";"";"12/02/2026";"25/03/2026";360;0;360;
"AERECO GmbH";"NOR";"AR2600915";"COMMANDE";"AEA2118XX";"";"12/02/2026";"25/03/2026";64;0;64;
"AERECO GmbH";"NOR";"AR2601191";"COMMANDE";"AEA317XX";"";"04/03/2026";"25/03/2026";144;0;144;
"AERECO LEGTECHNIKA Kft";"NOR";"AR2601154";"COMMANDE";"AEA317XX";"";"03/03/2026";"25/03/2026";36;0;36;
"AERECO LEGTECHNIKA Kft";"NOR";"AR2601154";"COMMANDE";"AEA731XX";"";"03/03/2026";"25/03/2026";99;0;99;
"AERECO LEGTECHNIKA Kft";"NOR";"AR2601109";"COMMANDE";"AVE052EX";"";"25/02/2026";"25/03/2026";8;0;8;
"AERECO GmbH";"NOR";"AR2601158";"COMMANDE";"AVE052EX";"";"03/03/2026";"25/03/2026";5;0;5;
"AERECO GmbH";"NOR";"AR2601190";"COMMANDE";"AVE052EX";"";"04/03/2026";"25/03/2026";5;0;5;
"ALDES ";"MTS";"AR2600851";"COMMANDE";"BDH2228AL";"F426-09576";"10/02/2026";"25/03/2026";768;768;768;
"ALDES ";"MTS";"AR2601473";"COMMANDE";"BDH2231AL";"F426-10173";"20/03/2026";"25/03/2026";768;0;768;
"ALDES ";"MTS";"AR2600851";"COMMANDE";"BDH2254AL";"F426-08841";"10/02/2026";"25/03/2026";384;384;384;
"ALDES ";"MTS";"AR2600851";"COMMANDE";"BDH2271AL";"F426-10028";"10/02/2026";"25/03/2026";768;384;768;
"ALDES ";"MTS";"AR2600851";"COMMANDE";"BDH2283AL";"F426-10029";"10/02/2026";"25/03/2026";384;0;384;
"AERECO GmbH";"NOR";"AR2601065";"COMMANDE";"BFX1931GM";"";"20/02/2026";"25/03/2026";576;0;576;
"AERECO GmbH";"NOR";"AR2600539";"COMMANDE";"BXC1890GM";"";"29/01/2026";"25/03/2026";288;0;288;
"AERECO GmbH";"NOR";"AR2600390";"COMMANDE";"BXC1901GM";"";"22/01/2026";"25/03/2026";288;0;288;
"AERECO GmbH";"NOR";"AR2600585";"COMMANDE";"BXC1901GM";"";"30/01/2026";"25/03/2026";288;0;288;
"AERECO GmbH";"NOR";"AR2600818";"COMMANDE";"BXC1905GM";"";"10/02/2026";"25/03/2026";24;0;24;
"AERECO GmbH";"NOR";"AR2600818";"COMMANDE";"BXC1923GM";"";"10/02/2026";"25/03/2026";24;0;24;
"AERECO GmbH";"NOR";"AR2601272";"COMMANDE";"BXE1999GM";"";"09/03/2026";"25/03/2026";60;0;60;
"AERECO GmbH";"NOR";"AR2600915";"COMMANDE";"BXE2053GM";"";"12/02/2026";"25/03/2026";60;0;60;
"AERECO GmbH";"NOR";"AR2601086";"COMMANDE";"BXE2056GM";"";"24/02/2026";"25/03/2026";216;0;216;
"AERECO LEGTECHNIKA Kft";"NOR";"AR2601154";"COMMANDE";"EAF309HU";"";"03/03/2026";"25/03/2026";40;0;40;
"AERECO LEGTECHNIKA Kft";"NOR";"AR2601109";"COMMANDE";"EAR201EX";"";"25/02/2026";"25/03/2026";648;0;648;
"AERECO LEGTECHNIKA Kft";"NOR";"AR2601199";"COMMANDE";"EAR201EX";"";"04/03/2026";"25/03/2026";648;0;648;
"AERECO LEGTECHNIKA Kft";"NOR";"AR2601154";"COMMANDE";"EAR201EX";"";"03/03/2026";"25/03/2026";1296;0;1296;
"AERECO LEGTECHNIKA Kft";"NOR";"AR2601199";"COMMANDE";"EAR308EX";"";"04/03/2026";"25/03/2026";36;0;36;
"AERECO LEGTECHNIKA Kft";"NOR";"AR2601154";"COMMANDE";"EFR174XX";"";"03/03/2026";"25/03/2026";40;0;40;
"AERECO LEGTECHNIKA Kft";"NOR";"AR2600929";"COMMANDE";"EMM716HU";"";"12/02/2026";"25/03/2026";2160;0;2160;
"AERECO LEGTECHNIKA Kft";"NOR";"AR2600929";"COMMANDE";"EMM916HU";"";"12/02/2026";"25/03/2026";1080;0;1080;
"AERECO LEGTECHNIKA Kft";"NOR";"AR2601132";"COMMANDE";"ETH1853EX";"";"27/02/2026";"25/03/2026";30;0;30;
"AERECO LEGTECHNIKA Kft";"NOR";"AR2601154";"COMMANDE";"ETH1853EX";"";"03/03/2026";"25/03/2026";30;0;30;
"AERECO GmbH";"NOR";"AR2601033";"COMMANDE";"FBE1089GM";"";"18/02/2026";"25/03/2026";264;0;264;
"ALDES ";"MTS";"AR2600837";"COMMANDE";"G2H1238AE";"F426-10025";"10/02/2026";"25/03/2026";160;0;160;
"ALDES ";"MTS";"AR2600956";"COMMANDE";"GBP1810AE";"F426-09137";"12/02/2026";"25/03/2026";384;0;384;
"AERECO LEGTECHNIKA Kft";"NOR";"AR2601154";"COMMANDE";"VAM767HU";"";"03/03/2026";"25/03/2026";5;0;5;
"AERECO GmbH";"NOR";"AR2601025";"COMMANDE";"VAM813GM";"";"18/02/2026";"25/03/2026";84;0;84;
"ALDES ";"MTS";"AR2600809";"COMMANDE";"11011171";"F426-09069";"09/02/2026";"26/03/2026";60;0;60;
"ALDES ";"MTS";"AR2600809";"COMMANDE";"11011546";"F426-09071";"09/02/2026";"26/03/2026";120;120;120;
"ALDES ";"MTS";"AR2600809";"COMMANDE";"11016260";"F426-09078";"09/02/2026";"26/03/2026";48;48;48;
"ALDES ";"MTS";"AR2600809";"COMMANDE";"11016262";"F426-10011";"09/02/2026";"26/03/2026";384;0;384;
"ALDES ";"MTS";"AR2600809";"COMMANDE";"11016270";"F426-10012";"09/02/2026";"26/03/2026";48;0;48;
"ALDES ";"MTS";"AR2600809";"COMMANDE";"11016284";"F426-10013";"09/02/2026";"26/03/2026";112;0;112;
"ALDES ";"MTS";"AR2600809";"COMMANDE";"11016287";"F426-10014";"09/02/2026";"26/03/2026";112;0;112;
"ALDES ";"MTS";"AR2600809";"COMMANDE";"11016291";"F426-10015";"09/02/2026";"26/03/2026";112;0;112;
"ALDES ";"MTS";"AR2600809";"COMMANDE";"11016309";"F426-10016";"09/02/2026";"26/03/2026";720;0;720;
"ALDES ";"MTS";"AR2600809";"COMMANDE";"11016312";"F426-10017";"09/02/2026";"26/03/2026";300;0;300;
"ALDES ";"MTS";"AR2600809";"COMMANDE";"11016313";"F426-10018";"09/02/2026";"26/03/2026";168;0;168;
"ALDES ";"MTS";"AR2600809";"COMMANDE";"11016314";"F426-10019";"09/02/2026";"26/03/2026";72;0;72;
"ALDES ";"MTS";"AR2600809";"COMMANDE";"11018139";"F426-09336";"09/02/2026";"26/03/2026";105;0;105;
"ALDES ";"MTS";"AR2600809";"COMMANDE";"11018175";"F426-10020";"09/02/2026";"26/03/2026";105;0;105;
"ALDES ";"MTS";"AR2600809";"COMMANDE";"11019003";"F426-10021";"09/02/2026";"26/03/2026";480;0;480;
"ALDES ";"MTS";"AR2600809";"COMMANDE";"11019004";"F426-10022";"09/02/2026";"26/03/2026";480;0;480;
"ALDES ";"MTS";"AR2600809";"COMMANDE";"11019007";"F426-09340";"09/02/2026";"26/03/2026";520;520;520;
"ALDES ";"MTS";"AR2600809";"COMMANDE";"11019008";"F426-09341";"09/02/2026";"26/03/2026";480;0;480;
"ALDES ";"MTS";"AR2600809";"COMMANDE";"11019014";"F426-10023";"09/02/2026";"26/03/2026";240;0;240;
"ALDES ";"MTS";"AR2600809";"COMMANDE";"11019016";"F426-09343";"09/02/2026";"26/03/2026";80;0;80;
"ALDES ";"MTS";"AR2600809";"COMMANDE";"11019017";"F426-09344";"09/02/2026";"26/03/2026";30;0;30;
"ALDES ";"MTS";"AR2600809";"COMMANDE";"11019020";"F426-09345";"09/02/2026";"26/03/2026";480;0;480;
"ALDES ";"MTS";"AR2600809";"COMMANDE";"11019130";"F426-09805";"09/02/2026";"26/03/2026";520;0;520;
"ALDES ";"MTS";"AR2600809";"COMMANDE";"11019132";"F426-09806";"09/02/2026";"26/03/2026";260;0;260;
"ALDES ";"MTS";"AR2600809";"COMMANDE";"11019135";"F426-09807";"09/02/2026";"26/03/2026";66;0;66;
"ALDES ";"MTS";"AR2600809";"COMMANDE";"11019137";"F426-09808";"09/02/2026";"26/03/2026";65;0;65;
"ALDES ";"MTO";"AR2503855";"COMMANDE";"11019421";"";"17/11/2025";"26/03/2026";30;0;30;
"ALDES ";"MTS";"AR2601329";"COMMANDE";"11033205";"F426-10126";"11/03/2026";"26/03/2026";160;0;160;
"ALDES ";"MTS";"AR2601284";"COMMANDE";"11033436";"F426-10102";"09/03/2026";"26/03/2026";72;0;72;
"ALDES ";"MTS";"AR2601287";"COMMANDE";"11033531";"F426-10104";"09/03/2026";"26/03/2026";336;0;336;
"ALDES ";"MTS";"AR2601288";"COMMANDE";"11033549";"F426-10105";"09/03/2026";"26/03/2026";160;0;160;
"ALDES ";"MTS";"AR2601289";"COMMANDE";"11035406";"F426-10106";"09/03/2026";"26/03/2026";504;0;504;
"ALDES ";"MTS";"AR2600780";"COMMANDE";"AEA1881AL";"F426-09970";"09/02/2026";"26/03/2026";220;0;220;
"BRISTEC cz, s.r.o.";"NOR";"AR2601244";"COMMANDE";"AEA2136XX";"";"06/03/2026";"26/03/2026";100;0;100;
"ALDES ";"MTS";"AR2600782";"COMMANDE";"AEA570AL";"F426-08718";"09/02/2026";"26/03/2026";480;0;480;
"PARTN-AIR SA";"NOR";"AR2601070";"COMMANDE";"AVE2131CH";"";"23/02/2026";"26/03/2026";20;0;20;
"PARTN-AIR SA";"NOR";"AR2601069";"COMMANDE";"AVE2131CH";"";"23/02/2026";"26/03/2026";15;0;15;
"ALDES ";"MTS";"AR2601453";"COMMANDE";"BDH2216AL";"F426-10165";"19/03/2026";"26/03/2026";768;0;768;
"ALDES ";"MTS";"AR2601228";"COMMANDE";"BDH2228AL";"F426-10069";"05/03/2026";"26/03/2026";384;0;384;
"ALDES ";"MTS";"AR2601228";"COMMANDE";"BDH2276AL";"F426-10070";"05/03/2026";"26/03/2026";384;0;384;
"ALDES ";"MTS";"AR2601331";"COMMANDE";"BDH2281AL";"F426-10127";"11/03/2026";"26/03/2026";384;0;384;
"BRISTEC cz, s.r.o.";"NOR";"AR2601244";"COMMANDE";"EAR201EX";"";"06/03/2026";"26/03/2026";108;0;108;
"ALDES ";"MTS";"AR2600809";"COMMANDE";"EBH1360AL";"F426-09791";"09/02/2026";"26/03/2026";3744;0;3744;
"ALDES ";"MTS";"AR2600809";"COMMANDE";"ETH1856AL";"F426-09077";"09/02/2026";"26/03/2026";225;225;225;
"ALDES ";"MTS";"AR2600826";"COMMANDE";"G2H1060AE";"F426-10024";"10/02/2026";"26/03/2026";150;0;150;
"ALDES ";"MTS";"AR2600829";"COMMANDE";"GBP1810AE";"F426-09104";"10/02/2026";"26/03/2026";384;0;384;
"ALDES ";"MTS";"AR2600831";"COMMANDE";"GBP1811AE";"F426-09105";"10/02/2026";"26/03/2026";192;0;192;
"ALDES ";"MTS";"AR2600958";"COMMANDE";"GBP443AE";"F426-10038";"12/02/2026";"26/03/2026";640;0;640;
"ALDES ";"MTO";"AR2601394";"COMMANDE";"11016261";"";"17/03/2026";"27/03/2026";1;0;1;
"ALDES ";"MTO";"AR2601397";"COMMANDE";"11016265";"";"17/03/2026";"27/03/2026";1;0;1;
"ALDES ";"MTO";"AR2601397";"COMMANDE";"11016265";"";"17/03/2026";"27/03/2026";1;0;1;
"ALDES ";"MTO";"AR2601397";"COMMANDE";"11016265";"";"17/03/2026";"27/03/2026";1;0;1;
"ALDES ";"MTO";"AR2601397";"COMMANDE";"11016265";"";"17/03/2026";"27/03/2026";1;0;1;
"ALDES ";"MTO";"AR2601397";"COMMANDE";"11016265";"";"17/03/2026";"27/03/2026";1;0;1;
"ALDES ";"MTO";"AR2601397";"COMMANDE";"11016265";"";"17/03/2026";"27/03/2026";1;0;1;
"ALDES ";"MTO";"AR2601397";"COMMANDE";"11016265";"";"17/03/2026";"27/03/2026";1;0;1;
"ALDES ";"MTO";"AR2601397";"COMMANDE";"11016265";"";"17/03/2026";"27/03/2026";1;0;1;
"ALDES ";"MTO";"AR2601397";"COMMANDE";"11016265";"";"17/03/2026";"27/03/2026";1;0;1;
"ALDES ";"MTO";"AR2601397";"COMMANDE";"11016265";"";"17/03/2026";"27/03/2026";1;0;1;
"ALDES ";"MTO";"AR2601397";"COMMANDE";"11016265";"";"17/03/2026";"27/03/2026";1;0;1;
"ALDES ";"MTO";"AR2601397";"COMMANDE";"11016265";"";"17/03/2026";"27/03/2026";1;0;1;
"ALDES ";"MTO";"AR2601397";"COMMANDE";"11016265";"";"17/03/2026";"27/03/2026";1;0;1;
"ALDES ";"MTO";"AR2601397";"COMMANDE";"11016265";"";"17/03/2026";"27/03/2026";1;0;1;
"ALDES ";"MTO";"AR2601397";"COMMANDE";"11016265";"";"17/03/2026";"27/03/2026";1;0;1;
"ALDES ";"MTO";"AR2601397";"COMMANDE";"11016265";"";"17/03/2026";"27/03/2026";1;0;1;
"ALDES ";"MTO";"AR2601394";"COMMANDE";"11016267";"";"17/03/2026";"27/03/2026";3;0;3;
"ALDES ";"MTO";"AR2601445";"COMMANDE";"11016269";"";"18/03/2026";"27/03/2026";1;0;1;
"ALDES ";"MTO";"AR2601392";"COMMANDE";"11016282";"";"17/03/2026";"27/03/2026";1;0;1;
"ALDES ";"MTO";"AR2601392";"COMMANDE";"11016283";"";"17/03/2026";"27/03/2026";1;0;1;
"ALDES ";"MTO";"AR2601387";"COMMANDE";"11016286";"";"16/03/2026";"27/03/2026";6;0;6;
"ALDES ";"MTO";"AR2601392";"COMMANDE";"11016297";"";"17/03/2026";"27/03/2026";4;0;4;
"ALDES ";"MTO";"AR2601386";"COMMANDE";"11016302";"";"16/03/2026";"27/03/2026";2;0;2;
"ALDES ";"MTO";"AR2601436";"COMMANDE";"11016306";"";"18/03/2026";"27/03/2026";10;0;10;
"ALDES ";"MTO";"AR2601447";"COMMANDE";"11016467";"";"18/03/2026";"27/03/2026";1;0;1;
"ALDES ";"MTO";"AR2601400";"COMMANDE";"11018136";"";"17/03/2026";"27/03/2026";1;0;1;
"ALDES ";"MTO";"AR2601437";"COMMANDE";"11018171";"";"18/03/2026";"27/03/2026";5;0;5;
"ALDES ";"MTO";"AR2601435";"COMMANDE";"11018172";"";"18/03/2026";"27/03/2026";1;0;1;
"ALDES ";"MTO";"AR2601393";"COMMANDE";"11018173";"";"17/03/2026";"27/03/2026";1;0;1;
"ALDES ";"MTO";"AR2601388";"COMMANDE";"11018176";"";"16/03/2026";"27/03/2026";1;0;1;
"ALDES ";"MTO";"AR2601435";"COMMANDE";"11019114";"";"18/03/2026";"27/03/2026";1;0;1;
"ALDES ";"MTO";"AR2601433";"COMMANDE";"11019142";"";"18/03/2026";"27/03/2026";1;0;1;
"ALDES ";"MTO";"AR2601434";"COMMANDE";"11019142";"";"18/03/2026";"27/03/2026";10;0;10;
"ALDES ";"MTO";"AR2601401";"COMMANDE";"11019142";"";"17/03/2026";"27/03/2026";1;0;1;
"ALDES ";"MTO";"AR2601433";"COMMANDE";"11019144";"";"18/03/2026";"27/03/2026";1;0;1;
"ALDES ";"MTO";"AR2601398";"COMMANDE";"11019149";"";"17/03/2026";"27/03/2026";1;0;1;
"ALDES ";"MTO";"AR2601433";"COMMANDE";"11019151";"";"18/03/2026";"27/03/2026";1;0;1;
"ALDES ";"MTO";"AR2601444";"COMMANDE";"11019154";"";"18/03/2026";"27/03/2026";1;0;1;
"ALDES ";"MTO";"AR2601389";"COMMANDE";"11019411";"";"16/03/2026";"27/03/2026";40;0;40;
"ALDES ";"MTO";"AR2601391";"COMMANDE";"11019411";"";"17/03/2026";"27/03/2026";10;0;10;
"ALDES ";"MTO";"AR2601446";"COMMANDE";"11019411";"";"18/03/2026";"27/03/2026";10;0;10;
"ALDES ";"MTO";"AR2601444";"COMMANDE";"11019421";"";"18/03/2026";"27/03/2026";10;0;10;
"ALDES ";"MTS";"AR2601403";"COMMANDE";"11026031";"F426-10134";"17/03/2026";"27/03/2026";324;0;324;
"ALDES ";"MTS";"AR2601402";"COMMANDE";"11035402";"F426-10133";"17/03/2026";"27/03/2026";352;0;352;
"ALDES ";"MTO";"AR2601380";"COMMANDE";"11186150";"";"16/03/2026";"27/03/2026";5;0;5;
"ALDES ";"MTS";"AR2601448";"COMMANDE";"BDH2216AL";"F426-10164";"18/03/2026";"27/03/2026";784;0;784;
"ALDES ";"MTO";"AR2601399";"COMMANDE";"BXG353AL";"";"17/03/2026";"27/03/2026";4;0;4;
"ALDES ";"MTS";"AR2601228";"COMMANDE";"11016310";"F426-10071";"05/03/2026";"30/03/2026";480;0;480;
"ALDES ";"MTS";"AR2601229";"COMMANDE";"11016313";"F426-10072";"05/03/2026";"30/03/2026";168;0;168;
"ALDES ";"MTS";"AR2601228";"COMMANDE";"11018140";"F426-09412";"05/03/2026";"30/03/2026";105;0;105;
"ALDES ";"MTS";"AR2600783";"COMMANDE";"11033680";"F426-09503";"09/02/2026";"30/03/2026";540;0;540;
"ALDES ";"MTS";"AR2600953";"COMMANDE";"A2183";"";"12/02/2026";"30/03/2026";120;0;120;
"ALDES ";"MTS";"AR2601224";"COMMANDE";"AEA877AL";"F426-09619";"05/03/2026";"30/03/2026";200;0;200;
"ALDES ";"MTS";"AR2601291";"COMMANDE";"BDH2224AL";"F426-10108";"09/03/2026";"30/03/2026";339;0;339;
"ALDES ";"MTS";"AR2601454";"COMMANDE";"BDH2231AL";"F426-10166";"19/03/2026";"30/03/2026";768;0;768;
"ALDES ";"MTS";"AR2601294";"COMMANDE";"BDH2241AL";"F426-10109";"09/03/2026";"30/03/2026";50;0;50;
"ALDES ";"MTS";"AR2601297";"COMMANDE";"BDH2248AL";"F426-10112";"09/03/2026";"30/03/2026";50;0;50;
"ALDES ";"MTS";"AR2601455";"COMMANDE";"BDH2251AL";"F426-10167";"19/03/2026";"30/03/2026";768;0;768;
"ALDES ";"MTS";"AR2601290";"COMMANDE";"BDH2263AL";"F426-10107";"09/03/2026";"30/03/2026";384;0;384;
"ALDES ";"MTS";"AR2601296";"COMMANDE";"BDH2306AL";"F426-10111";"09/03/2026";"30/03/2026";50;0;50;
"VELUX A/S";"NOR";"AR2601471";"COMMANDE";"EAW1678VE";"";"20/03/2026";"30/03/2026";150;0;150;
"VELUX A/S";"NOR";"AR2601472";"COMMANDE";"EAW1679VE";"";"20/03/2026";"30/03/2026";50;0;50;
"ALDES ";"MTS";"AR2600952";"COMMANDE";"EFL1345AL";"F426-09374";"12/02/2026";"30/03/2026";1440;0;1440;
"ALDES ";"MTS";"AR2600838";"COMMANDE";"G2H1238AE";"F426-10026";"10/02/2026";"30/03/2026";160;0;160;
"ALDES ";"MTS";"AR2600809";"COMMANDE";"11011539";"F426-10010";"09/02/2026";"31/03/2026";720;0;720;
"ALDES ";"MTO";"AR2601462";"COMMANDE";"11016282";"";"20/03/2026";"31/03/2026";1;0;1;
"ALDES ";"MTO";"AR2601467";"COMMANDE";"11016286";"";"20/03/2026";"31/03/2026";1;0;1;
"AERECO WENTYLACJA Sp. z.o.o";"NOR";"AR2601321";"COMMANDE";"11016310";"";"10/03/2026";"31/03/2026";576;0;576;
"AERECO WENTYLACJA Sp. z.o.o";"NOR";"AR2600208";"COMMANDE";"11016310";"";"14/01/2026";"31/03/2026";1152;0;1152;
"AERECO WENTYLACJA Sp. z.o.o";"NOR";"26030000150663";"PREVISION";"11016310";"";"31/03/2026";"31/03/2026";576;0;576;
"ALDES ";"MTO";"AR2601466";"COMMANDE";"11018173";"";"20/03/2026";"31/03/2026";1;0;1;
"ALDES ";"MTO";"AR2601461";"COMMANDE";"11019142";"";"20/03/2026";"31/03/2026";1;0;1;
"ALDES ";"MTO";"AR2601463";"COMMANDE";"11019142";"";"20/03/2026";"31/03/2026";1;0;1;
"ALDES ";"MTO";"AR2601464";"COMMANDE";"11019142";"";"20/03/2026";"31/03/2026";23;0;23;
"ALDES ";"MTO";"AR2601464";"COMMANDE";"11019147";"";"20/03/2026";"31/03/2026";20;0;20;
"ALDES ";"MTO";"AR2601468";"COMMANDE";"11019149";"";"20/03/2026";"31/03/2026";2;0;2;
"ALDES ";"MTO";"AR2601465";"COMMANDE";"11019411";"";"20/03/2026";"31/03/2026";5;0;5;
"AERECO WENTYLACJA Sp. z.o.o";"NOR";"AR2600208";"COMMANDE";"11819090";"";"14/01/2026";"31/03/2026";720;0;720;
"AERECO WENTYLACJA Sp. z.o.o";"NOR";"26030000150680";"PREVISION";"11819090";"";"31/03/2026";"31/03/2026";720;0;720;
"AERECO WENTYLACJA Sp. z.o.o";"NOR";"AR2600891";"COMMANDE";"11819091";"";"11/02/2026";"31/03/2026";2160;0;2160;
"AERECO GmbH";"";"26030000150753";"PREVISION";"A3772E";"";"31/03/2026";"31/03/2026";364;0;364;
"AERECO GmbH";"NOR";"26030000150825";"PREVISION";"A4581E01";"";"31/03/2026";"31/03/2026";2;0;2;
"AERECO GmbH";"NOR";"26030000150900";"PREVISION";"AEA064XX";"";"31/03/2026";"31/03/2026";1066;0;1066;
"AERECO WENTYLACJA Sp. z.o.o";"";"26030000150930";"PREVISION";"AEA098XX";"";"31/03/2026";"31/03/2026";600;0;600;
"AERECO GmbH";"NOR";"26030000150970";"PREVISION";"AEA100XX";"";"31/03/2026";"31/03/2026";1688;0;1688;
"AERECO GmbH";"NOR";"26030000150991";"PREVISION";"AEA1150XX";"";"31/03/2026";"31/03/2026";1200;0;1200;
"AERECO GmbH";"NOR";"26030000150998";"PREVISION";"AEA1151XX";"";"31/03/2026";"31/03/2026";3240;0;3240;
"PARTN-AIR SA";"NOR";"AR2601201";"COMMANDE";"AEA1151XX";"";"04/03/2026";"31/03/2026";120;0;120;
"PARTN-AIR SA";"NOR";"AR2601201";"COMMANDE";"AEA1152XX";"";"04/03/2026";"31/03/2026";240;0;240;
"AERECO GmbH";"NOR";"26030000151015";"PREVISION";"AEA1152XX";"";"31/03/2026";"31/03/2026";2400;0;2400;
"AERECO WENTYLACJA Sp. z.o.o";"NOR";"AR2600208";"COMMANDE";"AEA1152XX";"";"14/01/2026";"31/03/2026";1080;0;1080;
"AERECO WENTYLACJA Sp. z.o.o";"NOR";"AR2600208";"COMMANDE";"AEA1202XX";"";"14/01/2026";"31/03/2026";304;0;304;
"AERECO WENTYLACJA Sp. z.o.o";"NOR";"26030000151047";"PREVISION";"AEA1202XX";"";"31/03/2026";"31/03/2026";60;0;60;
"AERECO GmbH";"NOR";"26030000151086";"PREVISION";"AEA1217GM";"";"31/03/2026";"31/03/2026";864;0;864;
"AERECO GmbH";"NOR";"26030000151153";"PREVISION";"AEA1241XX";"";"31/03/2026";"31/03/2026";1809;0;1809;
"AERECO WENTYLACJA Sp. z.o.o";"NOR";"AR2600208";"COMMANDE";"AEA1242XX";"";"14/01/2026";"31/03/2026";1608;0;1608;
"AERECO WENTYLACJA Sp. z.o.o";"NOR";"26030000151179";"PREVISION";"AEA1242XX";"";"31/03/2026";"31/03/2026";148;0;148;
"AERECO WENTYLACJA Sp. z.o.o";"NOR";"AR2600208";"COMMANDE";"AEA1243XX";"";"14/01/2026";"31/03/2026";1440;0;1440;
"AERECO GmbH";"";"26030000151235";"PREVISION";"AEA1335EX";"";"31/03/2026";"31/03/2026";1;0;1;
"AERECO GmbH";"";"26030000151275";"PREVISION";"AEA1339EX";"";"31/03/2026";"31/03/2026";38;0;38;
"AERECO GmbH";"NOR";"26030000151345";"PREVISION";"AEA1429XX";"";"31/03/2026";"31/03/2026";1;0;1;
"AERECO Ventilation AB";"";"26030000151462";"PREVISION";"AEA1955XX";"";"31/03/2026";"31/03/2026";65;0;65;
"AERECO GmbH";"NOR";"26030000151538";"PREVISION";"AEA1992XX";"";"31/03/2026";"31/03/2026";1200;0;1200;
"AERECO GmbH";"";"26030000151645";"PREVISION";"AEA2115XX";"";"31/03/2026";"31/03/2026";52;0;52;
"AERECO GmbH";"NOR";"26030000151685";"PREVISION";"AEA301XX";"";"31/03/2026";"31/03/2026";616;0;616;
"AERECO GmbH";"NOR";"26030000151725";"PREVISION";"AEA317XX";"";"31/03/2026";"31/03/2026";1336;0;1336;
"AERECO GmbH";"";"26030000151777";"PREVISION";"AEA453XX";"";"31/03/2026";"31/03/2026";12;0;12;
"AERECO GmbH";"NOR";"26030000151876";"PREVISION";"AEA733XX";"";"31/03/2026";"31/03/2026";368;0;368;
"AERECO WENTYLACJA Sp. z.o.o";"NOR";"AR2600208";"COMMANDE";"AEA733XX";"";"14/01/2026";"31/03/2026";1809;0;1809;
"AERECO GmbH";"NOR";"26030000151907";"PREVISION";"AEA775XX";"";"31/03/2026";"31/03/2026";88;0;88;
"AERECO GmbH";"";"26030000151976";"PREVISION";"AEA778XX";"";"31/03/2026";"31/03/2026";283;0;283;
"AERECO GmbH";"";"26030000152016";"PREVISION";"AEA808XX";"";"31/03/2026";"31/03/2026";13;0;13;
"AERECO GmbH";"NOR";"26030000152046";"PREVISION";"AEA809XX";"";"31/03/2026";"31/03/2026";19;0;19;
"AERECO GmbH";"NOR";"26030000152085";"PREVISION";"AEA827XX";"";"31/03/2026";"31/03/2026";1782;0;1782;
"AERECO WENTYLACJA Sp. z.o.o";"NOR";"AR2600208";"COMMANDE";"AEA833XX";"";"14/01/2026";"31/03/2026";1440;0;1440;
"AERECO GmbH";"NOR";"26030000152134";"PREVISION";"AEA851XX";"";"31/03/2026";"31/03/2026";872;0;872;
"PIEREN AG";"NOR";"AR2601349";"COMMANDE";"AEA851XX";"";"12/03/2026";"31/03/2026";12;0;12;
"AERECO WENTYLACJA Sp. z.o.o";"NOR";"AR2600208";"COMMANDE";"AEA852XX";"";"14/01/2026";"31/03/2026";1440;0;1440;
"AERECO GmbH";"";"26030000152213";"PREVISION";"AEA967XX";"";"31/03/2026";"31/03/2026";159;0;159;
"AERECO GmbH";"";"26030000152253";"PREVISION";"AEA968XX";"";"31/03/2026";"31/03/2026";35;0;35;
"AERECO GmbH";"NOR";"26030000152293";"PREVISION";"AVE052EX";"";"31/03/2026";"31/03/2026";2;0;2;
"AERECO GmbH";"NOR";"26030000152310";"PREVISION";"AVE056XX";"";"31/03/2026";"31/03/2026";14;0;14;
"AERECO GmbH";"NOR";"26030000152350";"PREVISION";"AVE057EX";"";"31/03/2026";"31/03/2026";1;0;1;
"AERECO WENTYLACJA Sp. z.o.o";"NOR";"26030000152362";"PREVISION";"AVE1267EX";"";"31/03/2026";"31/03/2026";8;0;8;
"AERECO GmbH";"";"26030000152407";"PREVISION";"B3651";"";"31/03/2026";"31/03/2026";65;0;65;
"AERECO Ventilation AB";"NOR";"26030000152447";"PREVISION";"B6794";"";"31/03/2026";"31/03/2026";21;0;21;
"AERECO Ventilation AB";"";"26030000152487";"PREVISION";"B6796";"";"31/03/2026";"31/03/2026";91;0;91;
"ALDES ";"MTS";"AR2601295";"COMMANDE";"BDH2305AL";"F426-10110";"09/03/2026";"31/03/2026";50;0;50;
"AERECO GmbH";"NOR";"26030000152540";"PREVISION";"BFE2068GM";"";"31/03/2026";"31/03/2026";3;0;3;
"AERECO GmbH";"";"26030000152638";"PREVISION";"BXC1889EX";"";"31/03/2026";"31/03/2026";15;0;15;
"PARTN-AIR SA";"NOR";"AR2601328";"COMMANDE";"BXC1893EX";"";"11/03/2026";"31/03/2026";288;0;288;
"AERECO WENTYLACJA Sp. z.o.o";"NOR";"26030000152868";"PREVISION";"BXC1899EX";"";"31/03/2026";"31/03/2026";38;0;38;
"AERECO WENTYLACJA Sp. z.o.o";"NOR";"26030000152901";"PREVISION";"BXC1900EX";"";"31/03/2026";"31/03/2026";864;0;864;
"AERECO WENTYLACJA Sp. z.o.o";"";"26030000153017";"PREVISION";"BXC1902EX";"";"31/03/2026";"31/03/2026";57;0;57;
"AERECO WENTYLACJA Sp. z.o.o";"NOR";"26030000153054";"PREVISION";"BXC1903EX";"";"31/03/2026";"31/03/2026";44;0;44;
"AERECO GmbH";"NOR";"26030000153092";"PREVISION";"BXC1903GM";"";"31/03/2026";"31/03/2026";57;0;57;
"AERECO WENTYLACJA Sp. z.o.o";"NOR";"AR2600208";"COMMANDE";"BXC1907EX";"";"14/01/2026";"31/03/2026";864;0;864;
"AERECO WENTYLACJA Sp. z.o.o";"NOR";"26030000153195";"PREVISION";"BXC1907EX";"";"31/03/2026";"31/03/2026";1152;0;1152;
"AERECO WENTYLACJA Sp. z.o.o";"NOR";"26030000153228";"PREVISION";"BXC1908EX";"";"31/03/2026";"31/03/2026";284;0;284;
"AERECO GmbH";"";"26030000153531";"PREVISION";"BXC2139GM";"";"31/03/2026";"31/03/2026";9;0;9;
"AERECO GmbH";"NOR";"26030000153568";"PREVISION";"BXC2142GM";"";"31/03/2026";"31/03/2026";4;0;4;
"AERECO GmbH";"NOR";"26030000153741";"PREVISION";"BXE2065GM";"";"31/03/2026";"31/03/2026";3;0;3;
"AERECO GmbH";"NOR";"26030000153786";"PREVISION";"BXE2066GM";"";"31/03/2026";"31/03/2026";1;0;1;
"AERECO GmbH";"";"26030000153862";"PREVISION";"BXE2069GM";"";"31/03/2026";"31/03/2026";3;0;3;
"AERECO GmbH";"NOR";"26030000153872";"PREVISION";"BXE2073GM";"";"31/03/2026";"31/03/2026";3;0;3;
"AERECO GmbH";"NOR";"26030000153925";"PREVISION";"BXE2077GM";"";"31/03/2026";"31/03/2026";6;0;6;
"PARTN-AIR SA";"NOR";"AR2600935";"COMMANDE";"BXE2078EX";"";"12/02/2026";"31/03/2026";360;0;360;
"AERECO GmbH";"NOR";"26030000154001";"PREVISION";"BXE2078GM";"";"31/03/2026";"31/03/2026";6;0;6;
"AERECO GmbH";"NOR";"26030000154072";"PREVISION";"BXE2080GM";"";"31/03/2026";"31/03/2026";3;0;3;
"AERECO GmbH";"NOR";"26030000154108";"PREVISION";"BXE2189GM";"";"31/03/2026";"31/03/2026";3;0;3;
"AERECO GmbH";"NOR";"26030000154131";"PREVISION";"BXE2191GM";"";"31/03/2026";"31/03/2026";3;0;3;
"AERECO GmbH";"NOR";"26030000154204";"PREVISION";"BXE2202GM";"";"31/03/2026";"31/03/2026";3;0;3;
"AERECO WENTYLACJA Sp. z.o.o";"NOR";"AR2601322";"COMMANDE";"BXL888PO";"";"10/03/2026";"31/03/2026";576;0;576;
"AERECO GmbH";"NOR";"26030000154285";"PREVISION";"CAL261EX";"";"31/03/2026";"31/03/2026";400;0;400;
"PARTN-AIR SA";"NOR";"AR2503137";"COMMANDE";"DP2389";"";"29/09/2025";"31/03/2026";600;0;285;
"H-G, s.r.o.";"NOR";"AR2600474";"COMMANDE";"DP2409";"";"27/01/2026";"31/03/2026";111;0;111;
"AERECO GmbH";"";"26030000154295";"PREVISION";"EAF309EX";"";"31/03/2026";"31/03/2026";127;0;127;
"PIEREN AG";"NOR";"AR2601349";"COMMANDE";"EAF312EX";"";"12/03/2026";"31/03/2026";40;0;40;
"AERECO GmbH";"";"26030000154425";"PREVISION";"EAF323EX";"";"31/03/2026";"31/03/2026";263;0;263;
"PARTN-AIR SA";"NOR";"AR2601336";"COMMANDE";"EAR200EX";"";"11/03/2026";"31/03/2026";120;0;120;
"PARTN-AIR SA";"NOR";"AR2601201";"COMMANDE";"EAR200EX";"";"04/03/2026";"31/03/2026";80;0;80;
"AERECO GmbH";"NOR";"26030000154541";"PREVISION";"EAR200GM";"";"31/03/2026";"31/03/2026";1440;0;1440;
"AERECO GmbH";"NOR";"26030000154592";"PREVISION";"EAR2019GM";"";"31/03/2026";"31/03/2026";1080;0;1080;
"PARTN-AIR SA";"NOR";"AR2601328";"COMMANDE";"EAR201EX";"";"11/03/2026";"31/03/2026";324;0;324;
"OOO VIVA LOGISTICS";"NOR";"26030000154605";"PREVISION";"EAR201EX";"";"31/03/2026";"31/03/2026";648;0;648;
"AERECO GmbH";"";"26030000154630";"PREVISION";"EAR201GM";"";"31/03/2026";"31/03/2026";1296;0;1296;
"AERECO WENTYLACJA Sp. z.o.o";"NOR";"AR2601321";"COMMANDE";"EAR201PO";"";"10/03/2026";"31/03/2026";1296;0;1296;
"AERECO WENTYLACJA Sp. z.o.o";"NOR";"26030000154642";"PREVISION";"EAR201PO";"";"31/03/2026";"31/03/2026";1944;0;1944;
"AERECO GmbH";"";"26030000154767";"PREVISION";"EAR206GM";"";"31/03/2026";"31/03/2026";576;0;576;
"AERECO WENTYLACJA Sp. z.o.o";"NOR";"26030000154775";"PREVISION";"EAR206PO";"";"31/03/2026";"31/03/2026";4176;0;4176;
"AERECO WENTYLACJA Sp. z.o.o";"NOR";"AR2601321";"COMMANDE";"EAR206PO";"";"10/03/2026";"31/03/2026";1152;0;1152;
"PARTN-AIR SA";"NOR";"AR2601336";"COMMANDE";"EAR282EX";"";"11/03/2026";"31/03/2026";64;0;64;
"PARTN-AIR SA";"NOR";"AR2601201";"COMMANDE";"EAR282EX";"";"04/03/2026";"31/03/2026";64;0;64;
"AERECO GmbH";"NOR";"26030000154815";"PREVISION";"EAR282GM";"";"31/03/2026";"31/03/2026";1728;0;1728;
"PIEREN AG";"NOR";"AR2601349";"COMMANDE";"EAR308EX";"";"12/03/2026";"31/03/2026";36;0;36;
"AERECO WENTYLACJA Sp. z.o.o";"NOR";"26030000154909";"PREVISION";"EFR174XX";"";"31/03/2026";"31/03/2026";9;0;9;
"AERECO GmbH";"NOR";"26030000154987";"PREVISION";"EHM1275GM";"";"31/03/2026";"31/03/2026";44;0;44;
"AERECO WENTYLACJA Sp. z.o.o";"";"26030000155026";"PREVISION";"EHM1276EX";"";"31/03/2026";"31/03/2026";224;0;224;
"AERECO GmbH";"";"26030000155184";"PREVISION";"EHP1198GM";"";"31/03/2026";"31/03/2026";60;0;60;
"AERECO GmbH";"";"26030000155338";"PREVISION";"EHP1875GM";"";"31/03/2026";"31/03/2026";1080;0;1080;
"ALDES S.p.A.";"";"26030000155353";"PREVISION";"EHT780EX";"";"31/03/2026";"31/03/2026";258;0;258;
"AERECO WENTYLACJA Sp. z.o.o";"NOR";"AR2601321";"COMMANDE";"EHT780PO";"";"10/03/2026";"31/03/2026";780;0;780;
"AERECO WENTYLACJA Sp. z.o.o";"NOR";"26030000155423";"PREVISION";"EHT780PO";"";"31/03/2026";"31/03/2026";720;0;720;
"AERECO WENTYLACJA Sp. z.o.o";"NOR";"26030000155492";"PREVISION";"EMM707PO";"";"31/03/2026";"31/03/2026";864;0;864;
"AERECO WENTYLACJA Sp. z.o.o";"NOR";"26030000155535";"PREVISION";"EMM716PO";"";"31/03/2026";"31/03/2026";2160;0;2160;
"AERECO WENTYLACJA Sp. z.o.o";"NOR";"AR2601321";"COMMANDE";"EMM716PO";"";"10/03/2026";"31/03/2026";1080;0;1080;
"AERECO WENTYLACJA Sp. z.o.o";"";"26030000155585";"PREVISION";"EMM717PO";"";"31/03/2026";"31/03/2026";150;0;150;
"AERECO Ventilation AB";"";"26030000155608";"PREVISION";"ETF1864EX";"";"31/03/2026";"31/03/2026";6;0;6;
"AERECO Ventilation AB";"NOR";"26030000155653";"PREVISION";"ETH1853EX";"";"31/03/2026";"31/03/2026";276;0;276;
"AERECO Ventilation AB";"NOR";"26030000155701";"PREVISION";"ETH1984EX";"";"31/03/2026";"31/03/2026";945;0;945;
"AERECO GmbH";"";"26030000155753";"PREVISION";"ETH2104GM";"";"31/03/2026";"31/03/2026";675;0;675;
"AERECO GmbH";"";"26030000155865";"PREVISION";"G2H1064EX";"";"31/03/2026";"31/03/2026";6;0;6;
"AERECO GmbH";"NOR";"26030000155906";"PREVISION";"K3168";"";"31/03/2026";"31/03/2026";109;0;109;
"AERECO GmbH";"NOR";"26030000155945";"PREVISION";"K3338";"";"31/03/2026";"31/03/2026";7;0;7;
"AERECO GmbH";"";"26030000155984";"PREVISION";"SE3203";"";"31/03/2026";"31/03/2026";4;0;4;
"AERECO WENTYLACJA Sp. z.o.o";"NOR";"26030000156024";"PREVISION";"V2A032EX";"";"31/03/2026";"31/03/2026";39;0;39;
"PARTN-AIR SA";"NOR";"AR2601152";"COMMANDE";"V4A2164EX";"";"03/03/2026";"31/03/2026";5;0;5;
"AERECO WENTYLACJA Sp. z.o.o";"";"26030000156171";"PREVISION";"VAM767EX";"";"31/03/2026";"31/03/2026";4;0;4;
"AERECO WENTYLACJA Sp. z.o.o";"NOR";"AR2601321";"COMMANDE";"VBP2173PO";"";"10/03/2026";"31/03/2026";90;0;90;
"AERECO WENTYLACJA Sp. z.o.o";"NOR";"26030000156236";"PREVISION";"VBP2173PO";"";"31/03/2026";"31/03/2026";180;0;180;
"ALDES ";"MTO";"AR2601211";"COMMANDE";"11016286";"";"05/03/2026";"01/04/2026";1;0;1;
"ALDES ";"MTS";"AR2600962";"COMMANDE";"11016312";"F426-10040";"12/02/2026";"01/04/2026";600;0;600;
"ALDES ";"MTO";"AR2601480";"COMMANDE";"11018173";"";"20/03/2026";"01/04/2026";1;0;1;
"ALDES ";"MTO";"AR2601480";"COMMANDE";"11018173";"";"20/03/2026";"01/04/2026";1;0;1;
"ALDES ";"MTO";"AR2601480";"COMMANDE";"11018173";"";"20/03/2026";"01/04/2026";1;0;1;
"ALDES ";"MTO";"AR2601480";"COMMANDE";"11018173";"";"20/03/2026";"01/04/2026";1;0;1;
"ALDES ";"MTO";"AR2601481";"COMMANDE";"11019142";"";"20/03/2026";"01/04/2026";1;0;1;
"ALDES ";"MTO";"AR2601479";"COMMANDE";"11019149";"";"20/03/2026";"01/04/2026";2;0;2;
"ALDES ";"MTS";"AR2601268";"COMMANDE";"11026032";"F426-10097";"09/03/2026";"01/04/2026";1200;0;1200;
"ALDES ";"MTS";"AR2601404";"COMMANDE";"11026033";"F426-10135";"17/03/2026";"01/04/2026";432;0;432;
"ALDES ";"MTS";"AR2601407";"COMMANDE";"11033020";"F426-10138";"17/03/2026";"01/04/2026";108;0;108;
"ALDES ";"MTS";"AR2601408";"COMMANDE";"11033025";"F426-10139";"17/03/2026";"01/04/2026";56;0;56;
"ALDES ";"MTS";"AR2601409";"COMMANDE";"11033048";"F426-10140";"17/03/2026";"01/04/2026";800;0;800;
"ALDES ";"MTS";"AR2601414";"COMMANDE";"11033053";"F426-10144";"17/03/2026";"01/04/2026";256;0;256;
"ALDES ";"MTS";"AR2601422";"COMMANDE";"11033205";"F426-10152";"17/03/2026";"01/04/2026";160;0;160;
"ALDES ";"MTS";"AR2600784";"COMMANDE";"11033681";"F426-09975";"09/02/2026";"01/04/2026";300;0;300;
"ALDES ";"MTS";"AR2600784";"COMMANDE";"11033684";"F426-09510";"09/02/2026";"01/04/2026";300;0;300;
"ALDES ";"MTS";"AR2600784";"COMMANDE";"11033694";"F426-09511";"09/02/2026";"01/04/2026";48;0;48;
"ALDES ";"MTS";"AR2601405";"COMMANDE";"11035401";"F426-10136";"17/03/2026";"01/04/2026";704;0;704;
"ALDES ";"MTS";"AR2601410";"COMMANDE";"11035404";"F426-10141";"17/03/2026";"01/04/2026";704;0;704;
"ALDES ";"MTS";"AR2601412";"COMMANDE";"11035406";"F426-10143";"17/03/2026";"01/04/2026";168;0;168;
"ALDES ";"MTS";"AR2600844";"COMMANDE";"A2175";"";"10/02/2026";"01/04/2026";210;0;210;
"AERECO GmbH";"NOR";"AR2601273";"COMMANDE";"A6977";"";"09/03/2026";"01/04/2026";200;0;200;
"AERECO GmbH";"NOR";"AR2601022";"COMMANDE";"AEA1151XX";"";"18/02/2026";"01/04/2026";1080;0;1080;
"ALDES ";"MTS";"AR2600784";"COMMANDE";"AEA1217AL";"F426-09506";"09/02/2026";"01/04/2026";72;0;72;
"AERECO GmbH";"NOR";"AR2600821";"COMMANDE";"AEA1217GM";"";"10/02/2026";"01/04/2026";720;0;720;
"ALDES ";"MTS";"AR2600784";"COMMANDE";"AEA1218AL";"F426-09973";"09/02/2026";"01/04/2026";72;0;72;
"AERECO GmbH";"NOR";"AR2601200";"COMMANDE";"AEA1429XX";"";"04/03/2026";"01/04/2026";300;0;300;
"AERECO GmbH";"NOR";"AR2601032";"COMMANDE";"AEA1992XX";"";"18/02/2026";"01/04/2026";35;0;35;
"AERECO LEGTECHNIKA Kft";"NOR";"AR2601319";"COMMANDE";"AEA301XX";"";"10/03/2026";"01/04/2026";464;0;464;
"AERECO GmbH";"NOR";"AR2600822";"COMMANDE";"AEA317XX";"";"10/02/2026";"01/04/2026";108;0;108;
"ALDES ";"MTS";"AR2600784";"COMMANDE";"AEA362AL";"F426-09971";"09/02/2026";"01/04/2026";48;0;48;
"ALDES ";"MTS";"AR2600784";"COMMANDE";"AEA389AL";"F426-09972";"09/02/2026";"01/04/2026";60;0;60;
"AERECO LEGTECHNIKA Kft";"NOR";"AR2601320";"COMMANDE";"AEA733XX";"";"10/03/2026";"01/04/2026";18;0;18;
"AERECO LEGTECHNIKA Kft";"NOR";"AR2601320";"COMMANDE";"AEA774XX";"";"10/03/2026";"01/04/2026";30;0;30;
"AERECO LEGTECHNIKA Kft";"NOR";"AR2601320";"COMMANDE";"AEA827XX";"";"10/03/2026";"01/04/2026";18;0;18;
"ALDES ";"MTS";"AR2601230";"COMMANDE";"AVE209AE";"F426-09634";"05/03/2026";"01/04/2026";6;0;6;
"PARTN-AIR SA";"NOR";"AR2601232";"COMMANDE";"AVE2131CH";"";"05/03/2026";"01/04/2026";50;0;50;
"ALDES ";"MTS";"AR2600784";"COMMANDE";"B3F413AL";"F426-09277";"09/02/2026";"01/04/2026";48;0;48;
"AERECO LEGTECHNIKA Kft";"NOR";"AR2601320";"COMMANDE";"B6794";"";"10/03/2026";"01/04/2026";36;0;36;
"AERECO LEGTECHNIKA Kft";"NOR";"AR2601155";"COMMANDE";"B6794";"";"03/03/2026";"01/04/2026";36;0;36;
"ALDES ";"MTS";"AR2601298";"COMMANDE";"BDH2186AL";"F426-10113";"09/03/2026";"01/04/2026";384;0;384;
"ALDES ";"MTS";"AR2601230";"COMMANDE";"BDH2212AL";"F426-10073";"05/03/2026";"01/04/2026";384;0;384;
"ALDES ";"MTS";"AR2601371";"COMMANDE";"BDH2216AL";"F426-10128";"13/03/2026";"01/04/2026";384;0;384;
"ALDES ";"MTS";"AR2601300";"COMMANDE";"BDH2219AL";"F426-10115";"09/03/2026";"01/04/2026";384;0;384;
"ALDES ";"MTS";"AR2601304";"COMMANDE";"BDH2221AL";"F426-10119";"09/03/2026";"01/04/2026";768;0;768;
"ALDES ";"MTS";"AR2601301";"COMMANDE";"BDH2228AL";"F426-10116";"09/03/2026";"01/04/2026";768;0;768;
"ALDES ";"MTS";"AR2600941";"COMMANDE";"BDH2264AL";"F426-10033";"12/02/2026";"01/04/2026";384;0;384;
"AERECO GmbH";"NOR";"AR2600916";"COMMANDE";"BXC1890GM";"";"12/02/2026";"01/04/2026";576;0;576;
"AERECO GmbH";"NOR";"AR2600916";"COMMANDE";"BXC1893GM";"";"12/02/2026";"01/04/2026";576;0;576;
"AERECO GmbH";"NOR";"AR2600915";"COMMANDE";"BXC1900GM";"";"12/02/2026";"01/04/2026";288;0;288;
"AERECO GmbH";"NOR";"AR2600586";"COMMANDE";"BXC1901GM";"";"30/01/2026";"01/04/2026";288;0;288;
"AERECO GmbH";"NOR";"AR2600706";"COMMANDE";"BXC1922GM";"";"04/02/2026";"01/04/2026";288;0;288;
"AERECO GmbH";"NOR";"AR2600916";"COMMANDE";"BXE2051GM";"";"12/02/2026";"01/04/2026";60;0;60;
"AERECO GmbH";"NOR";"AR2600916";"COMMANDE";"BXE2055GM";"";"12/02/2026";"01/04/2026";36;0;36;
"AERECO GmbH";"NOR";"AR2601191";"COMMANDE";"BXE2080GM";"";"04/03/2026";"01/04/2026";30;0;30;
"ALDES ";"MTS";"AR2600784";"COMMANDE";"BXG271AL";"F426-09279";"09/02/2026";"01/04/2026";120;0;120;
"ALDES ";"MTS";"AR2600784";"COMMANDE";"BXG352AL";"F426-09278";"09/02/2026";"01/04/2026";20;0;20;
"AERECO LEGTECHNIKA Kft";"NOR";"AR2601381";"COMMANDE";"CAL1228EX";"";"16/03/2026";"01/04/2026";125;0;125;
"AERECO LEGTECHNIKA Kft";"NOR";"AR2601320";"COMMANDE";"EAF309HU";"";"10/03/2026";"01/04/2026";40;0;40;
"AERECO GmbH";"NOR";"AR2600706";"COMMANDE";"EAR200GM";"";"04/02/2026";"01/04/2026";720;0;720;
"AERECO GmbH";"NOR";"AR2601033";"COMMANDE";"EAR2018GM";"";"18/02/2026";"01/04/2026";360;0;360;
"AERECO GmbH";"NOR";"AR2600411";"COMMANDE";"EAR2019GM";"";"22/01/2026";"01/04/2026";360;0;360;
"AERECO GmbH";"NOR";"AR2600410";"COMMANDE";"EAR2019GM";"";"22/01/2026";"01/04/2026";360;0;360;
"AERECO LEGTECHNIKA Kft";"NOR";"AR2601367";"COMMANDE";"EAR203HU";"";"13/03/2026";"01/04/2026";40;0;40;
"AERECO GmbH";"NOR";"AR2601033";"COMMANDE";"EAR282GM";"";"18/02/2026";"01/04/2026";1152;0;1152;
"ALDES ";"MTS";"AR2600845";"COMMANDE";"EFL1831AE";"F426-09814";"10/02/2026";"01/04/2026";160;160;160;
"ALDES ";"MTS";"AR2600784";"COMMANDE";"EHL1393AL";"F426-09267";"09/02/2026";"01/04/2026";40;40;40;
"ALDES ";"MTS";"AR2600961";"COMMANDE";"EHL1395AL";"F426-09830";"12/02/2026";"01/04/2026";120;0;120;
"ALDES ";"MTS";"AR2600784";"COMMANDE";"EHL1401AL";"F426-09268";"09/02/2026";"01/04/2026";576;576;576;
"AERECO GmbH";"NOR";"AR2600390";"COMMANDE";"EHM1275GM";"";"22/01/2026";"01/04/2026";224;0;224;
"ALDES ";"MTS";"AR2600840";"COMMANDE";"EHM1305AE";"F426-09813";"10/02/2026";"01/04/2026";1008;0;1008;
"ALDES ";"MTS";"AR2600959";"COMMANDE";"EHM1306AE";"F426-10039";"12/02/2026";"01/04/2026";1008;0;1008;
"AERECO GmbH";"NOR";"AR2600390";"COMMANDE";"EHP1874GM";"";"22/01/2026";"01/04/2026";1080;0;1080;
"AERECO GmbH";"NOR";"AR2601343";"COMMANDE";"FBE1089GM";"";"12/03/2026";"01/04/2026";264;0;264;
"AERECO GmbH";"NOR";"AR2601276";"COMMANDE";"FBE1089GM";"";"09/03/2026";"01/04/2026";264;0;264;
"ALDES ";"MTS";"AR2600955";"COMMANDE";"GBP1806AE";"F426-10037";"12/02/2026";"01/04/2026";960;0;960;
"ALDES ";"MTS";"AR2600784";"COMMANDE";"GRO272AL";"F426-09512";"09/02/2026";"01/04/2026";260;0;260;
"AERECO GmbH";"NOR";"AR2600822";"COMMANDE";"K3168";"";"10/02/2026";"01/04/2026";1200;0;1200;
"AERECO GmbH";"NOR";"AR2600915";"COMMANDE";"K3338";"";"12/02/2026";"01/04/2026";1200;0;1200;
"AERECO GmbH";"NOR";"AR2600822";"COMMANDE";"SE3520";"";"10/02/2026";"01/04/2026";10;0;10;
"ALDES ";"MTS";"AR2600784";"COMMANDE";"TDA868AL";"F426-09974";"09/02/2026";"01/04/2026";210;0;210;
"AERECO GmbH";"NOR";"AR2601382";"COMMANDE";"TDA873GM";"";"16/03/2026";"01/04/2026";48;0;48;
"AERECO GmbH";"NOR";"AR2601192";"COMMANDE";"TDA873GM";"";"04/03/2026";"01/04/2026";48;0;48;
"AERECO LEGTECHNIKA Kft";"NOR";"AR2601320";"COMMANDE";"VAM767HU";"";"10/03/2026";"01/04/2026";5;0;5;
"PARTN-AIR SA";"NOR";"AR2601204";"COMMANDE";"VCZ2094EX";"";"04/03/2026";"01/04/2026";8;0;8;
"PARTN-AIR SA";"NOR";"AR2601181";"COMMANDE";"VTZ2086CH";"";"03/03/2026";"01/04/2026";8;0;8;
"ALDES ";"MTS";"AR2601231";"COMMANDE";"11011508";"F426-10074";"05/03/2026";"02/04/2026";180;0;180;
"ALDES ";"MTS";"AR2601231";"COMMANDE";"11016258";"F426-10075";"05/03/2026";"02/04/2026";48;0;48;
"ALDES ";"MTS";"AR2601231";"COMMANDE";"11016295";"F426-10076";"05/03/2026";"02/04/2026";180;0;180;
"ALDES ";"MTS";"AR2601231";"COMMANDE";"11016305";"F426-10077";"05/03/2026";"02/04/2026";96;0;96;
"ALDES ";"MTS";"AR2601231";"COMMANDE";"11016308";"F426-10078";"05/03/2026";"02/04/2026";1200;0;1200;
"ALDES ";"MTS";"AR2601231";"COMMANDE";"11018138";"F426-10079";"05/03/2026";"02/04/2026";60;0;60;
"ALDES ";"MTS";"AR2601231";"COMMANDE";"11018139";"F426-10080";"05/03/2026";"02/04/2026";105;0;105;
"ALDES ";"MTS";"AR2601231";"COMMANDE";"11019139";"F426-10085";"05/03/2026";"02/04/2026";130;0;130;
"ALDES ";"MTS";"AR2601231";"COMMANDE";"11019215";"F426-10086";"05/03/2026";"02/04/2026";130;0;130;
"ALDES ";"MTS";"AR2601144";"COMMANDE";"11026035";"F426-10041";"27/02/2026";"02/04/2026";480;0;480;
"ALDES ";"MTS";"AR2601231";"COMMANDE";"11026042";"F426-10087";"05/03/2026";"02/04/2026";60;0;60;
"ALDES ";"MTS";"AR2601327";"COMMANDE";"11033030";"F426-10125";"10/03/2026";"02/04/2026";108;0;108;
"ALDES ";"MTS";"AR2601231";"COMMANDE";"11033360";"F426-09650";"05/03/2026";"02/04/2026";16;0;16;
"ALDES ";"MTS";"AR2601231";"COMMANDE";"11033361";"F426-09651";"05/03/2026";"02/04/2026";16;0;16;
"ALDES ";"MTS";"AR2601231";"COMMANDE";"11033362";"F426-09652";"05/03/2026";"02/04/2026";16;0;16;
"ALDES ";"MTS";"AR2601231";"COMMANDE";"11033391";"F426-09653";"05/03/2026";"02/04/2026";16;0;16;
"ALDES ";"MTS";"AR2601231";"COMMANDE";"11033400";"F426-09654";"05/03/2026";"02/04/2026";24;0;24;
"ALDES ";"MTS";"AR2504302";"COMMANDE";"11033501";"F425-04438";"12/12/2025";"02/04/2026";600;0;48;
"ALDES ";"MTS";"AR2601417";"COMMANDE";"11033519";"F426-10147";"17/03/2026";"02/04/2026";120;0;120;
"ALDES ";"MTS";"AR2601424";"COMMANDE";"11033532";"F426-10154";"17/03/2026";"02/04/2026";48;0;48;
"ALDES ";"MTS";"AR2601221";"COMMANDE";"11033682";"F426-09602";"05/03/2026";"02/04/2026";60;0;60;
"ALDES ";"MTS";"AR2601221";"COMMANDE";"11033683";"F426-10046";"05/03/2026";"02/04/2026";120;0;120;
"VENTIL-ART";"NOR";"AR2601308";"COMMANDE";"AEA1216EX";"";"09/03/2026";"02/04/2026";100;0;100;
"VENTIL-ART";"NOR";"AR2601308";"COMMANDE";"AEA1217EX";"";"09/03/2026";"02/04/2026";100;0;100;
"KROBATH PROTECH GmbH";"NOR";"AR2600582";"COMMANDE";"AEA1992XX";"";"30/01/2026";"02/04/2026";840;0;530;
"AVSA UAB";"NOR";"AR2601203";"COMMANDE";"AEA731XX";"";"04/03/2026";"02/04/2026";225;0;225;
"AVSA UAB";"NOR";"AR2601202";"COMMANDE";"AVE056XX";"";"04/03/2026";"02/04/2026";20;0;20;
"ALDES ";"MTS";"AR2601221";"COMMANDE";"BDH2214AL";"F426-10044";"05/03/2026";"02/04/2026";384;0;384;
"ALDES ";"MTS";"AR2601221";"COMMANDE";"BDH2218AL";"F426-10045";"05/03/2026";"02/04/2026";384;0;384;
"ALDES ";"MTS";"AR2601305";"COMMANDE";"BDH2236AL";"F426-10120";"09/03/2026";"02/04/2026";384;0;384;
"ALDES ";"MTS";"AR2601302";"COMMANDE";"BDH2237AL";"F426-10117";"09/03/2026";"02/04/2026";384;0;384;
"AVSA UAB";"NOR";"AR2601202";"COMMANDE";"BFX1929EX";"";"04/03/2026";"02/04/2026";48;0;48;
"AVSA UAB";"NOR";"AR2601203";"COMMANDE";"BXC1900EX";"";"04/03/2026";"02/04/2026";144;0;144;
"AVSA UAB";"NOR";"AR2601202";"COMMANDE";"BXE1999EX";"";"04/03/2026";"02/04/2026";30;0;30;
"AVSA UAB";"NOR";"AR2601203";"COMMANDE";"EAR201EX";"";"04/03/2026";"02/04/2026";540;0;540;
"ALDES ";"MTS";"AR2601231";"COMMANDE";"EHL1386AL";"F426-09868";"05/03/2026";"02/04/2026";1440;0;1440;
"VENTIL-ART";"NOR";"AR2601308";"COMMANDE";"EHP1198EX";"";"09/03/2026";"02/04/2026";100;100;100;
"VENTIL-ART";"NOR";"AR2601035";"COMMANDE";"ETH1984EX";"";"19/02/2026";"02/04/2026";3;3;3;
"ALDES ";"MTS";"AR2601254";"COMMANDE";"GBP1809AE";"F426-10091";"06/03/2026";"02/04/2026";256;0;256;
"ALDES ";"MTS";"AR2601253";"COMMANDE";"GBP1810AE";"F426-10090";"06/03/2026";"02/04/2026";384;0;384;
"VENTIL-ART";"NOR";"AR2601440";"COMMANDE";"SE3520";"";"18/03/2026";"02/04/2026";6;0;6;
"AVSA UAB";"NOR";"AR2601202";"COMMANDE";"V2A032EX";"";"04/03/2026";"02/04/2026";25;0;25;
"AVSA UAB";"NOR";"AR2601202";"COMMANDE";"V4A2164EX";"";"04/03/2026";"02/04/2026";3;0;3;
"ALDES ";"MTS";"AR2601250";"COMMANDE";"VB42166AE";"F426-09439";"06/03/2026";"02/04/2026";30;4;30;
"AERECO WENTYLACJA Sp. z.o.o";"MTS";"26030000111908";"PREVISION";"11016309";"";"06/04/2026";"06/04/2026";2160;0;2160;
"AERECO WENTYLACJA Sp. z.o.o";"NOR";"26030000111947";"PREVISION";"11016310";"";"06/04/2026";"06/04/2026";480;0;480;
"ALDES ";"MTS";"AR2600950";"COMMANDE";"BDH2229AL";"F426-10036";"12/02/2026";"06/04/2026";384;0;384;
"ALDES ";"MTS";"AR2600943";"COMMANDE";"BDH2245AL";"F426-10034";"12/02/2026";"06/04/2026";384;0;384;
"ALDES ";"MTS";"AR2600945";"COMMANDE";"BDH2266AL";"F426-10035";"12/02/2026";"06/04/2026";384;0;384;
"AERECO WENTYLACJA Sp. z.o.o";"";"26030000115140";"PREVISION";"VBP447XX";"";"06/04/2026";"06/04/2026";2;0;2;
"ALDES ";"MTS";"AR2601231";"COMMANDE";"11019004";"F426-10081";"05/03/2026";"07/04/2026";480;0;480;
"ALDES ";"MTS";"AR2601231";"COMMANDE";"11019005";"F426-10082";"05/03/2026";"07/04/2026";240;0;240;
"ALDES ";"MTS";"AR2601265";"COMMANDE";"11019015";"F426-10095";"09/03/2026";"07/04/2026";480;0;480;
"ALDES ";"MTS";"AR2601231";"COMMANDE";"11019090";"F426-10083";"05/03/2026";"07/04/2026";480;0;480;
"ALDES ";"MTS";"AR2601231";"COMMANDE";"11019097";"F426-10084";"05/03/2026";"07/04/2026";480;0;480;
"ALDES ";"MTS";"AR2601406";"COMMANDE";"11035403";"F426-10137";"17/03/2026";"07/04/2026";504;0;504;
"AERECO WENTYLACJA Sp. z.o.o";"NOR";"AR2601322";"COMMANDE";"11819090";"";"10/03/2026";"07/04/2026";720;0;720;
"AERECO WENTYLACJA Sp. z.o.o";"NOR";"AR2600209";"COMMANDE";"11819091";"";"14/01/2026";"07/04/2026";1440;0;1440;
"ALDES ";"MTS";"AR2601258";"COMMANDE";"A2174";"";"06/03/2026";"07/04/2026";216;0;216;
"AERECO GmbH";"";"26030000150754";"PREVISION";"A3772E";"";"07/04/2026";"07/04/2026";364;0;364;
"AERECO GmbH";"NOR";"26030000150826";"PREVISION";"A4581E01";"";"07/04/2026";"07/04/2026";2;0;2;
"AERECO WENTYLACJA Sp. z.o.o";"";"26030000150931";"PREVISION";"AEA098XX";"";"07/04/2026";"07/04/2026";121;0;121;
"AERECO WENTYLACJA Sp. z.o.o";"NOR";"AR2600209";"COMMANDE";"AEA100XX";"";"14/01/2026";"07/04/2026";1608;0;1608;
"AERECO WENTYLACJA Sp. z.o.o";"NOR";"AR2600209";"COMMANDE";"AEA1150XX";"";"14/01/2026";"07/04/2026";1080;0;1080;
"AERECO WENTYLACJA Sp. z.o.o";"NOR";"AR2601322";"COMMANDE";"AEA1152XX";"";"10/03/2026";"07/04/2026";1080;0;1080;
"AERECO GmbH";"NOR";"26030000151016";"PREVISION";"AEA1152XX";"";"07/04/2026";"07/04/2026";2160;0;2160;
"AERECO WENTYLACJA Sp. z.o.o";"NOR";"26030000151048";"PREVISION";"AEA1202XX";"";"07/04/2026";"07/04/2026";60;0;60;
"AERECO WENTYLACJA Sp. z.o.o";"NOR";"AR2601322";"COMMANDE";"AEA1202XX";"";"10/03/2026";"07/04/2026";304;0;304;
"AERECO WENTYLACJA Sp. z.o.o";"NOR";"AR2600209";"COMMANDE";"AEA1241XX";"";"14/01/2026";"07/04/2026";1809;0;1809;
"AERECO WENTYLACJA Sp. z.o.o";"NOR";"26030000151180";"PREVISION";"AEA1242XX";"";"07/04/2026";"07/04/2026";1756;0;1756;
"AERECO WENTYLACJA Sp. z.o.o";"NOR";"AR2600209";"COMMANDE";"AEA1243XX";"";"14/01/2026";"07/04/2026";1440;0;1440;
"AERECO GmbH";"";"26030000151236";"PREVISION";"AEA1335EX";"";"07/04/2026";"07/04/2026";1;0;1;
"AERECO GmbH";"";"26030000151276";"PREVISION";"AEA1339EX";"";"07/04/2026";"07/04/2026";38;0;38;
"AERECO GmbH";"NOR";"26030000151346";"PREVISION";"AEA1429XX";"";"07/04/2026";"07/04/2026";1;0;1;
"AERECO Ventilation AB";"";"26030000151463";"PREVISION";"AEA1955XX";"";"07/04/2026";"07/04/2026";13;0;13;
"AERECO GmbH";"NOR";"26030000151539";"PREVISION";"AEA1992XX";"";"07/04/2026";"07/04/2026";200;0;200;
"AERECO GmbH";"";"26030000151646";"PREVISION";"AEA2115XX";"";"07/04/2026";"07/04/2026";52;0;52;
"AERECO GmbH";"NOR";"26030000151686";"PREVISION";"AEA301XX";"";"07/04/2026";"07/04/2026";134;0;134;
"AERECO GmbH";"NOR";"26030000151726";"PREVISION";"AEA317XX";"";"07/04/2026";"07/04/2026";1015;0;1015;
"AERECO GmbH";"";"26030000151778";"PREVISION";"AEA453XX";"";"07/04/2026";"07/04/2026";12;0;12;
"AERECO WENTYLACJA Sp. z.o.o";"NOR";"AR2600209";"COMMANDE";"AEA731XX";"";"14/01/2026";"07/04/2026";3618;0;3618;
"AERECO WENTYLACJA Sp. z.o.o";"NOR";"AR2601322";"COMMANDE";"AEA733XX";"";"10/03/2026";"07/04/2026";1809;0;1809;
"AERECO GmbH";"NOR";"26030000151908";"PREVISION";"AEA775XX";"";"07/04/2026";"07/04/2026";88;0;88;
"AERECO WENTYLACJA Sp. z.o.o";"NOR";"AR2600209";"COMMANDE";"AEA775XX";"";"14/01/2026";"07/04/2026";440;0;440;
"AERECO GmbH";"";"26030000151977";"PREVISION";"AEA778XX";"";"07/04/2026";"07/04/2026";73;0;73;
"AERECO GmbH";"";"26030000152017";"PREVISION";"AEA808XX";"";"07/04/2026";"07/04/2026";13;0;13;
"AERECO GmbH";"NOR";"26030000152047";"PREVISION";"AEA809XX";"";"07/04/2026";"07/04/2026";19;0;19;
"AERECO WENTYLACJA Sp. z.o.o";"NOR";"AR2600209";"COMMANDE";"AEA827XX";"";"14/01/2026";"07/04/2026";1809;0;1809;
"AERECO WENTYLACJA Sp. z.o.o";"NOR";"AR2600209";"COMMANDE";"AEA833XX";"";"14/01/2026";"07/04/2026";1440;0;1440;
"AERECO WENTYLACJA Sp. z.o.o";"NOR";"AR2600209";"COMMANDE";"AEA852XX";"";"14/01/2026";"07/04/2026";1440;0;1440;
"AERECO GmbH";"";"26030000152214";"PREVISION";"AEA967XX";"";"07/04/2026";"07/04/2026";31;0;31;
"AERECO GmbH";"";"26030000152254";"PREVISION";"AEA968XX";"";"07/04/2026";"07/04/2026";7;0;7;
"AERECO GmbH";"NOR";"26030000152294";"PREVISION";"AVE052EX";"";"07/04/2026";"07/04/2026";2;0;2;
"AERECO GmbH";"NOR";"26030000152302";"PREVISION";"AVE055XX";"";"07/04/2026";"07/04/2026";800;0;800;
"AERECO GmbH";"NOR";"26030000152311";"PREVISION";"AVE056XX";"";"07/04/2026";"07/04/2026";14;0;14;
"AERECO GmbH";"NOR";"26030000152351";"PREVISION";"AVE057EX";"";"07/04/2026";"07/04/2026";1;0;1;
"AERECO WENTYLACJA Sp. z.o.o";"NOR";"26030000152363";"PREVISION";"AVE1267EX";"";"07/04/2026";"07/04/2026";8;0;8;
"AERECO WENTYLACJA Sp. z.o.o";"NOR";"AR2601322";"COMMANDE";"AVE1267EX";"";"10/03/2026";"07/04/2026";45;0;45;
"AERECO GmbH";"";"26030000152408";"PREVISION";"B3651";"";"07/04/2026";"07/04/2026";13;0;13;
"AERECO Ventilation AB";"NOR";"26030000152448";"PREVISION";"B6794";"";"07/04/2026";"07/04/2026";21;0;21;
"AERECO Ventilation AB";"";"26030000152488";"PREVISION";"B6796";"";"07/04/2026";"07/04/2026";31;0;31;
"ALDES ";"MTS";"AR2601299";"COMMANDE";"BDH2212AL";"F426-10114";"09/03/2026";"07/04/2026";384;0;384;
"ALDES ";"MTS";"AR2601303";"COMMANDE";"BDH2214AL";"F426-10118";"09/03/2026";"07/04/2026";384;0;384;
"ALDES ";"MTO";"AR2601443";"COMMANDE";"BDH2245AL";"";"18/03/2026";"07/04/2026";384;0;384;
"AERECO GmbH";"NOR";"26030000152541";"PREVISION";"BFE2068GM";"";"07/04/2026";"07/04/2026";3;0;3;
"AERECO GmbH";"";"26030000152639";"PREVISION";"BXC1889EX";"";"07/04/2026";"07/04/2026";3;0;3;
"AERECO WENTYLACJA Sp. z.o.o";"NOR";"26030000152869";"PREVISION";"BXC1899EX";"";"07/04/2026";"07/04/2026";192;0;192;
"AERECO WENTYLACJA Sp. z.o.o";"";"26030000153018";"PREVISION";"BXC1902EX";"";"07/04/2026";"07/04/2026";48;0;48;
"AERECO WENTYLACJA Sp. z.o.o";"NOR";"AR2600209";"COMMANDE";"BXC1907EX";"";"14/01/2026";"07/04/2026";2304;0;2304;
"AERECO GmbH";"";"26030000153532";"PREVISION";"BXC2139GM";"";"07/04/2026";"07/04/2026";9;0;9;
"AERECO GmbH";"NOR";"26030000153569";"PREVISION";"BXC2142GM";"";"07/04/2026";"07/04/2026";4;0;4;
"AERECO GmbH";"NOR";"26030000153742";"PREVISION";"BXE2065GM";"";"07/04/2026";"07/04/2026";3;0;3;
"AERECO GmbH";"NOR";"26030000153787";"PREVISION";"BXE2066GM";"";"07/04/2026";"07/04/2026";1;0;1;
"AERECO GmbH";"";"26030000153863";"PREVISION";"BXE2069GM";"";"07/04/2026";"07/04/2026";3;0;3;
"AERECO GmbH";"NOR";"26030000153873";"PREVISION";"BXE2073GM";"";"07/04/2026";"07/04/2026";3;0;3;
"AERECO GmbH";"NOR";"26030000153926";"PREVISION";"BXE2077GM";"";"07/04/2026";"07/04/2026";6;0;6;
"AERECO GmbH";"NOR";"26030000154002";"PREVISION";"BXE2078GM";"";"07/04/2026";"07/04/2026";6;0;6;
"AERECO GmbH";"NOR";"26030000154073";"PREVISION";"BXE2080GM";"";"07/04/2026";"07/04/2026";3;0;3;
"AERECO GmbH";"NOR";"26030000154109";"PREVISION";"BXE2189GM";"";"07/04/2026";"07/04/2026";3;0;3;
"AERECO GmbH";"NOR";"26030000154132";"PREVISION";"BXE2191GM";"";"07/04/2026";"07/04/2026";3;0;3;
"AERECO GmbH";"NOR";"26030000154205";"PREVISION";"BXE2202GM";"";"07/04/2026";"07/04/2026";3;0;3;
"AERECO WENTYLACJA Sp. z.o.o";"NOR";"26030000154241";"PREVISION";"BXL888PO";"";"07/04/2026";"07/04/2026";576;0;576;
"AERECO GmbH";"";"26030000154296";"PREVISION";"EAF309EX";"";"07/04/2026";"07/04/2026";60;0;60;
"AERECO GmbH";"";"26030000154426";"PREVISION";"EAF323EX";"";"07/04/2026";"07/04/2026";51;0;51;
"AERECO GmbH";"NOR";"26030000154542";"PREVISION";"EAR200GM";"";"07/04/2026";"07/04/2026";720;0;720;
"AERECO GmbH";"NOR";"26030000154593";"PREVISION";"EAR2019GM";"";"07/04/2026";"07/04/2026";360;0;360;
"OOO VIVA LOGISTICS";"NOR";"26030000154606";"PREVISION";"EAR201EX";"";"07/04/2026";"07/04/2026";648;0;648;
"AERECO WENTYLACJA Sp. z.o.o";"NOR";"26030000154643";"PREVISION";"EAR201PO";"";"07/04/2026";"07/04/2026";648;0;648;
"AERECO WENTYLACJA Sp. z.o.o";"NOR";"26030000154776";"PREVISION";"EAR206PO";"";"07/04/2026";"07/04/2026";576;0;576;
"AERECO GmbH";"NOR";"26030000154816";"PREVISION";"EAR282GM";"";"07/04/2026";"07/04/2026";576;0;576;
"AERECO WENTYLACJA Sp. z.o.o";"NOR";"26030000154910";"PREVISION";"EFR174XX";"";"07/04/2026";"07/04/2026";9;0;9;
"AERECO GmbH";"NOR";"26030000154988";"PREVISION";"EHM1275GM";"";"07/04/2026";"07/04/2026";44;0;44;
"AERECO WENTYLACJA Sp. z.o.o";"";"26030000155027";"PREVISION";"EHM1276EX";"";"07/04/2026";"07/04/2026";58;0;58;
"AERECO GmbH";"";"26030000155185";"PREVISION";"EHP1198GM";"";"07/04/2026";"07/04/2026";60;0;60;
"ALDES S.p.A.";"";"26030000155354";"PREVISION";"EHT780EX";"";"07/04/2026";"07/04/2026";50;0;50;
"AERECO WENTYLACJA Sp. z.o.o";"NOR";"AR2601322";"COMMANDE";"EMM1484EX";"";"10/03/2026";"07/04/2026";1080;0;1080;
"AERECO WENTYLACJA Sp. z.o.o";"NOR";"26030000155479";"PREVISION";"EMM1484EX";"";"07/04/2026";"07/04/2026";1200;0;1200;
"AERECO WENTYLACJA Sp. z.o.o";"NOR";"26030000155493";"PREVISION";"EMM707PO";"";"07/04/2026";"07/04/2026";864;0;864;
"AERECO WENTYLACJA Sp. z.o.o";"NOR";"26030000155536";"PREVISION";"EMM716PO";"";"07/04/2026";"07/04/2026";1080;0;1080;
"AERECO WENTYLACJA Sp. z.o.o";"NOR";"AR2601322";"COMMANDE";"EMM716PO";"";"10/03/2026";"07/04/2026";1080;0;1080;
"AERECO WENTYLACJA Sp. z.o.o";"";"26030000155586";"PREVISION";"EMM717PO";"";"07/04/2026";"07/04/2026";150;0;150;
"AERECO Ventilation AB";"";"26030000155609";"PREVISION";"ETF1864EX";"";"07/04/2026";"07/04/2026";6;0;6;
"ALDES ";"MTS";"AR2601256";"COMMANDE";"G2H1060AE";"F426-10093";"06/03/2026";"07/04/2026";90;0;90;
"AERECO GmbH";"";"26030000155866";"PREVISION";"G2H1064EX";"";"07/04/2026";"07/04/2026";6;0;6;
"ALDES ";"MTS";"AR2601255";"COMMANDE";"GBP1811AE";"F426-10092";"06/03/2026";"07/04/2026";192;0;192;
"AERECO GmbH";"NOR";"26030000155907";"PREVISION";"K3168";"";"07/04/2026";"07/04/2026";21;0;21;
"AERECO GmbH";"NOR";"26030000155946";"PREVISION";"K3338";"";"07/04/2026";"07/04/2026";7;0;7;
"AERECO GmbH";"";"26030000155985";"PREVISION";"SE3203";"";"07/04/2026";"07/04/2026";4;0;4;
"AERECO WENTYLACJA Sp. z.o.o";"NOR";"AR2601450";"COMMANDE";"V2A032EX";"";"19/03/2026";"07/04/2026";18;0;18;
"AERECO WENTYLACJA Sp. z.o.o";"";"26030000156172";"PREVISION";"VAM767EX";"";"07/04/2026";"07/04/2026";4;0;4;
"ALDES ";"MTS";"AR2601428";"COMMANDE";"11026031";"F426-10158";"17/03/2026";"08/04/2026";108;0;108;
"ALDES ";"MTS";"AR2601311";"COMMANDE";"11026032";"F426-10123";"09/03/2026";"08/04/2026";960;0;960;
"ALDES ";"MTS";"AR2601429";"COMMANDE";"11026033";"F426-10159";"17/03/2026";"08/04/2026";288;0;288;
"ALDES ";"MTS";"AR2601430";"COMMANDE";"11026050";"F426-10160";"17/03/2026";"08/04/2026";120;0;120;
"ALDES ";"MTS";"AR2601432";"COMMANDE";"11026051";"F426-10162";"17/03/2026";"08/04/2026";48;0;48;
"ALDES ";"MTS";"AR2601431";"COMMANDE";"11033025";"F426-10161";"17/03/2026";"08/04/2026";56;0;56;
"ALDES ";"MTS";"AR2601427";"COMMANDE";"11033030";"F426-10157";"17/03/2026";"08/04/2026";108;0;108;
"ALDES ";"MTS";"AR2601425";"COMMANDE";"11033048";"F426-10155";"17/03/2026";"08/04/2026";320;0;320;
"ALDES ";"MTS";"AR2601415";"COMMANDE";"11033050";"F426-10145";"17/03/2026";"08/04/2026";128;0;128;
"ALDES ";"MTS";"AR2601426";"COMMANDE";"11033053";"F426-10156";"17/03/2026";"08/04/2026";128;0;128;
"ALDES ";"MTS";"AR2601421";"COMMANDE";"11033076";"F426-10151";"17/03/2026";"08/04/2026";160;0;160;
"ALDES ";"MTS";"AR2601419";"COMMANDE";"11033434";"F426-10149";"17/03/2026";"08/04/2026";480;0;480;
"ALDES ";"MTS";"AR2601423";"COMMANDE";"11033451";"F426-10153";"17/03/2026";"08/04/2026";112;0;112;
"ALDES ";"MTS";"AR2601418";"COMMANDE";"11033519";"F426-10148";"17/03/2026";"08/04/2026";120;0;120;
"ALDES ";"MTS";"AR2601420";"COMMANDE";"11033531";"F426-10150";"17/03/2026";"08/04/2026";504;0;504;
"ALDES ";"MTS";"AR2601416";"COMMANDE";"11033549";"F426-10146";"17/03/2026";"08/04/2026";160;0;160;
"ALDES ";"MTS";"AR2601411";"COMMANDE";"11035404";"F426-10142";"17/03/2026";"08/04/2026";704;0;704;
"AERECO GmbH";"NOR";"AR2600726";"COMMANDE";"A4581E01";"";"05/02/2026";"08/04/2026";64;0;64;
"AERECO GmbH";"NOR";"AR2601344";"COMMANDE";"A6977";"";"12/03/2026";"08/04/2026";200;0;200;
"AERECO GmbH";"NOR";"AR2601438";"COMMANDE";"AEA064XX";"";"18/03/2026";"08/04/2026";100;0;100;
"AERECO GmbH";"NOR";"AR2601023";"COMMANDE";"AEA1151XX";"";"18/02/2026";"08/04/2026";2160;0;2160;
"AERECO GmbH";"NOR";"AR2601023";"COMMANDE";"AEA1152XX";"";"18/02/2026";"08/04/2026";1080;0;1080;
"AERECO GmbH";"NOR";"AR2601140";"COMMANDE";"AEA1216GM";"";"27/02/2026";"08/04/2026";720;0;720;
"AERECO GmbH";"NOR";"AR2601140";"COMMANDE";"AVE057EX";"";"27/02/2026";"08/04/2026";20;0;20;
"AERECO GmbH";"NOR";"AR2601438";"COMMANDE";"B3382";"";"18/03/2026";"08/04/2026";100;0;100;
"ALDES ";"MTS";"AR2601306";"COMMANDE";"BDH2276AL";"F426-10121";"09/03/2026";"08/04/2026";384;0;384;
"AERECO GmbH";"NOR";"AR2600917";"COMMANDE";"BXC1890GM";"";"12/02/2026";"08/04/2026";288;0;288;
"AERECO GmbH";"NOR";"AR2601087";"COMMANDE";"BXC1891EX";"";"24/02/2026";"08/04/2026";96;0;96;
"AERECO LEGTECHNIKA Kft";"NOR";"AR2601381";"COMMANDE";"BXC1901EX";"";"16/03/2026";"08/04/2026";144;0;144;
"AERECO GmbH";"NOR";"AR2600739";"COMMANDE";"BXC2138GM";"";"06/02/2026";"08/04/2026";288;0;288;
"AERECO GmbH";"NOR";"AR2600726";"COMMANDE";"BXE2057GM";"";"05/02/2026";"08/04/2026";30;0;30;
"AERECO GmbH";"NOR";"AR2601071";"COMMANDE";"BXE2073GM";"";"23/02/2026";"08/04/2026";30;0;30;
"AERECO GmbH";"NOR";"AR2601071";"COMMANDE";"BXE2191GM";"";"23/02/2026";"08/04/2026";30;0;30;
"AERECO GmbH";"NOR";"AR2600739";"COMMANDE";"EHM1276GM";"";"06/02/2026";"08/04/2026";280;0;280;
"AERECO GmbH";"NOR";"AR2601140";"COMMANDE";"EHP1219GM";"";"27/02/2026";"08/04/2026";180;0;180;
"AERECO GmbH";"NOR";"AR2601140";"COMMANDE";"EHP1874GM";"";"27/02/2026";"08/04/2026";1080;0;1080;
"AERECO LEGTECHNIKA Kft";"NOR";"AR2601470";"COMMANDE";"EMM707EX";"";"20/03/2026";"08/04/2026";864;0;864;
"AERECO GmbH";"NOR";"AR2600739";"COMMANDE";"FBE1089GM";"";"06/02/2026";"08/04/2026";198;0;198;
"AERECO GmbH";"NOR";"AR2601344";"COMMANDE";"FBE1089GM";"";"12/03/2026";"08/04/2026";132;0;132;
"AERECO GmbH";"NOR";"AR2600739";"COMMANDE";"TDA874EX";"";"06/02/2026";"08/04/2026";240;0;240;
"AERECO GmbH";"NOR";"AR2601026";"COMMANDE";"VAM813GM";"";"18/02/2026";"08/04/2026";84;0;84;
"ALDES ";"MTS";"AR2601475";"COMMANDE";"11016309";"F426-10175";"20/03/2026";"09/04/2026";720;0;720;
"ALDES ";"MTS";"AR2601222";"COMMANDE";"11033680";"F426-10051";"05/03/2026";"09/04/2026";180;0;180;
"ALDES ";"MTS";"AR2600786";"COMMANDE";"11033680";"F426-09985";"09/02/2026";"09/04/2026";600;0;600;
"ALDES ";"MTS";"AR2601222";"COMMANDE";"11033681";"F426-10052";"05/03/2026";"09/04/2026";120;0;120;
"ALDES ";"MTS";"AR2600786";"COMMANDE";"11033684";"F426-09986";"09/02/2026";"09/04/2026";120;0;120;
"ALDES ";"MTS";"AR2600846";"COMMANDE";"A2174";"";"10/02/2026";"09/04/2026";216;0;216;
"ALDES ";"MTS";"AR2600786";"COMMANDE";"AEA064AL";"F426-09980";"09/02/2026";"09/04/2026";50;0;50;
"AERECO Ltd";"NOR";"AR2601345";"COMMANDE";"AEA064XX";"";"12/03/2026";"09/04/2026";200;0;200;
"ALDES ";"MTS";"AR2600786";"COMMANDE";"AEA109AL";"F426-09978";"09/02/2026";"09/04/2026";72;0;72;
"ALDES ";"MTS";"AR2601222";"COMMANDE";"AEA1217AL";"F426-10048";"05/03/2026";"09/04/2026";72;0;72;
"BRISTEC cz, s.r.o.";"NOR";"AR2601396";"COMMANDE";"AEA1992XX";"";"17/03/2026";"09/04/2026";70;0;70;
"BRISTEC cz, s.r.o.";"NOR";"AR2601342";"COMMANDE";"AEA2117XX";"";"12/03/2026";"09/04/2026";56;0;56;
"ALDES ";"MTS";"AR2600786";"COMMANDE";"AEA389AL";"F426-09979";"09/02/2026";"09/04/2026";60;0;60;
"ALDES ";"MTS";"AR2600786";"COMMANDE";"AEA877AL";"F426-06640";"09/02/2026";"09/04/2026";200;0;200;
"AERECO Ltd";"NOR";"AR2601345";"COMMANDE";"AVE055XX";"";"12/03/2026";"09/04/2026";200;0;200;
"ALDES ";"MTS";"AR2600786";"COMMANDE";"B3F2161AL";"F426-09982";"09/02/2026";"09/04/2026";48;0;48;
"AERECO Ltd";"NOR";"AR2600927";"COMMANDE";"B6794";"";"12/02/2026";"09/04/2026";36;0;36;
"ALDES ";"MTS";"AR2601222";"COMMANDE";"BDH2214AL";"F426-10049";"05/03/2026";"09/04/2026";384;0;384;
"ALDES ";"MTS";"AR2601384";"COMMANDE";"BDH2216AL";"F426-10131";"16/03/2026";"09/04/2026";384;0;384;
"ALDES ";"MTS";"AR2601222";"COMMANDE";"BDH2220AL";"F426-10050";"05/03/2026";"09/04/2026";384;0;384;
"ALDES ";"MTS";"AR2601372";"COMMANDE";"BDH2231AL";"F426-10129";"13/03/2026";"09/04/2026";384;0;384;
"AERECO Ltd";"NOR";"AR2601345";"COMMANDE";"BXC1898EX";"";"12/03/2026";"09/04/2026";96;0;96;
"AERECO Ltd";"NOR";"AR2601345";"COMMANDE";"BXC1899EX";"";"12/03/2026";"09/04/2026";48;0;48;
"AERECO Ltd";"NOR";"AR2601345";"COMMANDE";"BXC1900EX";"";"12/03/2026";"09/04/2026";48;0;48;
"AERECO Ltd";"NOR";"AR2600927";"COMMANDE";"BXC1903EX";"";"12/02/2026";"09/04/2026";48;0;48;
"AERECO Ltd";"NOR";"AR2600927";"COMMANDE";"BXC1905EX";"";"12/02/2026";"09/04/2026";48;0;48;
"AERECO Ltd";"NOR";"AR2601345";"COMMANDE";"BXC1907EX";"";"12/03/2026";"09/04/2026";120;0;120;
"AERECO Ltd";"NOR";"AR2600927";"COMMANDE";"BXC1915EX";"";"12/02/2026";"09/04/2026";48;0;48;
"AERECO Ltd";"NOR";"AR2601345";"COMMANDE";"BXE2075EX";"";"12/03/2026";"09/04/2026";15;0;15;
"ALDES ";"MTS";"AR2600786";"COMMANDE";"BXG350AL";"F426-09984";"09/02/2026";"09/04/2026";20;0;20;
"ALDES ";"MTS";"AR2600786";"COMMANDE";"BXG351AL";"F426-09983";"09/02/2026";"09/04/2026";20;0;20;
"AERECO Ltd";"NOR";"AR2601345";"COMMANDE";"CAL261EX";"";"12/03/2026";"09/04/2026";700;0;700;
"BRISTEC cz, s.r.o.";"NOR";"AR2601396";"COMMANDE";"EAR2018EX";"";"17/03/2026";"09/04/2026";80;0;80;
"BRISTEC cz, s.r.o.";"NOR";"AR2601342";"COMMANDE";"EAR201EX";"";"12/03/2026";"09/04/2026";144;0;144;
"ALDES ";"MTS";"AR2600786";"COMMANDE";"EFL1344AL";"F426-09757";"09/02/2026";"09/04/2026";720;0;720;
"ALDES ";"MTS";"AR2601222";"COMMANDE";"EHL1393AL";"F426-10047";"05/03/2026";"09/04/2026";40;0;40;
"ALDES ";"MTS";"AR2600786";"COMMANDE";"EHL1401AL";"F426-09977";"09/02/2026";"09/04/2026";576;0;576;
"AERECO Ltd";"NOR";"AR2601345";"COMMANDE";"ETH1853EX";"";"12/03/2026";"09/04/2026";100;0;100;
"AERECO Ltd";"NOR";"AR2601028";"COMMANDE";"ETH1984EX";"";"18/02/2026";"09/04/2026";832;0;832;
"ALDES ";"MTS";"AR2600786";"COMMANDE";"GRO272AL";"F426-09987";"09/02/2026";"09/04/2026";260;0;260;
"AERECO Ltd";"NOR";"AR2601345";"COMMANDE";"V2A032EX";"";"12/03/2026";"09/04/2026";30;0;30;
"AERECO Ltd";"NOR";"AR2601028";"COMMANDE";"V4A2164EX";"";"18/02/2026";"09/04/2026";180;0;180;
"AERECO Ltd";"NOR";"AR2601345";"COMMANDE";"V4A2164EX";"";"12/03/2026";"09/04/2026";100;0;100;
"AERECO Ltd";"NOR";"AR2601028";"COMMANDE";"V4A2164EX";"";"18/02/2026";"09/04/2026";40;0;40;
"AERECO Ltd";"NOR";"AR2601028";"COMMANDE";"V4A2164EX";"";"18/02/2026";"09/04/2026";180;0;180;
"AERECO Ltd";"NOR";"AR2601028";"COMMANDE";"V4A2164EX";"";"18/02/2026";"09/04/2026";40;0;40;
"ALDES ";"MTS";"AR2600796";"COMMANDE";"VB42166AE";"F426-10008";"09/02/2026";"09/04/2026";30;0;30;
"ALDES ";"MTS";"AR2600847";"COMMANDE";"AEA100AE";"F426-10027";"10/02/2026";"10/04/2026";320;0;320;
"ALDES ";"MTS";"AR2600787";"COMMANDE";"AEA1218AL";"F426-09988";"09/02/2026";"10/04/2026";72;0;72;
"ALDES ";"MTS";"AR2601251";"COMMANDE";"GBP1806AE";"F426-10088";"06/03/2026";"10/04/2026";960;0;960;
"ALDES ";"MTS";"AR2601259";"COMMANDE";"GBP443AE";"F426-10094";"06/03/2026";"10/04/2026";320;0;320;
"PARTN-AIR SA";"NOR";"AR2601348";"COMMANDE";"VCZ2091EX";"";"12/03/2026";"10/04/2026";3;0;3;
"PARTN-AIR SA";"NOR";"AR2601348";"COMMANDE";"VTZ2086CH";"";"12/03/2026";"10/04/2026";8;0;8;
"AERECO WENTYLACJA Sp. z.o.o";"NOR";"26030000111948";"PREVISION";"11016310";"";"13/04/2026";"13/04/2026";480;0;480;
"ALDES ";"MTS";"AR2601442";"COMMANDE";"11035402";"F426-10163";"17/03/2026";"13/04/2026";176;0;176;
"ALDES ";"MTS";"AR2601223";"COMMANDE";"AEA1040AL";"F426-10053";"05/03/2026";"13/04/2026";48;0;48;
"ALDES ";"MTS";"AR2600786";"COMMANDE";"AEA1882AL";"F426-09981";"09/02/2026";"13/04/2026";400;0;400;
"ALDES ";"MTS";"AR2600786";"COMMANDE";"AEA570AL";"F426-09976";"09/02/2026";"13/04/2026";480;0;480;
"ALDES ";"MTS";"AR2601457";"COMMANDE";"BDH2231AL";"F426-10169";"19/03/2026";"13/04/2026";768;0;768;
"ALDES ";"MTS";"AR2601456";"COMMANDE";"BDH2251AL";"F426-10168";"19/03/2026";"13/04/2026";768;0;768;
"ALDES ";"MTO";"AR2601159";"COMMANDE";"EFL1348AL";"";"03/03/2026";"13/04/2026";165;0;155;
"ALDES ";"MTS";"AR2601223";"COMMANDE";"EFL1351AL";"F426-10054";"05/03/2026";"13/04/2026";160;0;160;
"AERECO WENTYLACJA Sp. z.o.o";"NOR";"AR2601323";"COMMANDE";"11011516";"";"10/03/2026";"14/04/2026";560;0;560;
"AERECO WENTYLACJA Sp. z.o.o";"NOR";"26030000150654";"PREVISION";"11011516";"";"14/04/2026";"14/04/2026";640;0;640;
"AERECO WENTYLACJA Sp. z.o.o";"NOR";"26030000150664";"PREVISION";"11016310";"";"14/04/2026";"14/04/2026";576;0;576;
"AERECO WENTYLACJA Sp. z.o.o";"NOR";"AR2600210";"COMMANDE";"11819091";"";"14/01/2026";"14/04/2026";1440;0;1440;
"ALDES ";"MTS";"AR2601214";"COMMANDE";"A2178";"";"05/03/2026";"14/04/2026";128;0;128;
"ALDES ";"MTS";"AR2601220";"COMMANDE";"A2183";"";"05/03/2026";"14/04/2026";120;0;120;
"AERECO GmbH";"";"26030000150755";"PREVISION";"A3772E";"";"14/04/2026";"14/04/2026";364;0;364;
"AERECO GmbH";"NOR";"26030000150827";"PREVISION";"A4581E01";"";"14/04/2026";"14/04/2026";2;0;2;
"AERECO GmbH";"NOR";"26030000150901";"PREVISION";"AEA064XX";"";"14/04/2026";"14/04/2026";166;0;166;
"AERECO WENTYLACJA Sp. z.o.o";"";"26030000150932";"PREVISION";"AEA098XX";"";"14/04/2026";"14/04/2026";121;0;121;
"AERECO WENTYLACJA Sp. z.o.o";"NOR";"AR2601323";"COMMANDE";"AEA1201XX";"";"10/03/2026";"14/04/2026";1809;0;1809;
"AERECO WENTYLACJA Sp. z.o.o";"NOR";"26030000151049";"PREVISION";"AEA1202XX";"";"14/04/2026";"14/04/2026";60;0;60;
"AERECO GmbH";"NOR";"26030000151154";"PREVISION";"AEA1241XX";"";"14/04/2026";"14/04/2026";1809;0;1809;
"AERECO WENTYLACJA Sp. z.o.o";"NOR";"AR2601323";"COMMANDE";"AEA1241XX";"";"10/03/2026";"14/04/2026";1809;0;1809;
"AERECO WENTYLACJA Sp. z.o.o";"NOR";"26030000151181";"PREVISION";"AEA1242XX";"";"14/04/2026";"14/04/2026";357;0;357;
"AERECO WENTYLACJA Sp. z.o.o";"NOR";"26030000151216";"PREVISION";"AEA1243XX";"";"14/04/2026";"14/04/2026";1440;0;1440;
"AERECO WENTYLACJA Sp. z.o.o";"NOR";"AR2601323";"COMMANDE";"AEA1243XX";"";"10/03/2026";"14/04/2026";1440;0;1440;
"AERECO GmbH";"";"26030000151237";"PREVISION";"AEA1335EX";"";"14/04/2026";"14/04/2026";1;0;1;
"AERECO GmbH";"";"26030000151277";"PREVISION";"AEA1339EX";"";"14/04/2026";"14/04/2026";38;0;38;
"AERECO GmbH";"NOR";"26030000151347";"PREVISION";"AEA1429XX";"";"14/04/2026";"14/04/2026";1;0;1;
"AERECO Ventilation AB";"";"26030000151464";"PREVISION";"AEA1955XX";"";"14/04/2026";"14/04/2026";13;0;13;
"AERECO GmbH";"NOR";"26030000151540";"PREVISION";"AEA1992XX";"";"14/04/2026";"14/04/2026";130;0;130;
"AERECO GmbH";"";"26030000151647";"PREVISION";"AEA2115XX";"";"14/04/2026";"14/04/2026";52;0;52;
"AERECO GmbH";"NOR";"26030000151687";"PREVISION";"AEA301XX";"";"14/04/2026";"14/04/2026";480;0;480;
"AERECO GmbH";"";"26030000151779";"PREVISION";"AEA453XX";"";"14/04/2026";"14/04/2026";12;0;12;
"AERECO GmbH";"NOR";"26030000151850";"PREVISION";"AEA731XX";"";"14/04/2026";"14/04/2026";3618;0;3618;
"AERECO WENTYLACJA Sp. z.o.o";"NOR";"AR2601323";"COMMANDE";"AEA731XX";"";"10/03/2026";"14/04/2026";1809;0;1809;
"AERECO GmbH";"NOR";"26030000151877";"PREVISION";"AEA733XX";"";"14/04/2026";"14/04/2026";1872;0;1872;
"AERECO GmbH";"NOR";"26030000151909";"PREVISION";"AEA775XX";"";"14/04/2026";"14/04/2026";88;0;88;
"AERECO GmbH";"";"26030000151978";"PREVISION";"AEA778XX";"";"14/04/2026";"14/04/2026";73;0;73;
"AERECO GmbH";"";"26030000152018";"PREVISION";"AEA808XX";"";"14/04/2026";"14/04/2026";13;0;13;
"AERECO GmbH";"NOR";"26030000152048";"PREVISION";"AEA809XX";"";"14/04/2026";"14/04/2026";19;0;19;
"AERECO WENTYLACJA Sp. z.o.o";"NOR";"AR2601323";"COMMANDE";"AEA833XX";"";"10/03/2026";"14/04/2026";1440;0;1440;
"AERECO GmbH";"NOR";"26030000152095";"PREVISION";"AEA833XX";"";"14/04/2026";"14/04/2026";1440;0;1440;
"AERECO WENTYLACJA Sp. z.o.o";"NOR";"AR2601323";"COMMANDE";"AEA852XX";"";"10/03/2026";"14/04/2026";1440;0;1440;
"AERECO WENTYLACJA Sp. z.o.o";"NOR";"26030000152149";"PREVISION";"AEA852XX";"";"14/04/2026";"14/04/2026";1440;0;1440;
"AERECO GmbH";"";"26030000152215";"PREVISION";"AEA967XX";"";"14/04/2026";"14/04/2026";31;0;31;
"AERECO GmbH";"";"26030000152255";"PREVISION";"AEA968XX";"";"14/04/2026";"14/04/2026";7;0;7;
"AERECO GmbH";"NOR";"26030000152295";"PREVISION";"AVE052EX";"";"14/04/2026";"14/04/2026";2;0;2;
"AERECO GmbH";"NOR";"26030000152312";"PREVISION";"AVE056XX";"";"14/04/2026";"14/04/2026";14;0;14;
"AERECO GmbH";"NOR";"26030000152352";"PREVISION";"AVE057EX";"";"14/04/2026";"14/04/2026";1;0;1;
"AERECO WENTYLACJA Sp. z.o.o";"NOR";"26030000152364";"PREVISION";"AVE1267EX";"";"14/04/2026";"14/04/2026";8;0;8;
"AERECO GmbH";"";"26030000152409";"PREVISION";"B3651";"";"14/04/2026";"14/04/2026";13;0;13;
"AERECO Ventilation AB";"NOR";"26030000152449";"PREVISION";"B6794";"";"14/04/2026";"14/04/2026";21;0;21;
"AERECO Ventilation AB";"";"26030000152489";"PREVISION";"B6796";"";"14/04/2026";"14/04/2026";31;0;31;
"ALDES ";"MTS";"AR2601373";"COMMANDE";"BDH2251AL";"F426-10130";"13/03/2026";"14/04/2026";384;0;384;
"AERECO GmbH";"NOR";"26030000152527";"PREVISION";"BFE2009GM";"";"14/04/2026";"14/04/2026";14;0;14;
"AERECO GmbH";"NOR";"26030000152542";"PREVISION";"BFE2068GM";"";"14/04/2026";"14/04/2026";3;0;3;
"AERECO GmbH";"";"26030000152640";"PREVISION";"BXC1889EX";"";"14/04/2026";"14/04/2026";3;0;3;
"PARTN-AIR SA";"NOR";"AR2601131";"COMMANDE";"BXC1890EX";"";"27/02/2026";"14/04/2026";288;0;288;
"AERECO GmbH";"NOR";"26030000152735";"PREVISION";"BXC1891EX";"";"14/04/2026";"14/04/2026";93;0;93;
"AERECO WENTYLACJA Sp. z.o.o";"NOR";"26030000152870";"PREVISION";"BXC1899EX";"";"14/04/2026";"14/04/2026";38;0;38;
"AERECO WENTYLACJA Sp. z.o.o";"NOR";"26030000152902";"PREVISION";"BXC1900EX";"";"14/04/2026";"14/04/2026";288;0;288;
"AERECO WENTYLACJA Sp. z.o.o";"";"26030000153019";"PREVISION";"BXC1902EX";"";"14/04/2026";"14/04/2026";9;0;9;
"AERECO WENTYLACJA Sp. z.o.o";"NOR";"26030000153055";"PREVISION";"BXC1903EX";"";"14/04/2026";"14/04/2026";28;0;28;
"AERECO WENTYLACJA Sp. z.o.o";"NOR";"26030000153196";"PREVISION";"BXC1907EX";"";"14/04/2026";"14/04/2026";1152;0;1152;
"AERECO WENTYLACJA Sp. z.o.o";"NOR";"AR2601323";"COMMANDE";"BXC1907EX";"";"10/03/2026";"14/04/2026";1152;0;1152;
"AERECO WENTYLACJA Sp. z.o.o";"NOR";"26030000153229";"PREVISION";"BXC1908EX";"";"14/04/2026";"14/04/2026";288;0;288;
"AERECO WENTYLACJA Sp. z.o.o";"";"26030000153297";"PREVISION";"BXC1912EX";"";"14/04/2026";"14/04/2026";35;0;35;
"AERECO WENTYLACJA Sp. z.o.o";"NOR";"26030000153326";"PREVISION";"BXC1915EX";"";"14/04/2026";"14/04/2026";9;0;9;
"AERECO GmbH";"NOR";"26030000153391";"PREVISION";"BXC1923GM";"";"14/04/2026";"14/04/2026";96;0;96;
"AERECO GmbH";"";"26030000153533";"PREVISION";"BXC2139GM";"";"14/04/2026";"14/04/2026";9;0;9;
"AERECO GmbH";"NOR";"26030000153570";"PREVISION";"BXC2142GM";"";"14/04/2026";"14/04/2026";4;0;4;
"AERECO GmbH";"NOR";"26030000153743";"PREVISION";"BXE2065GM";"";"14/04/2026";"14/04/2026";3;0;3;
"AERECO GmbH";"NOR";"26030000153788";"PREVISION";"BXE2066GM";"";"14/04/2026";"14/04/2026";1;0;1;
"AERECO GmbH";"";"26030000153864";"PREVISION";"BXE2069GM";"";"14/04/2026";"14/04/2026";3;0;3;
"AERECO GmbH";"NOR";"26030000153874";"PREVISION";"BXE2073GM";"";"14/04/2026";"14/04/2026";3;0;3;
"AERECO GmbH";"NOR";"26030000153927";"PREVISION";"BXE2077GM";"";"14/04/2026";"14/04/2026";6;0;6;
"AERECO GmbH";"NOR";"26030000154003";"PREVISION";"BXE2078GM";"";"14/04/2026";"14/04/2026";6;0;6;
"AERECO GmbH";"NOR";"26030000154074";"PREVISION";"BXE2080GM";"";"14/04/2026";"14/04/2026";3;0;3;
"AERECO GmbH";"NOR";"26030000154110";"PREVISION";"BXE2189GM";"";"14/04/2026";"14/04/2026";3;0;3;
"AERECO GmbH";"NOR";"26030000154133";"PREVISION";"BXE2191GM";"";"14/04/2026";"14/04/2026";3;0;3;
"AERECO GmbH";"NOR";"26030000154206";"PREVISION";"BXE2202GM";"";"14/04/2026";"14/04/2026";3;0;3;
"AERECO WENTYLACJA Sp. z.o.o";"NOR";"AR2601323";"COMMANDE";"BXL888PO";"";"10/03/2026";"14/04/2026";576;0;576;
"AERECO GmbH";"";"26030000154297";"PREVISION";"EAF309EX";"";"14/04/2026";"14/04/2026";60;0;60;
"AERECO GmbH";"";"26030000154427";"PREVISION";"EAF323EX";"";"14/04/2026";"14/04/2026";51;0;51;
"OOO VIVA LOGISTICS";"NOR";"26030000154607";"PREVISION";"EAR201EX";"";"14/04/2026";"14/04/2026";648;0;648;
"AERECO WENTYLACJA Sp. z.o.o";"NOR";"AR2601323";"COMMANDE";"EAR206PO";"";"10/03/2026";"14/04/2026";576;0;576;
"AERECO WENTYLACJA Sp. z.o.o";"NOR";"26030000154777";"PREVISION";"EAR206PO";"";"14/04/2026";"14/04/2026";576;0;576;
"AERECO WENTYLACJA Sp. z.o.o";"NOR";"26030000154911";"PREVISION";"EFR174XX";"";"14/04/2026";"14/04/2026";9;0;9;
"AERECO GmbH";"NOR";"26030000154989";"PREVISION";"EHM1275GM";"";"14/04/2026";"14/04/2026";44;0;44;
"AERECO WENTYLACJA Sp. z.o.o";"";"26030000155028";"PREVISION";"EHM1276EX";"";"14/04/2026";"14/04/2026";58;0;58;
"AERECO GmbH";"";"26030000155186";"PREVISION";"EHP1198GM";"";"14/04/2026";"14/04/2026";60;0;60;
"PARTN-AIR SA";"NOR";"AR2601452";"COMMANDE";"EHP1219EX";"";"19/03/2026";"14/04/2026";120;0;120;
"AERECO GmbH";"NOR";"26030000155326";"PREVISION";"EHP1874GM";"";"14/04/2026";"14/04/2026";1080;0;1080;
"AERECO GmbH";"";"26030000155339";"PREVISION";"EHP1875GM";"";"14/04/2026";"14/04/2026";1080;0;1080;
"ALDES S.p.A.";"";"26030000155355";"PREVISION";"EHT780EX";"";"14/04/2026";"14/04/2026";50;0;50;
"ALDES S.p.A.";"";"26030000155440";"PREVISION";"EHT969EX";"";"14/04/2026";"14/04/2026";30;0;30;
"AERECO WENTYLACJA Sp. z.o.o";"NOR";"AR2601323";"COMMANDE";"EMM1189PO";"";"10/03/2026";"14/04/2026";864;0;864;
"AERECO WENTYLACJA Sp. z.o.o";"NOR";"AR2601323";"COMMANDE";"EMM716PO";"";"10/03/2026";"14/04/2026";1080;0;1080;
"AERECO WENTYLACJA Sp. z.o.o";"NOR";"26030000155537";"PREVISION";"EMM716PO";"";"14/04/2026";"14/04/2026";1080;0;1080;
"AERECO WENTYLACJA Sp. z.o.o";"";"26030000155587";"PREVISION";"EMM717PO";"";"14/04/2026";"14/04/2026";150;0;150;
"AERECO Ventilation AB";"";"26030000155610";"PREVISION";"ETF1864EX";"";"14/04/2026";"14/04/2026";6;0;6;
"AERECO Ventilation AB";"NOR";"26030000155654";"PREVISION";"ETH1853EX";"";"14/04/2026";"14/04/2026";120;0;120;
"AERECO GmbH";"";"26030000155867";"PREVISION";"G2H1064EX";"";"14/04/2026";"14/04/2026";6;0;6;
"ALDES ";"MTS";"AR2601218";"COMMANDE";"GBP1808AE";"F426-10043";"05/03/2026";"14/04/2026";320;0;320;
"AERECO GmbH";"NOR";"26030000155908";"PREVISION";"K3168";"";"14/04/2026";"14/04/2026";21;0;21;
"AERECO GmbH";"NOR";"26030000155947";"PREVISION";"K3338";"";"14/04/2026";"14/04/2026";7;0;7;
"AERECO GmbH";"";"26030000155986";"PREVISION";"SE3203";"";"14/04/2026";"14/04/2026";4;0;4;
"PARTN-AIR SA";"NOR";"AR2601054";"COMMANDE";"V2A032EX";"";"19/02/2026";"14/04/2026";20;0;20;
"AERECO WENTYLACJA Sp. z.o.o";"";"26030000156173";"PREVISION";"VAM767EX";"";"14/04/2026";"14/04/2026";4;0;4;
"AERECO GmbH";"NOR";"AR2601024";"COMMANDE";"AEA1151XX";"";"18/02/2026";"15/04/2026";2160;0;2160;
"AERECO GmbH";"NOR";"AR2601024";"COMMANDE";"AEA1152XX";"";"18/02/2026";"15/04/2026";1080;0;1080;
"AERECO GmbH";"NOR";"AR2601053";"COMMANDE";"AEA317XX";"";"19/02/2026";"15/04/2026";180;0;180;
"ALDES ";"MTS";"AR2601458";"COMMANDE";"BDH2216AL";"F426-10170";"19/03/2026";"15/04/2026";768;0;768;
"AERECO GmbH";"NOR";"AR2600918";"COMMANDE";"BXC1890GM";"";"12/02/2026";"15/04/2026";576;0;576;
"AERECO GmbH";"NOR";"AR2600918";"COMMANDE";"BXC1900GM";"";"12/02/2026";"15/04/2026";864;0;864;
"AERECO LEGTECHNIKA Kft";"NOR";"AR2601156";"COMMANDE";"BXC1903EX";"";"03/03/2026";"15/04/2026";24;0;24;
"AERECO GmbH";"NOR";"AR2601141";"COMMANDE";"BXC1922GM";"";"27/02/2026";"15/04/2026";288;0;288;
"AERECO GmbH";"NOR";"AR2601053";"COMMANDE";"BXE2051GM";"";"19/02/2026";"15/04/2026";210;0;210;
"AERECO GmbH";"NOR";"AR2601277";"COMMANDE";"BXE2053GM";"";"09/03/2026";"15/04/2026";210;0;210;
"AERECO GmbH";"NOR";"AR2601129";"COMMANDE";"BXE2056GM";"";"27/02/2026";"15/04/2026";108;0;108;
"AERECO GmbH";"NOR";"AR2601053";"COMMANDE";"C1339";"";"19/02/2026";"15/04/2026";200;0;200;
"AERECO GmbH";"NOR";"AR2600538";"COMMANDE";"EAR2018GM";"";"29/01/2026";"15/04/2026";1080;0;1080;
"AERECO GmbH";"NOR";"AR2503295";"COMMANDE";"EHT780GM";"";"10/10/2025";"15/04/2026";540;0;540;
"ALDES ";"MTS";"AR2601224";"COMMANDE";"11033680";"F426-10065";"05/03/2026";"16/04/2026";540;0;540;
"ALDES ";"MTS";"AR2600791";"COMMANDE";"11033680";"F426-09991";"09/02/2026";"16/04/2026";540;0;540;
"ALDES ";"MTS";"AR2601224";"COMMANDE";"11033681";"F426-10066";"05/03/2026";"16/04/2026";120;0;120;
"ALDES ";"MTS";"AR2601224";"COMMANDE";"11033683";"F426-10067";"05/03/2026";"16/04/2026";120;0;120;
"ALDES ";"MTS";"AR2600791";"COMMANDE";"11033694";"F426-09992";"09/02/2026";"16/04/2026";48;0;48;
"ALDES ";"MTS";"AR2601224";"COMMANDE";"AEA1479AL";"F426-10055";"05/03/2026";"16/04/2026";48;0;48;
"ALDES ";"MTS";"AR2600791";"COMMANDE";"AEA1881AL";"F426-09989";"09/02/2026";"16/04/2026";220;0;220;
"ALDES ";"MTS";"AR2601224";"COMMANDE";"AEA389AL";"F426-10058";"05/03/2026";"16/04/2026";60;0;60;
"ALDES ";"MTS";"AR2601224";"COMMANDE";"BDH2218AL";"F426-10064";"05/03/2026";"16/04/2026";384;0;384;
"ALDES ";"MTS";"AR2601312";"COMMANDE";"BDH2228AL";"F426-10124";"09/03/2026";"16/04/2026";768;0;768;
"ALDES ";"MTS";"AR2601224";"COMMANDE";"BDH2250AL";"F426-10062";"05/03/2026";"16/04/2026";384;0;384;
"ALDES ";"MTS";"AR2601224";"COMMANDE";"BDH2254AL";"F426-10063";"05/03/2026";"16/04/2026";384;0;384;
"ALDES ";"MTS";"AR2601224";"COMMANDE";"BDH2302AL";"F426-10068";"05/03/2026";"16/04/2026";288;0;288;
"ALDES ";"MTS";"AR2600791";"COMMANDE";"BXG351AL";"F426-09990";"09/02/2026";"16/04/2026";20;0;20;
"ALDES ";"MTS";"AR2601224";"COMMANDE";"EBH1354AL";"F426-10061";"05/03/2026";"16/04/2026";112;0;112;
"ALDES ";"MTS";"AR2600501";"COMMANDE";"EBH1354AL";"F426-09962";"27/01/2026";"16/04/2026";112;0;112;
"ALDES ";"MTS";"AR2601224";"COMMANDE";"EBH1562LA";"F426-10060";"05/03/2026";"16/04/2026";60;0;60;
"ALDES ";"MTS";"AR2601224";"COMMANDE";"EHL1393AL";"F426-10056";"05/03/2026";"16/04/2026";40;0;40;
"ALDES ";"MTS";"AR2601224";"COMMANDE";"EHL1401AL";"F426-10057";"05/03/2026";"16/04/2026";576;0;576;
"ALDES ";"MTS";"AR2601224";"COMMANDE";"EHL1482AL";"F426-10059";"05/03/2026";"16/04/2026";128;0;128;
"PARTN-AIR SA";"NOR";"AR2601383";"COMMANDE";"VCZ2095EX";"";"16/03/2026";"16/04/2026";4;0;4;
"PARTN-AIR SA";"NOR";"AR2601383";"COMMANDE";"VTZ2087CH";"";"16/03/2026";"16/04/2026";12;0;12;
"PARTN-AIR SA";"NOR";"AR2601383";"COMMANDE";"VTZ2090CH";"";"16/03/2026";"16/04/2026";2;0;2;
"ALDES ";"MTS";"AR2601476";"COMMANDE";"11016309";"F426-10176";"20/03/2026";"17/04/2026";720;0;720;
"AERECO WENTYLACJA Sp. z.o.o";"MTS";"26030000111883";"PREVISION";"11016308";"";"20/04/2026";"20/04/2026";1200;0;1200;
"AERECO WENTYLACJA Sp. z.o.o";"MTS";"26030000111909";"PREVISION";"11016309";"";"20/04/2026";"20/04/2026";720;0;720;
"AERECO WENTYLACJA Sp. z.o.o";"MTS";"26030000111975";"PREVISION";"11016312";"";"20/04/2026";"20/04/2026";300;0;300;
"ALDES ";"MTS";"AR2600792";"COMMANDE";"ETF1862AL";"F426-09044";"09/02/2026";"20/04/2026";225;0;225;
"AERECO WENTYLACJA Sp. z.o.o";"NOR";"26030000150655";"PREVISION";"11011516";"";"21/04/2026";"21/04/2026";640;0;640;
"AERECO WENTYLACJA Sp. z.o.o";"NOR";"AR2600892";"COMMANDE";"11819091";"";"11/02/2026";"21/04/2026";1440;0;1440;
"AERECO GmbH";"";"26030000150756";"PREVISION";"A3772E";"";"21/04/2026";"21/04/2026";364;0;364;
"AERECO GmbH";"NOR";"26030000150828";"PREVISION";"A4581E01";"";"21/04/2026";"21/04/2026";2;0;2;
"AERECO GmbH";"NOR";"26030000150902";"PREVISION";"AEA064XX";"";"21/04/2026";"21/04/2026";166;0;166;
"AERECO WENTYLACJA Sp. z.o.o";"";"26030000150933";"PREVISION";"AEA098XX";"";"21/04/2026";"21/04/2026";121;0;121;
"AERECO GmbH";"NOR";"26030000150971";"PREVISION";"AEA100XX";"";"21/04/2026";"21/04/2026";1688;0;1688;
"AERECO GmbH";"NOR";"26030000150999";"PREVISION";"AEA1151XX";"";"21/04/2026";"21/04/2026";2160;0;2160;
"AERECO WENTYLACJA Sp. z.o.o";"NOR";"26030000151050";"PREVISION";"AEA1202XX";"";"21/04/2026";"21/04/2026";60;0;60;
"AERECO WENTYLACJA Sp. z.o.o";"NOR";"AR2601324";"COMMANDE";"AEA1241XX";"";"10/03/2026";"21/04/2026";1809;0;1809;
"AERECO GmbH";"NOR";"26030000151155";"PREVISION";"AEA1241XX";"";"21/04/2026";"21/04/2026";1809;0;1809;
"AERECO WENTYLACJA Sp. z.o.o";"NOR";"26030000151182";"PREVISION";"AEA1242XX";"";"21/04/2026";"21/04/2026";357;0;357;
"AERECO WENTYLACJA Sp. z.o.o";"NOR";"26030000151217";"PREVISION";"AEA1243XX";"";"21/04/2026";"21/04/2026";1440;0;1440;
"AERECO WENTYLACJA Sp. z.o.o";"NOR";"AR2601324";"COMMANDE";"AEA1243XX";"";"10/03/2026";"21/04/2026";1440;0;1440;
"AERECO GmbH";"";"26030000151238";"PREVISION";"AEA1335EX";"";"21/04/2026";"21/04/2026";1;0;1;
"AERECO GmbH";"";"26030000151278";"PREVISION";"AEA1339EX";"";"21/04/2026";"21/04/2026";38;0;38;
"AERECO GmbH";"NOR";"26030000151348";"PREVISION";"AEA1429XX";"";"21/04/2026";"21/04/2026";1;0;1;
"AERECO Ventilation AB";"";"26030000151465";"PREVISION";"AEA1955XX";"";"21/04/2026";"21/04/2026";13;0;13;
"AERECO GmbH";"NOR";"26030000151541";"PREVISION";"AEA1992XX";"";"21/04/2026";"21/04/2026";130;0;130;
"AERECO GmbH";"";"26030000151648";"PREVISION";"AEA2115XX";"";"21/04/2026";"21/04/2026";52;0;52;
"AERECO GmbH";"NOR";"26030000151688";"PREVISION";"AEA301XX";"";"21/04/2026";"21/04/2026";240;0;240;
"AERECO GmbH";"";"26030000151780";"PREVISION";"AEA453XX";"";"21/04/2026";"21/04/2026";12;0;12;
"AERECO GmbH";"NOR";"26030000151851";"PREVISION";"AEA731XX";"";"21/04/2026";"21/04/2026";3618;0;3618;
"AERECO WENTYLACJA Sp. z.o.o";"NOR";"AR2601324";"COMMANDE";"AEA731XX";"";"10/03/2026";"21/04/2026";1809;0;1809;
"AERECO WENTYLACJA Sp. z.o.o";"NOR";"AR2601324";"COMMANDE";"AEA775XX";"";"10/03/2026";"21/04/2026";440;0;440;
"AERECO GmbH";"NOR";"26030000151910";"PREVISION";"AEA775XX";"";"21/04/2026";"21/04/2026";88;0;88;
"AERECO GmbH";"";"26030000151979";"PREVISION";"AEA778XX";"";"21/04/2026";"21/04/2026";73;0;73;
"AERECO GmbH";"";"26030000152019";"PREVISION";"AEA808XX";"";"21/04/2026";"21/04/2026";13;0;13;
"AERECO GmbH";"NOR";"26030000152049";"PREVISION";"AEA809XX";"";"21/04/2026";"21/04/2026";19;0;19;
"AERECO GmbH";"NOR";"26030000152086";"PREVISION";"AEA827XX";"";"21/04/2026";"21/04/2026";1809;0;1809;
"AERECO WENTYLACJA Sp. z.o.o";"NOR";"AR2601324";"COMMANDE";"AEA833XX";"";"10/03/2026";"21/04/2026";1440;0;1440;
"AERECO GmbH";"NOR";"26030000152096";"PREVISION";"AEA833XX";"";"21/04/2026";"21/04/2026";1440;0;1440;
"AERECO GmbH";"";"26030000152106";"PREVISION";"AEA834XX";"";"21/04/2026";"21/04/2026";8;0;8;
"AERECO GmbH";"NOR";"26030000152135";"PREVISION";"AEA851XX";"";"21/04/2026";"21/04/2026";720;0;720;
"AERECO GmbH";"";"26030000152216";"PREVISION";"AEA967XX";"";"21/04/2026";"21/04/2026";31;0;31;
"AERECO GmbH";"";"26030000152256";"PREVISION";"AEA968XX";"";"21/04/2026";"21/04/2026";7;0;7;
"AERECO GmbH";"NOR";"26030000152296";"PREVISION";"AVE052EX";"";"21/04/2026";"21/04/2026";2;0;2;
"AERECO GmbH";"NOR";"26030000152313";"PREVISION";"AVE056XX";"";"21/04/2026";"21/04/2026";14;0;14;
"AERECO GmbH";"NOR";"26030000152353";"PREVISION";"AVE057EX";"";"21/04/2026";"21/04/2026";1;0;1;
"AERECO WENTYLACJA Sp. z.o.o";"NOR";"26030000152365";"PREVISION";"AVE1267EX";"";"21/04/2026";"21/04/2026";8;0;8;
"AERECO GmbH";"";"26030000152410";"PREVISION";"B3651";"";"21/04/2026";"21/04/2026";13;0;13;
"AERECO Ventilation AB";"NOR";"26030000152450";"PREVISION";"B6794";"";"21/04/2026";"21/04/2026";21;0;21;
"AERECO Ventilation AB";"";"26030000152490";"PREVISION";"B6796";"";"21/04/2026";"21/04/2026";31;0;31;
"AERECO GmbH";"NOR";"26030000152543";"PREVISION";"BFE2068GM";"";"21/04/2026";"21/04/2026";3;0;3;
"AERECO GmbH";"NOR";"26030000152602";"PREVISION";"BFX1931GM";"";"21/04/2026";"21/04/2026";228;0;228;
"AERECO GmbH";"";"26030000152641";"PREVISION";"BXC1889EX";"";"21/04/2026";"21/04/2026";3;0;3;
"PARTN-AIR SA";"NOR";"AR2601182";"COMMANDE";"BXC1890EX";"";"03/03/2026";"21/04/2026";288;0;288;
"AERECO WENTYLACJA Sp. z.o.o";"NOR";"26030000152871";"PREVISION";"BXC1899EX";"";"21/04/2026";"21/04/2026";38;0;38;
"AERECO WENTYLACJA Sp. z.o.o";"NOR";"26030000152903";"PREVISION";"BXC1900EX";"";"21/04/2026";"21/04/2026";576;0;576;
"AERECO WENTYLACJA Sp. z.o.o";"";"26030000153020";"PREVISION";"BXC1902EX";"";"21/04/2026";"21/04/2026";9;0;9;
"AERECO WENTYLACJA Sp. z.o.o";"NOR";"26030000153056";"PREVISION";"BXC1903EX";"";"21/04/2026";"21/04/2026";28;0;28;
"AERECO GmbH";"NOR";"26030000153093";"PREVISION";"BXC1903GM";"";"21/04/2026";"21/04/2026";57;0;57;
"AERECO WENTYLACJA Sp. z.o.o";"NOR";"AR2601324";"COMMANDE";"BXC1907EX";"";"10/03/2026";"21/04/2026";2304;0;2304;
"AERECO WENTYLACJA Sp. z.o.o";"NOR";"26030000153197";"PREVISION";"BXC1907EX";"";"21/04/2026";"21/04/2026";1152;0;1152;
"AERECO WENTYLACJA Sp. z.o.o";"NOR";"26030000153230";"PREVISION";"BXC1908EX";"";"21/04/2026";"21/04/2026";58;0;58;
"AERECO GmbH";"";"26030000153263";"PREVISION";"BXC1910EX";"";"21/04/2026";"21/04/2026";192;0;192;
"AERECO WENTYLACJA Sp. z.o.o";"NOR";"26030000153327";"PREVISION";"BXC1915EX";"";"21/04/2026";"21/04/2026";9;0;9;
"AERECO GmbH";"";"26030000153534";"PREVISION";"BXC2139GM";"";"21/04/2026";"21/04/2026";9;0;9;
"AERECO GmbH";"NOR";"26030000153571";"PREVISION";"BXC2142GM";"";"21/04/2026";"21/04/2026";4;0;4;
"AERECO GmbH";"NOR";"26030000153744";"PREVISION";"BXE2065GM";"";"21/04/2026";"21/04/2026";3;0;3;
"AERECO GmbH";"NOR";"26030000153789";"PREVISION";"BXE2066GM";"";"21/04/2026";"21/04/2026";1;0;1;
"AERECO GmbH";"";"26030000153865";"PREVISION";"BXE2069GM";"";"21/04/2026";"21/04/2026";3;0;3;
"AERECO GmbH";"NOR";"26030000153875";"PREVISION";"BXE2073GM";"";"21/04/2026";"21/04/2026";3;0;3;
"AERECO GmbH";"NOR";"26030000153928";"PREVISION";"BXE2077GM";"";"21/04/2026";"21/04/2026";6;0;6;
"AERECO GmbH";"NOR";"26030000154004";"PREVISION";"BXE2078GM";"";"21/04/2026";"21/04/2026";6;0;6;
"AERECO GmbH";"NOR";"26030000154075";"PREVISION";"BXE2080GM";"";"21/04/2026";"21/04/2026";3;0;3;
"AERECO GmbH";"NOR";"26030000154111";"PREVISION";"BXE2189GM";"";"21/04/2026";"21/04/2026";3;0;3;
"AERECO GmbH";"NOR";"26030000154134";"PREVISION";"BXE2191GM";"";"21/04/2026";"21/04/2026";3;0;3;
"AERECO GmbH";"NOR";"26030000154207";"PREVISION";"BXE2202GM";"";"21/04/2026";"21/04/2026";3;0;3;
"AERECO WENTYLACJA Sp. z.o.o";"NOR";"AR2601324";"COMMANDE";"BXL888PO";"";"10/03/2026";"21/04/2026";576;0;576;
"AERECO GmbH";"";"26030000154298";"PREVISION";"EAF309EX";"";"21/04/2026";"21/04/2026";60;0;60;
"AERECO GmbH";"";"26030000154428";"PREVISION";"EAF323EX";"";"21/04/2026";"21/04/2026";51;0;51;
"AERECO GmbH";"";"26030000154464";"PREVISION";"EAR1245EX";"";"21/04/2026";"21/04/2026";192;0;192;
"AERECO GmbH";"NOR";"26030000154560";"PREVISION";"EAR2018GM";"";"21/04/2026";"21/04/2026";288;0;288;
"OOO VIVA LOGISTICS";"NOR";"26030000154608";"PREVISION";"EAR201EX";"";"21/04/2026";"21/04/2026";648;0;648;
"AERECO GmbH";"";"26030000154631";"PREVISION";"EAR201GM";"";"21/04/2026";"21/04/2026";1296;0;1296;
"AERECO WENTYLACJA Sp. z.o.o";"NOR";"26030000154644";"PREVISION";"EAR201PO";"";"21/04/2026";"21/04/2026";648;0;648;
"AERECO WENTYLACJA Sp. z.o.o";"NOR";"AR2601324";"COMMANDE";"EAR201PO";"";"10/03/2026";"21/04/2026";648;0;648;
"AERECO WENTYLACJA Sp. z.o.o";"NOR";"AR2601324";"COMMANDE";"EAR206PO";"";"10/03/2026";"21/04/2026";576;0;576;
"AERECO WENTYLACJA Sp. z.o.o";"NOR";"26030000154778";"PREVISION";"EAR206PO";"";"21/04/2026";"21/04/2026";576;0;576;
"AERECO WENTYLACJA Sp. z.o.o";"NOR";"26030000154912";"PREVISION";"EFR174XX";"";"21/04/2026";"21/04/2026";9;0;9;
"AERECO GmbH";"NOR";"26030000154990";"PREVISION";"EHM1275GM";"";"21/04/2026";"21/04/2026";44;0;44;
"AERECO WENTYLACJA Sp. z.o.o";"";"26030000155029";"PREVISION";"EHM1276EX";"";"21/04/2026";"21/04/2026";58;0;58;
"AERECO GmbH";"";"26030000155187";"PREVISION";"EHP1198GM";"";"21/04/2026";"21/04/2026";60;0;60;
"ALDES S.p.A.";"";"26030000155356";"PREVISION";"EHT780EX";"";"21/04/2026";"21/04/2026";50;0;50;
"AERECO WENTYLACJA Sp. z.o.o";"NOR";"26030000155424";"PREVISION";"EHT780PO";"";"21/04/2026";"21/04/2026";720;0;720;
"AERECO WENTYLACJA Sp. z.o.o";"NOR";"26030000155494";"PREVISION";"EMM707PO";"";"21/04/2026";"21/04/2026";864;0;864;
"AERECO WENTYLACJA Sp. z.o.o";"NOR";"26030000155538";"PREVISION";"EMM716PO";"";"21/04/2026";"21/04/2026";1080;0;1080;
"AERECO WENTYLACJA Sp. z.o.o";"";"26030000155588";"PREVISION";"EMM717PO";"";"21/04/2026";"21/04/2026";150;0;150;
"AERECO Ventilation AB";"";"26030000155611";"PREVISION";"ETF1864EX";"";"21/04/2026";"21/04/2026";6;0;6;
"AERECO Ventilation AB";"NOR";"26030000155655";"PREVISION";"ETH1853EX";"";"21/04/2026";"21/04/2026";120;0;120;
"AERECO Ventilation AB";"NOR";"26030000155702";"PREVISION";"ETH1984EX";"";"21/04/2026";"21/04/2026";192;0;192;
"AERECO GmbH";"";"26030000155754";"PREVISION";"ETH2104GM";"";"21/04/2026";"21/04/2026";450;0;450;
"AERECO GmbH";"NOR";"26030000155814";"PREVISION";"FBE1089GM";"";"21/04/2026";"21/04/2026";105;0;105;
"AERECO GmbH";"";"26030000155868";"PREVISION";"G2H1064EX";"";"21/04/2026";"21/04/2026";6;0;6;
"AERECO GmbH";"NOR";"26030000155909";"PREVISION";"K3168";"";"21/04/2026";"21/04/2026";21;0;21;
"AERECO GmbH";"NOR";"26030000155948";"PREVISION";"K3338";"";"21/04/2026";"21/04/2026";7;0;7;
"AERECO GmbH";"";"26030000155987";"PREVISION";"SE3203";"";"21/04/2026";"21/04/2026";4;0;4;
"AERECO WENTYLACJA Sp. z.o.o";"NOR";"26030000156025";"PREVISION";"V2A032EX";"";"21/04/2026";"21/04/2026";22;0;22;
"AERECO WENTYLACJA Sp. z.o.o";"";"26030000156174";"PREVISION";"VAM767EX";"";"21/04/2026";"21/04/2026";4;0;4;
"AERECO GmbH";"NOR";"AR2601438";"COMMANDE";"AEA086XX";"";"18/03/2026";"22/04/2026";72;0;72;
"AERECO GmbH";"NOR";"AR2601274";"COMMANDE";"BXE2079GM";"";"09/03/2026";"22/04/2026";210;0;210;
"AERECO GmbH";"NOR";"AR2601193";"COMMANDE";"BXE2079GM";"";"04/03/2026";"22/04/2026";150;0;150;
"AERECO GmbH";"NOR";"AR2601274";"COMMANDE";"BXE2080GM";"";"09/03/2026";"22/04/2026";210;0;210;
"AERECO GmbH";"NOR";"AR2503030";"COMMANDE";"VAM813GM";"";"19/09/2025";"22/04/2026";126;0;112;
"ALDES ";"MTS";"AR2601478";"COMMANDE";"11016308";"F426-10178";"20/03/2026";"23/04/2026";1200;0;1200;
"ALDES ";"MTS";"AR2600793";"COMMANDE";"11033680";"F426-10001";"09/02/2026";"23/04/2026";480;0;480;
"ALDES ";"MTS";"AR2600793";"COMMANDE";"11033684";"F426-10002";"09/02/2026";"23/04/2026";120;0;120;
"ALDES ";"MTS";"AR2600793";"COMMANDE";"11033692";"F426-10003";"09/02/2026";"23/04/2026";48;0;48;
"ALDES ";"MTS";"AR2600793";"COMMANDE";"11033693";"F426-10004";"09/02/2026";"23/04/2026";48;0;48;
"ALDES ";"MTS";"AR2600793";"COMMANDE";"AEA1880AL";"F426-10000";"09/02/2026";"23/04/2026";708;0;708;
"ALDES ";"MTS";"AR2600768";"COMMANDE";"AEA301AE";"F426-09965";"09/02/2026";"23/04/2026";240;0;240;
"ALDES ";"MTS";"AR2600793";"COMMANDE";"AEA389AL";"F426-09996";"09/02/2026";"23/04/2026";60;0;60;
"ALDES ";"MTS";"AR2600769";"COMMANDE";"EAR1167AE";"F426-09966";"09/02/2026";"23/04/2026";1000;0;1000;
"ALDES ";"MTS";"AR2600766";"COMMANDE";"EAR1313AE";"F426-09964";"09/02/2026";"23/04/2026";400;0;400;
"ALDES ";"MTS";"AR2600793";"COMMANDE";"EBH1359AL";"F426-09999";"09/02/2026";"23/04/2026";2016;0;2016;
"ALDES ";"MTS";"AR2600793";"COMMANDE";"EBH1480AL";"F426-09998";"09/02/2026";"23/04/2026";448;0;448;
"ALDES ";"MTS";"AR2600793";"COMMANDE";"EHL1397AL";"F426-09995";"09/02/2026";"23/04/2026";64;0;64;
"ALDES ";"MTS";"AR2600793";"COMMANDE";"EHL1398AL";"F426-09997";"09/02/2026";"23/04/2026";128;0;128;
"ALDES ";"MTS";"AR2600793";"COMMANDE";"EHL1399AL";"F426-09994";"09/02/2026";"23/04/2026";64;0;64;
"ALDES ";"MTS";"AR2600793";"COMMANDE";"EHL1401AL";"F426-09993";"09/02/2026";"23/04/2026";576;0;576;
"ALDES ";"MTS";"AR2601216";"COMMANDE";"GBP1810AE";"F426-10042";"05/03/2026";"23/04/2026";384;0;384;
"ALDES ";"MTS";"AR2600793";"COMMANDE";"GRO272AL";"F426-10005";"09/02/2026";"23/04/2026";260;0;260;
"PARTN-AIR SA";"NOR";"AR2601449";"COMMANDE";"VTZ1878CH";"";"19/03/2026";"23/04/2026";12;0;12;
"AERECO WENTYLACJA Sp. z.o.o";"MTS";"26030000111884";"PREVISION";"11016308";"";"27/04/2026";"27/04/2026";1200;0;1200;
"AERECO WENTYLACJA Sp. z.o.o";"MTS";"26030000111976";"PREVISION";"11016312";"";"27/04/2026";"27/04/2026";300;0;300;
"ALDES ";"MTO";"AR2601460";"COMMANDE";"EFL1349AL";"";"20/03/2026";"27/04/2026";38;0;38;
"AERECO WENTYLACJA Sp. z.o.o";"NOR";"26030000150656";"PREVISION";"11011516";"";"28/04/2026";"28/04/2026";640;0;640;
"AERECO WENTYLACJA Sp. z.o.o";"NOR";"AR2601325";"COMMANDE";"11011516";"";"10/03/2026";"28/04/2026";540;0;540;
"AERECO WENTYLACJA Sp. z.o.o";"NOR";"AR2601325";"COMMANDE";"11016310";"";"10/03/2026";"28/04/2026";576;0;576;
"AERECO WENTYLACJA Sp. z.o.o";"NOR";"AR2601325";"COMMANDE";"11819091";"";"10/03/2026";"28/04/2026";720;0;720;
"AERECO WENTYLACJA Sp. z.o.o";"NOR";"AR2600893";"COMMANDE";"11819091";"";"11/02/2026";"28/04/2026";1440;0;1440;
"AERECO WENTYLACJA Sp. z.o.o";"";"26030000150734";"PREVISION";"A3764E01";"";"28/04/2026";"28/04/2026";792;0;792;
"AERECO WENTYLACJA Sp. z.o.o";"";"26030000150739";"PREVISION";"A3764W01";"";"28/04/2026";"28/04/2026";792;0;792;
"AERECO GmbH";"";"26030000150757";"PREVISION";"A3772E";"";"28/04/2026";"28/04/2026";72;0;72;
"AERECO GmbH";"";"26030000150793";"PREVISION";"A4260";"";"28/04/2026";"28/04/2026";25;0;25;
"AERECO GmbH";"NOR";"26030000150829";"PREVISION";"A4581E01";"";"28/04/2026";"28/04/2026";1;0;1;
"AERECO GmbH";"NOR";"26030000150903";"PREVISION";"AEA064XX";"";"28/04/2026";"28/04/2026";166;0;166;
"AERECO WENTYLACJA Sp. z.o.o";"";"26030000150934";"PREVISION";"AEA098XX";"";"28/04/2026";"28/04/2026";121;0;121;
"AERECO GmbH";"NOR";"26030000151017";"PREVISION";"AEA1152XX";"";"28/04/2026";"28/04/2026";1080;0;1080;
"AERECO GmbH";"NOR";"26030000151051";"PREVISION";"AEA1216GM";"";"28/04/2026";"28/04/2026";180;0;180;
"AERECO WENTYLACJA Sp. z.o.o";"NOR";"AR2601325";"COMMANDE";"AEA1242XX";"";"10/03/2026";"28/04/2026";1608;0;1608;
"AERECO WENTYLACJA Sp. z.o.o";"NOR";"26030000151183";"PREVISION";"AEA1242XX";"";"28/04/2026";"28/04/2026";26;0;26;
"AERECO WENTYLACJA Sp. z.o.o";"NOR";"AR2601325";"COMMANDE";"AEA1243XX";"";"10/03/2026";"28/04/2026";1440;0;1440;
"AERECO GmbH";"";"26030000151239";"PREVISION";"AEA1335EX";"";"28/04/2026";"28/04/2026";1;0;1;
"AERECO GmbH";"";"26030000151279";"PREVISION";"AEA1339EX";"";"28/04/2026";"28/04/2026";48;0;48;
"AERECO GmbH";"NOR";"26030000151349";"PREVISION";"AEA1429XX";"";"28/04/2026";"28/04/2026";31;0;31;
"AERECO GmbH";"";"26030000151385";"PREVISION";"AEA156XX";"";"28/04/2026";"28/04/2026";9;0;9;
"AERECO GmbH";"";"26030000151399";"PREVISION";"AEA157XX";"";"28/04/2026";"28/04/2026";18;0;18;
"AERECO GmbH";"";"26030000151426";"PREVISION";"AEA1954XX";"";"28/04/2026";"28/04/2026";126;0;126;
"AERECO Ventilation AB";"";"26030000151466";"PREVISION";"AEA1955XX";"";"28/04/2026";"28/04/2026";9;0;9;
"AERECO Ventilation AB";"";"26030000151502";"PREVISION";"AEA1958XX";"";"28/04/2026";"28/04/2026";860;0;860;
"AERECO GmbH";"NOR";"26030000151542";"PREVISION";"AEA1992XX";"";"28/04/2026";"28/04/2026";95;0;95;
"AERECO GmbH";"";"26030000151649";"PREVISION";"AEA2115XX";"";"28/04/2026";"28/04/2026";66;0;66;
"AERECO GmbH";"NOR";"26030000151689";"PREVISION";"AEA301XX";"";"28/04/2026";"28/04/2026";240;0;240;
"AERECO GmbH";"NOR";"26030000151727";"PREVISION";"AEA317XX";"";"28/04/2026";"28/04/2026";170;0;170;
"AERECO GmbH";"";"26030000151742";"PREVISION";"AEA400GM";"";"28/04/2026";"28/04/2026";3;0;3;
"AERECO GmbH";"";"26030000151781";"PREVISION";"AEA453XX";"";"28/04/2026";"28/04/2026";9;0;9;
"AERECO GmbH";"NOR";"26030000151852";"PREVISION";"AEA731XX";"";"28/04/2026";"28/04/2026";1809;0;1809;
"AERECO WENTYLACJA Sp. z.o.o";"NOR";"AR2601325";"COMMANDE";"AEA775XX";"";"10/03/2026";"28/04/2026";440;0;440;
"AERECO GmbH";"NOR";"26030000151911";"PREVISION";"AEA775XX";"";"28/04/2026";"28/04/2026";118;0;118;
"AERECO GmbH";"";"26030000151948";"PREVISION";"AEA776XX";"";"28/04/2026";"28/04/2026";29;0;29;
"AERECO GmbH";"";"26030000151980";"PREVISION";"AEA778XX";"";"28/04/2026";"28/04/2026";42;0;42;
"AERECO GmbH";"NOR";"26030000152050";"PREVISION";"AEA809XX";"";"28/04/2026";"28/04/2026";10;0;10;
"AERECO GmbH";"";"26030000152107";"PREVISION";"AEA834XX";"";"28/04/2026";"28/04/2026";361;0;361;
"AERECO GmbH";"NOR";"26030000152136";"PREVISION";"AEA851XX";"";"28/04/2026";"28/04/2026";720;0;720;
"AERECO WENTYLACJA Sp. z.o.o";"NOR";"26030000152150";"PREVISION";"AEA852XX";"";"28/04/2026";"28/04/2026";1440;0;1440;
"AERECO WENTYLACJA Sp. z.o.o";"NOR";"AR2601325";"COMMANDE";"AEA852XX";"";"10/03/2026";"28/04/2026";1440;0;1440;
"AERECO GmbH";"";"26030000152217";"PREVISION";"AEA967XX";"";"28/04/2026";"28/04/2026";22;0;22;
"AERECO GmbH";"";"26030000152257";"PREVISION";"AEA968XX";"";"28/04/2026";"28/04/2026";5;0;5;
"AERECO GmbH";"NOR";"26030000152297";"PREVISION";"AVE052EX";"";"28/04/2026";"28/04/2026";1;0;1;
"AERECO GmbH";"NOR";"26030000152314";"PREVISION";"AVE056XX";"";"28/04/2026";"28/04/2026";4;0;4;
"AERECO GmbH";"NOR";"26030000152354";"PREVISION";"AVE057EX";"";"28/04/2026";"28/04/2026";1;0;1;
"AERECO GmbH";"NOR";"26030000152371";"PREVISION";"B3382";"";"28/04/2026";"28/04/2026";11;0;11;
"AERECO GmbH";"";"26030000152411";"PREVISION";"B3651";"";"28/04/2026";"28/04/2026";9;0;9;
"AERECO Ventilation AB";"NOR";"26030000152451";"PREVISION";"B6794";"";"28/04/2026";"28/04/2026";24;0;24;
"AERECO Ventilation AB";"";"26030000152491";"PREVISION";"B6796";"";"28/04/2026";"28/04/2026";10;0;10;
"AERECO GmbH";"NOR";"26030000152544";"PREVISION";"BFE2068GM";"";"28/04/2026";"28/04/2026";3;0;3;
"AERECO GmbH";"NOR";"26030000152603";"PREVISION";"BFX1931GM";"";"28/04/2026";"28/04/2026";72;0;72;
"AERECO GmbH";"";"26030000152642";"PREVISION";"BXC1889EX";"";"28/04/2026";"28/04/2026";2;0;2;
"AERECO WENTYLACJA Sp. z.o.o";"NOR";"26030000152872";"PREVISION";"BXC1899EX";"";"28/04/2026";"28/04/2026";38;0;38;
"AERECO WENTYLACJA Sp. z.o.o";"NOR";"26030000152904";"PREVISION";"BXC1900EX";"";"28/04/2026";"28/04/2026";576;0;576;
"AERECO GmbH";"NOR";"26030000152935";"PREVISION";"BXC1900GM";"";"28/04/2026";"28/04/2026";288;0;288;
"AERECO WENTYLACJA Sp. z.o.o";"NOR";"26030000152953";"PREVISION";"BXC1901EX";"";"28/04/2026";"28/04/2026";7;0;7;
"AERECO WENTYLACJA Sp. z.o.o";"";"26030000153021";"PREVISION";"BXC1902EX";"";"28/04/2026";"28/04/2026";9;0;9;
"AERECO WENTYLACJA Sp. z.o.o";"NOR";"26030000153057";"PREVISION";"BXC1903EX";"";"28/04/2026";"28/04/2026";19;0;19;
"AERECO WENTYLACJA Sp. z.o.o";"";"26030000153181";"PREVISION";"BXC1906EX";"";"28/04/2026";"28/04/2026";9;0;9;
"AERECO WENTYLACJA Sp. z.o.o";"NOR";"AR2601325";"COMMANDE";"BXC1907EX";"";"10/03/2026";"28/04/2026";1152;0;1152;
"AERECO WENTYLACJA Sp. z.o.o";"NOR";"26030000153198";"PREVISION";"BXC1907EX";"";"28/04/2026";"28/04/2026";1728;0;1728;
"AERECO WENTYLACJA Sp. z.o.o";"NOR";"26030000153231";"PREVISION";"BXC1908EX";"";"28/04/2026";"28/04/2026";288;0;288;
"AERECO GmbH";"";"26030000153264";"PREVISION";"BXC1910EX";"";"28/04/2026";"28/04/2026";11;0;11;
"AERECO WENTYLACJA Sp. z.o.o";"NOR";"26030000153328";"PREVISION";"BXC1915EX";"";"28/04/2026";"28/04/2026";9;0;9;
"AERECO GmbH";"NOR";"26030000153457";"PREVISION";"BXC1925GM";"";"28/04/2026";"28/04/2026";72;0;72;
"AERECO GmbH";"";"26030000153535";"PREVISION";"BXC2139GM";"";"28/04/2026";"28/04/2026";12;0;12;
"AERECO GmbH";"NOR";"26030000153745";"PREVISION";"BXE2065GM";"";"28/04/2026";"28/04/2026";3;0;3;
"AERECO GmbH";"NOR";"26030000153790";"PREVISION";"BXE2066GM";"";"28/04/2026";"28/04/2026";1;0;1;
"AERECO GmbH";"";"26030000153866";"PREVISION";"BXE2069GM";"";"28/04/2026";"28/04/2026";3;0;3;
"AERECO GmbH";"NOR";"26030000153929";"PREVISION";"BXE2077GM";"";"28/04/2026";"28/04/2026";11;0;11;
"AERECO GmbH";"NOR";"26030000154005";"PREVISION";"BXE2078GM";"";"28/04/2026";"28/04/2026";6;0;6;
"AERECO GmbH";"NOR";"26030000154076";"PREVISION";"BXE2080GM";"";"28/04/2026";"28/04/2026";3;0;3;
"AERECO GmbH";"NOR";"26030000154112";"PREVISION";"BXE2189GM";"";"28/04/2026";"28/04/2026";3;0;3;
"AERECO GmbH";"NOR";"26030000154208";"PREVISION";"BXE2202GM";"";"28/04/2026";"28/04/2026";4;0;4;
"AERECO WENTYLACJA Sp. z.o.o";"NOR";"AR2601325";"COMMANDE";"BXL888PO";"";"10/03/2026";"28/04/2026";576;0;576;
"AERECO WENTYLACJA Sp. z.o.o";"NOR";"26030000154242";"PREVISION";"BXL888PO";"";"28/04/2026";"28/04/2026";576;0;576;
"AERECO GmbH";"";"26030000154299";"PREVISION";"EAF309EX";"";"28/04/2026";"28/04/2026";55;0;55;
"AERECO GmbH";"";"26030000154429";"PREVISION";"EAF323EX";"";"28/04/2026";"28/04/2026";37;0;37;
"AERECO GmbH";"";"26030000154465";"PREVISION";"EAR1245EX";"";"28/04/2026";"28/04/2026";14;0;14;
"AERECO GmbH";"NOR";"26030000154543";"PREVISION";"EAR200GM";"";"28/04/2026";"28/04/2026";720;0;720;
"OOO VIVA LOGISTICS";"NOR";"26030000154609";"PREVISION";"EAR201EX";"";"28/04/2026";"28/04/2026";1296;0;1296;
"AERECO WENTYLACJA Sp. z.o.o";"NOR";"26030000154645";"PREVISION";"EAR201PO";"";"28/04/2026";"28/04/2026";648;0;648;
"AERECO WENTYLACJA Sp. z.o.o";"NOR";"AR2601325";"COMMANDE";"EAR201PO";"";"10/03/2026";"28/04/2026";648;0;648;
"AERECO WENTYLACJA Sp. z.o.o";"NOR";"26030000154779";"PREVISION";"EAR206PO";"";"28/04/2026";"28/04/2026";576;0;576;
"AERECO WENTYLACJA Sp. z.o.o";"NOR";"AR2601325";"COMMANDE";"EAR206PO";"";"10/03/2026";"28/04/2026";576;0;576;
"AERECO GmbH";"NOR";"26030000154817";"PREVISION";"EAR282GM";"";"28/04/2026";"28/04/2026";576;0;576;
"AERECO WENTYLACJA Sp. z.o.o";"NOR";"26030000154913";"PREVISION";"EFR174XX";"";"28/04/2026";"28/04/2026";6;0;6;
"AERECO GmbH";"NOR";"26030000154991";"PREVISION";"EHM1275GM";"";"28/04/2026";"28/04/2026";112;0;112;
"AERECO WENTYLACJA Sp. z.o.o";"";"26030000155030";"PREVISION";"EHM1276EX";"";"28/04/2026";"28/04/2026";58;0;58;
"AERECO GmbH";"NOR";"26030000155065";"PREVISION";"EHM1276GM";"";"28/04/2026";"28/04/2026";56;0;56;
"AERECO GmbH";"";"26030000155188";"PREVISION";"EHP1198GM";"";"28/04/2026";"28/04/2026";75;0;75;
"AERECO GmbH";"";"26030000155340";"PREVISION";"EHP1875GM";"";"28/04/2026";"28/04/2026";1080;0;1080;
"ALDES S.p.A.";"";"26030000155357";"PREVISION";"EHT780EX";"";"28/04/2026";"28/04/2026";36;0;36;
"AERECO WENTYLACJA Sp. z.o.o";"NOR";"26030000155495";"PREVISION";"EMM707PO";"";"28/04/2026";"28/04/2026";864;0;864;
"AERECO WENTYLACJA Sp. z.o.o";"NOR";"AR2601325";"COMMANDE";"EMM716PO";"";"10/03/2026";"28/04/2026";1080;0;1080;
"AERECO WENTYLACJA Sp. z.o.o";"NOR";"26030000155539";"PREVISION";"EMM716PO";"";"28/04/2026";"28/04/2026";1080;0;1080;
"AERECO WENTYLACJA Sp. z.o.o";"";"26030000155589";"PREVISION";"EMM717PO";"";"28/04/2026";"28/04/2026";120;0;120;
"AERECO Ventilation AB";"";"26030000155612";"PREVISION";"ETF1864EX";"";"28/04/2026";"28/04/2026";7;0;7;
"AERECO Ventilation AB";"NOR";"26030000155656";"PREVISION";"ETH1853EX";"";"28/04/2026";"28/04/2026";120;0;120;
"AERECO Ventilation AB";"NOR";"26030000155703";"PREVISION";"ETH1984EX";"";"28/04/2026";"28/04/2026";1024;0;1024;
"AERECO GmbH";"";"26030000155755";"PREVISION";"ETH2104GM";"";"28/04/2026";"28/04/2026";450;0;450;
"AERECO GmbH";"NOR";"26030000155815";"PREVISION";"FBE1089GM";"";"28/04/2026";"28/04/2026";132;0;132;
"AERECO GmbH";"";"26030000155869";"PREVISION";"G2H1064EX";"";"28/04/2026";"28/04/2026";7;0;7;
"AERECO GmbH";"NOR";"26030000155910";"PREVISION";"K3168";"";"28/04/2026";"28/04/2026";315;0;315;
"AERECO GmbH";"NOR";"26030000155949";"PREVISION";"K3338";"";"28/04/2026";"28/04/2026";35;0;35;
"AERECO GmbH";"";"26030000155988";"PREVISION";"SE3203";"";"28/04/2026";"28/04/2026";73;0;73;
"AERECO WENTYLACJA Sp. z.o.o";"NOR";"26030000156026";"PREVISION";"V2A032EX";"";"28/04/2026";"28/04/2026";4;0;4;
"AERECO WENTYLACJA Sp. z.o.o";"";"26030000156175";"PREVISION";"VAM767EX";"";"28/04/2026";"28/04/2026";4;0;4;
"AERECO WENTYLACJA Sp. z.o.o";"";"26030000156193";"PREVISION";"VB42165EX";"";"28/04/2026";"28/04/2026";5;0;5;
"ALDES ";"MTO";"AR2600552";"COMMANDE";"11016194";"";"29/01/2026";"29/04/2026";1;0;1;
"ALDES ";"MTO";"AR2600622";"COMMANDE";"11016282";"";"02/02/2026";"29/04/2026";3;0;3;
"ALDES ";"MTO";"AR2600622";"COMMANDE";"11016302";"";"02/02/2026";"29/04/2026";4;0;4;
"ALDES ";"MTS";"AR2601477";"COMMANDE";"11016309";"F426-10177";"20/03/2026";"29/04/2026";720;0;720;
"AERECO GmbH";"NOR";"AR2601378";"COMMANDE";"AEA317XX";"";"16/03/2026";"29/04/2026";180;0;180;
"ALDES ";"MTS";"AR2600794";"COMMANDE";"B3F408AL";"F426-10007";"09/02/2026";"29/04/2026";120;0;120;
"AERECO GmbH";"NOR";"AR2601368";"COMMANDE";"BXC1890GM";"";"13/03/2026";"29/04/2026";288;0;288;
"AERECO GmbH";"NOR";"AR2601368";"COMMANDE";"BXC1893GM";"";"13/03/2026";"29/04/2026";576;0;576;
"AERECO GmbH";"NOR";"AR2601053";"COMMANDE";"BXC1903GM";"";"19/02/2026";"29/04/2026";96;0;96;
"AERECO GmbH";"NOR";"AR2601274";"COMMANDE";"BXC2142GM";"";"09/03/2026";"29/04/2026";48;0;48;
"AERECO GmbH";"NOR";"AR2601274";"COMMANDE";"BXC2143GM";"";"09/03/2026";"29/04/2026";48;0;48;
"AERECO GmbH";"NOR";"AR2601274";"COMMANDE";"BXE2010GM";"";"09/03/2026";"29/04/2026";30;0;30;
"AERECO GmbH";"NOR";"AR2601142";"COMMANDE";"BXE2202GM";"";"27/02/2026";"29/04/2026";72;0;72;
"ALDES ";"MTS";"AR2600794";"COMMANDE";"EHL1402AL";"F426-10006";"09/02/2026";"29/04/2026";128;0;128;
"AERECO GmbH";"NOR";"AR2601378";"COMMANDE";"EHP1874GM";"";"16/03/2026";"29/04/2026";1080;0;1080;
"ALDES ";"MTS";"AR2601357";"COMMANDE";"A2178";"";"12/03/2026";"30/04/2026";128;0;128;
"BRISTEC cz, s.r.o.";"NOR";"AR2601441";"COMMANDE";"AEA851XX";"";"18/03/2026";"30/04/2026";152;0;152;
"AERECO Ltd";"NOR";"AR2601346";"COMMANDE";"BXC1903EX";"";"12/03/2026";"30/04/2026";48;0;48;
"AERECO Ltd";"NOR";"AR2601346";"COMMANDE";"BXC1905EX";"";"12/03/2026";"30/04/2026";96;0;96;
"AERECO Ltd";"NOR";"AR2601346";"COMMANDE";"BXC1908EX";"";"12/03/2026";"30/04/2026";144;0;144;
"AERECO Ltd";"NOR";"AR2601346";"COMMANDE";"BXC1915EX";"";"12/03/2026";"30/04/2026";72;0;72;
"AERECO Ltd";"NOR";"AR2601346";"COMMANDE";"BXE2073EX";"";"12/03/2026";"30/04/2026";15;0;15;
"BRISTEC cz, s.r.o.";"NOR";"AR2601139";"COMMANDE";"BXE2077EX";"";"27/02/2026";"30/04/2026";60;0;60;
"BRISTEC cz, s.r.o.";"NOR";"AR2601441";"COMMANDE";"EAR206EX";"";"18/03/2026";"30/04/2026";192;0;192;
"AERECO WENTYLACJA Sp. z.o.o";"MTS";"26030000111910";"PREVISION";"11016309";"";"04/05/2026";"04/05/2026";720;0;720;
"AERECO WENTYLACJA Sp. z.o.o";"NOR";"26030000111949";"PREVISION";"11016310";"";"04/05/2026";"04/05/2026";480;0;480;
"ALDES ";"MTS";"AR2601257";"COMMANDE";"A2175";"";"06/03/2026";"04/05/2026";210;0;210;
"AERECO WENTYLACJA Sp. z.o.o";"NOR";"26030000150665";"PREVISION";"11016310";"";"05/05/2026";"05/05/2026";576;0;576;
"AERECO WENTYLACJA Sp. z.o.o";"NOR";"26030000150681";"PREVISION";"11819090";"";"05/05/2026";"05/05/2026";720;0;720;
"AERECO WENTYLACJA Sp. z.o.o";"NOR";"26030000150699";"PREVISION";"11819091";"";"05/05/2026";"05/05/2026";720;0;720;
"AERECO WENTYLACJA Sp. z.o.o";"";"26030000150735";"PREVISION";"A3764E01";"";"05/05/2026";"05/05/2026";792;0;792;
"AERECO WENTYLACJA Sp. z.o.o";"";"26030000150740";"PREVISION";"A3764W01";"";"05/05/2026";"05/05/2026";792;0;792;
"AERECO GmbH";"";"26030000150758";"PREVISION";"A3772E";"";"05/05/2026";"05/05/2026";455;0;455;
"AERECO GmbH";"";"26030000150794";"PREVISION";"A4260";"";"05/05/2026";"05/05/2026";25;0;25;
"AERECO GmbH";"NOR";"26030000150830";"PREVISION";"A4581E01";"";"05/05/2026";"05/05/2026";1;0;1;
"AERECO GmbH";"NOR";"26030000150904";"PREVISION";"AEA064XX";"";"05/05/2026";"05/05/2026";600;0;600;
"AERECO WENTYLACJA Sp. z.o.o";"";"26030000150935";"PREVISION";"AEA098XX";"";"05/05/2026";"05/05/2026";400;0;400;
"AERECO GmbH";"NOR";"26030000150992";"PREVISION";"AEA1150XX";"";"05/05/2026";"05/05/2026";1080;0;1080;
"AERECO GmbH";"NOR";"26030000151000";"PREVISION";"AEA1151XX";"";"05/05/2026";"05/05/2026";1080;0;1080;
"AERECO GmbH";"NOR";"26030000151018";"PREVISION";"AEA1152XX";"";"05/05/2026";"05/05/2026";1080;0;1080;
"AERECO GmbH";"NOR";"26030000151052";"PREVISION";"AEA1216GM";"";"05/05/2026";"05/05/2026";180;0;180;
"AERECO GmbH";"NOR";"26030000151156";"PREVISION";"AEA1241XX";"";"05/05/2026";"05/05/2026";1809;0;1809;
"AERECO WENTYLACJA Sp. z.o.o";"NOR";"26030000151184";"PREVISION";"AEA1242XX";"";"05/05/2026";"05/05/2026";26;0;26;
"AERECO WENTYLACJA Sp. z.o.o";"NOR";"26030000151218";"PREVISION";"AEA1243XX";"";"05/05/2026";"05/05/2026";1440;0;1440;
"AERECO GmbH";"";"26030000151240";"PREVISION";"AEA1335EX";"";"05/05/2026";"05/05/2026";1;0;1;
"AERECO GmbH";"";"26030000151280";"PREVISION";"AEA1339EX";"";"05/05/2026";"05/05/2026";48;0;48;
"AERECO GmbH";"NOR";"26030000151350";"PREVISION";"AEA1429XX";"";"05/05/2026";"05/05/2026";31;0;31;
"AERECO GmbH";"";"26030000151400";"PREVISION";"AEA157XX";"";"05/05/2026";"05/05/2026";2;0;2;
"AERECO GmbH";"";"26030000151427";"PREVISION";"AEA1954XX";"";"05/05/2026";"05/05/2026";10;0;10;
"AERECO Ventilation AB";"";"26030000151467";"PREVISION";"AEA1955XX";"";"05/05/2026";"05/05/2026";9;0;9;
"AERECO Ventilation AB";"";"26030000151503";"PREVISION";"AEA1958XX";"";"05/05/2026";"05/05/2026";38;0;38;
"AERECO GmbH";"NOR";"26030000151543";"PREVISION";"AEA1992XX";"";"05/05/2026";"05/05/2026";95;0;95;
"AERECO GmbH";"";"26030000151650";"PREVISION";"AEA2115XX";"";"05/05/2026";"05/05/2026";66;0;66;
"AERECO GmbH";"NOR";"26030000151690";"PREVISION";"AEA301XX";"";"05/05/2026";"05/05/2026";118;0;118;
"AERECO GmbH";"";"26030000151743";"PREVISION";"AEA400GM";"";"05/05/2026";"05/05/2026";3;0;3;
"AERECO GmbH";"";"26030000151782";"PREVISION";"AEA453XX";"";"05/05/2026";"05/05/2026";9;0;9;
"AERECO GmbH";"NOR";"26030000151853";"PREVISION";"AEA731XX";"";"05/05/2026";"05/05/2026";3618;0;3618;
"AERECO GmbH";"NOR";"26030000151878";"PREVISION";"AEA733XX";"";"05/05/2026";"05/05/2026";7;0;7;
"AERECO GmbH";"NOR";"26030000151912";"PREVISION";"AEA775XX";"";"05/05/2026";"05/05/2026";118;0;118;
"AERECO GmbH";"";"26030000151981";"PREVISION";"AEA778XX";"";"05/05/2026";"05/05/2026";42;0;42;
"AERECO GmbH";"NOR";"26030000152097";"PREVISION";"AEA833XX";"";"05/05/2026";"05/05/2026";1440;0;1440;
"AERECO GmbH";"";"26030000152108";"PREVISION";"AEA834XX";"";"05/05/2026";"05/05/2026";361;0;361;
"AERECO GmbH";"NOR";"26030000152137";"PREVISION";"AEA851XX";"";"05/05/2026";"05/05/2026";720;0;720;
"AERECO GmbH";"";"26030000152218";"PREVISION";"AEA967XX";"";"05/05/2026";"05/05/2026";22;0;22;
"AERECO GmbH";"";"26030000152258";"PREVISION";"AEA968XX";"";"05/05/2026";"05/05/2026";5;0;5;
"AERECO GmbH";"NOR";"26030000152298";"PREVISION";"AVE052EX";"";"05/05/2026";"05/05/2026";1;0;1;
"AERECO GmbH";"NOR";"26030000152303";"PREVISION";"AVE055XX";"";"05/05/2026";"05/05/2026";1100;0;1100;
"AERECO GmbH";"NOR";"26030000152315";"PREVISION";"AVE056XX";"";"05/05/2026";"05/05/2026";4;0;4;
"AERECO GmbH";"NOR";"26030000152372";"PREVISION";"B3382";"";"05/05/2026";"05/05/2026";11;0;11;
"AERECO GmbH";"";"26030000152412";"PREVISION";"B3651";"";"05/05/2026";"05/05/2026";9;0;9;
"AERECO Ventilation AB";"NOR";"26030000152452";"PREVISION";"B6794";"";"05/05/2026";"05/05/2026";24;0;24;
"AERECO Ventilation AB";"";"26030000152492";"PREVISION";"B6796";"";"05/05/2026";"05/05/2026";10;0;10;
"AERECO GmbH";"NOR";"26030000152528";"PREVISION";"BFE2009GM";"";"05/05/2026";"05/05/2026";1;0;1;
"AERECO GmbH";"NOR";"26030000152545";"PREVISION";"BFE2068GM";"";"05/05/2026";"05/05/2026";2;0;2;
"AERECO GmbH";"NOR";"26030000152604";"PREVISION";"BFX1931GM";"";"05/05/2026";"05/05/2026";72;0;72;
"AERECO WENTYLACJA Sp. z.o.o";"NOR";"26030000152905";"PREVISION";"BXC1900EX";"";"05/05/2026";"05/05/2026";288;0;288;
"AERECO GmbH";"NOR";"26030000152936";"PREVISION";"BXC1900GM";"";"05/05/2026";"05/05/2026";288;0;288;
"AERECO WENTYLACJA Sp. z.o.o";"NOR";"26030000153058";"PREVISION";"BXC1903EX";"";"05/05/2026";"05/05/2026";19;0;19;
"AERECO WENTYLACJA Sp. z.o.o";"NOR";"26030000153125";"PREVISION";"BXC1905EX";"";"05/05/2026";"05/05/2026";36;0;36;
"AERECO WENTYLACJA Sp. z.o.o";"NOR";"26030000153199";"PREVISION";"BXC1907EX";"";"05/05/2026";"05/05/2026";1152;0;1152;
"AERECO WENTYLACJA Sp. z.o.o";"NOR";"26030000153232";"PREVISION";"BXC1908EX";"";"05/05/2026";"05/05/2026";288;0;288;
"AERECO WENTYLACJA Sp. z.o.o";"NOR";"26030000153329";"PREVISION";"BXC1915EX";"";"05/05/2026";"05/05/2026";12;0;12;
"AERECO GmbH";"NOR";"26030000153392";"PREVISION";"BXC1923GM";"";"05/05/2026";"05/05/2026";24;0;24;
"AERECO GmbH";"NOR";"26030000153458";"PREVISION";"BXC1925GM";"";"05/05/2026";"05/05/2026";72;0;72;
"AERECO GmbH";"NOR";"26030000153698";"PREVISION";"BXE2056GM";"";"05/05/2026";"05/05/2026";108;0;108;
"AERECO GmbH";"NOR";"26030000153791";"PREVISION";"BXE2066GM";"";"05/05/2026";"05/05/2026";1;0;1;
"AERECO GmbH";"NOR";"26030000153930";"PREVISION";"BXE2077GM";"";"05/05/2026";"05/05/2026";11;0;11;
"AERECO GmbH";"NOR";"26030000154006";"PREVISION";"BXE2078GM";"";"05/05/2026";"05/05/2026";7;0;7;
"AERECO WENTYLACJA Sp. z.o.o";"NOR";"26030000154243";"PREVISION";"BXL888PO";"";"05/05/2026";"05/05/2026";576;0;576;
"AERECO GmbH";"NOR";"26030000154286";"PREVISION";"CAL261EX";"";"05/05/2026";"05/05/2026";1300;0;1300;
"AERECO GmbH";"";"26030000154300";"PREVISION";"EAF309EX";"";"05/05/2026";"05/05/2026";55;0;55;
"AERECO GmbH";"";"26030000154430";"PREVISION";"EAF323EX";"";"05/05/2026";"05/05/2026";37;0;37;
"AERECO GmbH";"";"26030000154466";"PREVISION";"EAR1245EX";"";"05/05/2026";"05/05/2026";14;0;14;
"AERECO GmbH";"NOR";"26030000154544";"PREVISION";"EAR200GM";"";"05/05/2026";"05/05/2026";720;0;720;
"AERECO GmbH";"NOR";"26030000154594";"PREVISION";"EAR2019GM";"";"05/05/2026";"05/05/2026";360;0;360;
"OOO VIVA LOGISTICS";"NOR";"26030000154610";"PREVISION";"EAR201EX";"";"05/05/2026";"05/05/2026";648;0;648;
"AERECO WENTYLACJA Sp. z.o.o";"NOR";"26030000154646";"PREVISION";"EAR201PO";"";"05/05/2026";"05/05/2026";648;0;648;
"AERECO GmbH";"";"26030000154768";"PREVISION";"EAR206GM";"";"05/05/2026";"05/05/2026";576;0;576;
"AERECO WENTYLACJA Sp. z.o.o";"NOR";"26030000154780";"PREVISION";"EAR206PO";"";"05/05/2026";"05/05/2026";576;0;576;
"AERECO GmbH";"NOR";"26030000154818";"PREVISION";"EAR282GM";"";"05/05/2026";"05/05/2026";576;0;576;
"AERECO WENTYLACJA Sp. z.o.o";"NOR";"26030000154914";"PREVISION";"EFR174XX";"";"05/05/2026";"05/05/2026";6;0;6;
"AERECO GmbH";"NOR";"26030000154992";"PREVISION";"EHM1275GM";"";"05/05/2026";"05/05/2026";112;0;112;
"AERECO WENTYLACJA Sp. z.o.o";"";"26030000155031";"PREVISION";"EHM1276EX";"";"05/05/2026";"05/05/2026";448;0;448;
"AERECO GmbH";"NOR";"26030000155066";"PREVISION";"EHM1276GM";"";"05/05/2026";"05/05/2026";56;0;56;
"AERECO GmbH";"";"26030000155189";"PREVISION";"EHP1198GM";"";"05/05/2026";"05/05/2026";75;0;75;
"AERECO GmbH";"";"26030000155292";"PREVISION";"EHP1222EX";"";"05/05/2026";"05/05/2026";30;0;30;
"ALDES S.p.A.";"";"26030000155358";"PREVISION";"EHT780EX";"";"05/05/2026";"05/05/2026";36;0;36;
"AERECO WENTYLACJA Sp. z.o.o";"NOR";"26030000155425";"PREVISION";"EHT780PO";"";"05/05/2026";"05/05/2026";720;0;720;
"ALDES S.p.A.";"";"26030000155441";"PREVISION";"EHT969EX";"";"05/05/2026";"05/05/2026";2;0;2;
"AERECO WENTYLACJA Sp. z.o.o";"NOR";"26030000155496";"PREVISION";"EMM707PO";"";"05/05/2026";"05/05/2026";864;0;864;
"AERECO WENTYLACJA Sp. z.o.o";"NOR";"26030000155540";"PREVISION";"EMM716PO";"";"05/05/2026";"05/05/2026";1080;0;1080;
"AERECO Ventilation AB";"";"26030000155613";"PREVISION";"ETF1864EX";"";"05/05/2026";"05/05/2026";7;0;7;
"AERECO Ventilation AB";"NOR";"26030000155657";"PREVISION";"ETH1853EX";"";"05/05/2026";"05/05/2026";90;0;90;
"AERECO GmbH";"";"26030000155756";"PREVISION";"ETH2104GM";"";"05/05/2026";"05/05/2026";225;0;225;
"AERECO GmbH";"";"26030000155870";"PREVISION";"G2H1064EX";"";"05/05/2026";"05/05/2026";7;0;7;
"AERECO GmbH";"NOR";"26030000155911";"PREVISION";"K3168";"";"05/05/2026";"05/05/2026";315;0;315;
"AERECO GmbH";"NOR";"26030000155950";"PREVISION";"K3338";"";"05/05/2026";"05/05/2026";35;0;35;
"AERECO GmbH";"";"26030000155989";"PREVISION";"SE3203";"";"05/05/2026";"05/05/2026";73;0;73;
"AERECO WENTYLACJA Sp. z.o.o";"NOR";"26030000156027";"PREVISION";"V2A032EX";"";"05/05/2026";"05/05/2026";4;0;4;
"AERECO WENTYLACJA Sp. z.o.o";"";"26030000156194";"PREVISION";"VB42165EX";"";"05/05/2026";"05/05/2026";5;0;5;
"AERECO WENTYLACJA Sp. z.o.o";"NOR";"26030000156237";"PREVISION";"VBP2173PO";"";"05/05/2026";"05/05/2026";180;0;180;
"AERECO GmbH";"NOR";"AR2601275";"COMMANDE";"AEA317XX";"";"09/03/2026";"06/05/2026";180;0;180;
"AERECO GmbH";"NOR";"AR2601451";"COMMANDE";"AEA809XX";"";"19/03/2026";"06/05/2026";48;0;48;
"AERECO GmbH";"NOR";"AR2601358";"COMMANDE";"BFE2009GM";"";"12/03/2026";"06/05/2026";210;0;210;
"AERECO GmbH";"NOR";"AR2601275";"COMMANDE";"BFE2068GM";"";"09/03/2026";"06/05/2026";210;0;210;
"AERECO GmbH";"NOR";"AR2601194";"COMMANDE";"BFE2068GM";"";"04/03/2026";"06/05/2026";60;0;60;
"AERECO GmbH";"NOR";"AR2601275";"COMMANDE";"BFX1931GM";"";"09/03/2026";"06/05/2026";288;0;288;
"AERECO GmbH";"NOR";"AR2601369";"COMMANDE";"BXC1890GM";"";"13/03/2026";"06/05/2026";288;0;288;
"AERECO GmbH";"NOR";"AR2601369";"COMMANDE";"BXC1893GM";"";"13/03/2026";"06/05/2026";288;0;288;
"AERECO GmbH";"NOR";"AR2601358";"COMMANDE";"BXE1999GM";"";"12/03/2026";"06/05/2026";210;0;210;
"AERECO GmbH";"NOR";"AR2601358";"COMMANDE";"BXE2000GM";"";"12/03/2026";"06/05/2026";216;0;216;
"AERECO GmbH";"NOR";"AR2601358";"COMMANDE";"BXE2010GM";"";"12/03/2026";"06/05/2026";210;0;210;
"AERECO GmbH";"NOR";"AR2601358";"COMMANDE";"BXE2052GM";"";"12/03/2026";"06/05/2026";210;0;210;
"AERECO GmbH";"NOR";"AR2601358";"COMMANDE";"BXE2055GM";"";"12/03/2026";"06/05/2026";216;0;216;
"AERECO GmbH";"NOR";"AR2601275";"COMMANDE";"BXE2065GM";"";"09/03/2026";"06/05/2026";210;0;210;
"AERECO GmbH";"NOR";"AR2601275";"COMMANDE";"BXE2077GM";"";"09/03/2026";"06/05/2026";210;0;210;
"AERECO GmbH";"NOR";"AR2601275";"COMMANDE";"BXE2078GM";"";"09/03/2026";"06/05/2026";210;0;210;
"AERECO GmbH";"NOR";"AR2601194";"COMMANDE";"BXE2078GM";"";"04/03/2026";"06/05/2026";150;0;150;
"AERECO GmbH";"NOR";"AR2601358";"COMMANDE";"BXE2205GM";"";"12/03/2026";"06/05/2026";216;0;216;
"ALDES ";"MTS";"AR2601252";"COMMANDE";"EHM1306AE";"F426-10089";"06/03/2026";"06/05/2026";1008;0;1008;
"AERECO GmbH";"NOR";"AR2503031";"COMMANDE";"VAM813GM";"";"19/09/2025";"06/05/2026";126;0;126;
"AERECO WENTYLACJA Sp. z.o.o";"MTS";"26030000111885";"PREVISION";"11016308";"";"11/05/2026";"11/05/2026";1200;0;1200;
"AERECO WENTYLACJA Sp. z.o.o";"MTS";"26030000111977";"PREVISION";"11016312";"";"11/05/2026";"11/05/2026";300;0;300;
"ALDES ";"MTS";"AR2600772";"COMMANDE";"AEA301AE";"F426-09968";"09/02/2026";"11/05/2026";240;0;240;
"AERECO WENTYLACJA Sp. z.o.o";"NOR";"26030000150657";"PREVISION";"11011516";"";"12/05/2026";"12/05/2026";280;0;280;
"AERECO WENTYLACJA Sp. z.o.o";"NOR";"26030000150700";"PREVISION";"11819091";"";"12/05/2026";"12/05/2026";720;0;720;
"ALDES ";"MTS";"AR2601215";"COMMANDE";"A2178";"";"05/03/2026";"12/05/2026";128;0;128;
"AERECO WENTYLACJA Sp. z.o.o";"";"26030000150736";"PREVISION";"A3764E01";"";"12/05/2026";"12/05/2026";792;0;792;
"AERECO WENTYLACJA Sp. z.o.o";"";"26030000150741";"PREVISION";"A3764W01";"";"12/05/2026";"12/05/2026";792;0;792;
"AERECO GmbH";"";"26030000150759";"PREVISION";"A3772E";"";"12/05/2026";"12/05/2026";455;0;455;
"AERECO GmbH";"";"26030000150795";"PREVISION";"A4260";"";"12/05/2026";"12/05/2026";25;0;25;
"AERECO GmbH";"NOR";"26030000150831";"PREVISION";"A4581E01";"";"12/05/2026";"12/05/2026";1;0;1;
"AERECO GmbH";"NOR";"AR2601469";"COMMANDE";"ADX1254GM";"";"20/03/2026";"12/05/2026";10;0;10;
"AERECO GmbH";"NOR";"26030000150905";"PREVISION";"AEA064XX";"";"12/05/2026";"12/05/2026";229;0;229;
"AERECO WENTYLACJA Sp. z.o.o";"";"26030000150936";"PREVISION";"AEA098XX";"";"12/05/2026";"12/05/2026";88;0;88;
"AERECO GmbH";"NOR";"26030000151019";"PREVISION";"AEA1152XX";"";"12/05/2026";"12/05/2026";1080;0;1080;
"AERECO GmbH";"NOR";"26030000151053";"PREVISION";"AEA1216GM";"";"12/05/2026";"12/05/2026";180;0;180;
"AERECO GmbH";"NOR";"26030000151087";"PREVISION";"AEA1217GM";"";"12/05/2026";"12/05/2026";260;0;260;
"AERECO GmbH";"NOR";"26030000151157";"PREVISION";"AEA1241XX";"";"12/05/2026";"12/05/2026";3618;0;3618;
"AERECO WENTYLACJA Sp. z.o.o";"NOR";"26030000151185";"PREVISION";"AEA1242XX";"";"12/05/2026";"12/05/2026";26;0;26;
"AERECO WENTYLACJA Sp. z.o.o";"NOR";"26030000151219";"PREVISION";"AEA1243XX";"";"12/05/2026";"12/05/2026";1440;0;1440;
"AERECO GmbH";"";"26030000151241";"PREVISION";"AEA1335EX";"";"12/05/2026";"12/05/2026";1;0;1;
"AERECO GmbH";"";"26030000151281";"PREVISION";"AEA1339EX";"";"12/05/2026";"12/05/2026";48;0;48;
"AERECO GmbH";"NOR";"26030000151351";"PREVISION";"AEA1429XX";"";"12/05/2026";"12/05/2026";31;0;31;
"AERECO GmbH";"";"26030000151401";"PREVISION";"AEA157XX";"";"12/05/2026";"12/05/2026";2;0;2;
"AERECO GmbH";"";"26030000151428";"PREVISION";"AEA1954XX";"";"12/05/2026";"12/05/2026";10;0;10;
"AERECO Ventilation AB";"";"26030000151468";"PREVISION";"AEA1955XX";"";"12/05/2026";"12/05/2026";9;0;9;
"AERECO Ventilation AB";"";"26030000151504";"PREVISION";"AEA1958XX";"";"12/05/2026";"12/05/2026";38;0;38;
"AERECO GmbH";"NOR";"26030000151544";"PREVISION";"AEA1992XX";"";"12/05/2026";"12/05/2026";95;0;95;
"AERECO GmbH";"";"26030000151651";"PREVISION";"AEA2115XX";"";"12/05/2026";"12/05/2026";66;0;66;
"AERECO GmbH";"NOR";"26030000151691";"PREVISION";"AEA301XX";"";"12/05/2026";"12/05/2026";118;0;118;
"AERECO GmbH";"";"26030000151744";"PREVISION";"AEA400GM";"";"12/05/2026";"12/05/2026";3;0;3;
"AERECO GmbH";"";"26030000151783";"PREVISION";"AEA453XX";"";"12/05/2026";"12/05/2026";9;0;9;
"AERECO GmbH";"";"26030000151849";"PREVISION";"AEA579XX";"";"12/05/2026";"12/05/2026";100;0;100;
"AERECO GmbH";"NOR";"26030000151854";"PREVISION";"AEA731XX";"";"12/05/2026";"12/05/2026";3618;0;3618;
"AERECO GmbH";"NOR";"26030000151879";"PREVISION";"AEA733XX";"";"12/05/2026";"12/05/2026";7;0;7;
"AERECO GmbH";"NOR";"26030000151913";"PREVISION";"AEA775XX";"";"12/05/2026";"12/05/2026";118;0;118;
"AERECO GmbH";"";"26030000151982";"PREVISION";"AEA778XX";"";"12/05/2026";"12/05/2026";42;0;42;
"AERECO GmbH";"NOR";"26030000152051";"PREVISION";"AEA809XX";"";"12/05/2026";"12/05/2026";36;0;36;
"AERECO GmbH";"";"26030000152109";"PREVISION";"AEA834XX";"";"12/05/2026";"12/05/2026";361;0;361;
"AERECO GmbH";"NOR";"AR2601370";"COMMANDE";"AEA942EX";"";"13/03/2026";"12/05/2026";1200;0;1200;
"AERECO GmbH";"";"26030000152219";"PREVISION";"AEA967XX";"";"12/05/2026";"12/05/2026";22;0;22;
"AERECO GmbH";"";"26030000152259";"PREVISION";"AEA968XX";"";"12/05/2026";"12/05/2026";5;0;5;
"AERECO GmbH";"NOR";"26030000152299";"PREVISION";"AVE052EX";"";"12/05/2026";"12/05/2026";1;0;1;
"AERECO GmbH";"NOR";"26030000152316";"PREVISION";"AVE056XX";"";"12/05/2026";"12/05/2026";4;0;4;
"AERECO GmbH";"NOR";"26030000152355";"PREVISION";"AVE057EX";"";"12/05/2026";"12/05/2026";20;0;20;
"AERECO GmbH";"NOR";"26030000152373";"PREVISION";"B3382";"";"12/05/2026";"12/05/2026";11;0;11;
"AERECO GmbH";"";"26030000152413";"PREVISION";"B3651";"";"12/05/2026";"12/05/2026";9;0;9;
"AERECO Ventilation AB";"NOR";"26030000152453";"PREVISION";"B6794";"";"12/05/2026";"12/05/2026";24;0;24;
"AERECO Ventilation AB";"";"26030000152493";"PREVISION";"B6796";"";"12/05/2026";"12/05/2026";10;0;10;
"AERECO GmbH";"NOR";"26030000152529";"PREVISION";"BFE2009GM";"";"12/05/2026";"12/05/2026";1;0;1;
"AERECO GmbH";"NOR";"26030000152546";"PREVISION";"BFE2068GM";"";"12/05/2026";"12/05/2026";2;0;2;
"AERECO GmbH";"NOR";"26030000152605";"PREVISION";"BFX1931GM";"";"12/05/2026";"12/05/2026";72;0;72;
"AERECO GmbH";"NOR";"AR2601370";"COMMANDE";"BXC1890GM";"";"13/03/2026";"12/05/2026";576;0;576;
"AERECO GmbH";"NOR";"AR2601370";"COMMANDE";"BXC1893GM";"";"13/03/2026";"12/05/2026";288;0;288;
"AERECO WENTYLACJA Sp. z.o.o";"NOR";"26030000152906";"PREVISION";"BXC1900EX";"";"12/05/2026";"12/05/2026";288;0;288;
"AERECO WENTYLACJA Sp. z.o.o";"NOR";"26030000153059";"PREVISION";"BXC1903EX";"";"12/05/2026";"12/05/2026";19;0;19;
"AERECO GmbH";"NOR";"AR2601379";"COMMANDE";"BXC1903GM";"";"16/03/2026";"12/05/2026";288;0;288;
"AERECO WENTYLACJA Sp. z.o.o";"NOR";"26030000153126";"PREVISION";"BXC1905EX";"";"12/05/2026";"12/05/2026";48;0;48;
"AERECO GmbH";"NOR";"AR2601469";"COMMANDE";"BXC1905GM";"";"20/03/2026";"12/05/2026";24;0;24;
"AERECO WENTYLACJA Sp. z.o.o";"NOR";"26030000153200";"PREVISION";"BXC1907EX";"";"12/05/2026";"12/05/2026";576;0;576;
"AERECO WENTYLACJA Sp. z.o.o";"NOR";"26030000153233";"PREVISION";"BXC1908EX";"";"12/05/2026";"12/05/2026";144;0;144;
"AERECO WENTYLACJA Sp. z.o.o";"NOR";"26030000153330";"PREVISION";"BXC1915EX";"";"12/05/2026";"12/05/2026";48;0;48;
"AERECO GmbH";"NOR";"26030000153393";"PREVISION";"BXC1923GM";"";"12/05/2026";"12/05/2026";24;0;24;
"AERECO GmbH";"NOR";"AR2601141";"COMMANDE";"BXC1924GM";"";"27/02/2026";"12/05/2026";288;0;288;
"AERECO GmbH";"NOR";"AR2600389";"COMMANDE";"BXC1924GM";"";"22/01/2026";"12/05/2026";288;0;288;
"AERECO GmbH";"NOR";"26030000153459";"PREVISION";"BXC1925GM";"";"12/05/2026";"12/05/2026";72;0;72;
"AERECO GmbH";"NOR";"AR2601053";"COMMANDE";"BXC1925GM";"";"19/02/2026";"12/05/2026";288;0;288;
"AERECO GmbH";"NOR";"26030000153792";"PREVISION";"BXE2066GM";"";"12/05/2026";"12/05/2026";1;0;1;
"AERECO GmbH";"NOR";"26030000153931";"PREVISION";"BXE2077GM";"";"12/05/2026";"12/05/2026";11;0;11;
"AERECO GmbH";"NOR";"26030000154007";"PREVISION";"BXE2078GM";"";"12/05/2026";"12/05/2026";15;0;15;
"AERECO GmbH";"NOR";"AR2601438";"COMMANDE";"C1339";"";"18/03/2026";"12/05/2026";200;0;200;
"AERECO GmbH";"";"26030000154301";"PREVISION";"EAF309EX";"";"12/05/2026";"12/05/2026";55;0;55;
"AERECO GmbH";"";"26030000154431";"PREVISION";"EAF323EX";"";"12/05/2026";"12/05/2026";37;0;37;
"AERECO GmbH";"";"26030000154467";"PREVISION";"EAR1245EX";"";"12/05/2026";"12/05/2026";14;0;14;
"OOO VIVA LOGISTICS";"NOR";"26030000154611";"PREVISION";"EAR201EX";"";"12/05/2026";"12/05/2026";648;0;648;
"AERECO WENTYLACJA Sp. z.o.o";"NOR";"26030000154647";"PREVISION";"EAR201PO";"";"12/05/2026";"12/05/2026";648;0;648;
"AERECO GmbH";"";"26030000154769";"PREVISION";"EAR206GM";"";"12/05/2026";"12/05/2026";576;0;576;
"AERECO WENTYLACJA Sp. z.o.o";"NOR";"26030000154781";"PREVISION";"EAR206PO";"";"12/05/2026";"12/05/2026";576;0;576;
"AERECO WENTYLACJA Sp. z.o.o";"NOR";"26030000154915";"PREVISION";"EFR174XX";"";"12/05/2026";"12/05/2026";6;0;6;
"AERECO GmbH";"NOR";"26030000154993";"PREVISION";"EHM1275GM";"";"12/05/2026";"12/05/2026";112;0;112;
"AERECO WENTYLACJA Sp. z.o.o";"";"26030000155032";"PREVISION";"EHM1276EX";"";"12/05/2026";"12/05/2026";208;0;208;
"AERECO GmbH";"NOR";"26030000155067";"PREVISION";"EHM1276GM";"";"12/05/2026";"12/05/2026";56;0;56;
"AERECO GmbH";"";"26030000155190";"PREVISION";"EHP1198GM";"";"12/05/2026";"12/05/2026";75;0;75;
"AERECO GmbH";"";"26030000155293";"PREVISION";"EHP1222EX";"";"12/05/2026";"12/05/2026";15;0;15;
"ALDES S.p.A.";"";"26030000155359";"PREVISION";"EHT780EX";"";"12/05/2026";"12/05/2026";36;0;36;
"AERECO WENTYLACJA Sp. z.o.o";"NOR";"26030000155426";"PREVISION";"EHT780PO";"";"12/05/2026";"12/05/2026";720;0;720;
"ALDES S.p.A.";"";"26030000155442";"PREVISION";"EHT969EX";"";"12/05/2026";"12/05/2026";2;0;2;
"AERECO WENTYLACJA Sp. z.o.o";"NOR";"26030000155497";"PREVISION";"EMM707PO";"";"12/05/2026";"12/05/2026";864;0;864;
"AERECO WENTYLACJA Sp. z.o.o";"NOR";"26030000155541";"PREVISION";"EMM716PO";"";"12/05/2026";"12/05/2026";1080;0;1080;
"AERECO Ventilation AB";"";"26030000155614";"PREVISION";"ETF1864EX";"";"12/05/2026";"12/05/2026";7;0;7;
"AERECO Ventilation AB";"NOR";"26030000155658";"PREVISION";"ETH1853EX";"";"12/05/2026";"12/05/2026";90;0;90;
"AERECO GmbH";"";"26030000155757";"PREVISION";"ETH2104GM";"";"12/05/2026";"12/05/2026";225;0;225;
"AERECO GmbH";"NOR";"AR2601370";"COMMANDE";"FBE1089GM";"";"13/03/2026";"12/05/2026";264;0;264;
"AERECO GmbH";"";"26030000155871";"PREVISION";"G2H1064EX";"";"12/05/2026";"12/05/2026";7;0;7;
"AERECO GmbH";"NOR";"26030000155912";"PREVISION";"K3168";"";"12/05/2026";"12/05/2026";315;0;315;
"AERECO GmbH";"NOR";"26030000155951";"PREVISION";"K3338";"";"12/05/2026";"12/05/2026";35;0;35;
"AERECO GmbH";"";"26030000155990";"PREVISION";"SE3203";"";"12/05/2026";"12/05/2026";73;0;73;
"AERECO WENTYLACJA Sp. z.o.o";"NOR";"26030000156028";"PREVISION";"V2A032EX";"";"12/05/2026";"12/05/2026";4;0;4;
"AERECO WENTYLACJA Sp. z.o.o";"";"26030000156176";"PREVISION";"VAM767EX";"";"12/05/2026";"12/05/2026";12;0;12;
"AERECO WENTYLACJA Sp. z.o.o";"";"26030000156191";"PREVISION";"VAM767PO";"";"12/05/2026";"12/05/2026";21;0;21;
"AERECO WENTYLACJA Sp. z.o.o";"";"26030000156195";"PREVISION";"VB42165EX";"";"12/05/2026";"12/05/2026";5;0;5;
"AERECO WENTYLACJA Sp. z.o.o";"MTS";"26030000111886";"PREVISION";"11016308";"";"18/05/2026";"18/05/2026";1200;0;1200;
"AERECO WENTYLACJA Sp. z.o.o";"MTS";"26030000111911";"PREVISION";"11016309";"";"18/05/2026";"18/05/2026";720;0;720;
"ALDES ";"MTS";"AR2600773";"COMMANDE";"EAR1313AE";"F426-09969";"09/02/2026";"18/05/2026";400;0;400;
"AERECO WENTYLACJA Sp. z.o.o";"NOR";"26030000150701";"PREVISION";"11819091";"";"19/05/2026";"19/05/2026";720;0;720;
"AERECO WENTYLACJA Sp. z.o.o";"";"26030000150737";"PREVISION";"A3764E01";"";"19/05/2026";"19/05/2026";792;0;792;
"AERECO WENTYLACJA Sp. z.o.o";"";"26030000150742";"PREVISION";"A3764W01";"";"19/05/2026";"19/05/2026";792;0;792;
"AERECO GmbH";"";"26030000150760";"PREVISION";"A3772E";"";"19/05/2026";"19/05/2026";455;0;455;
"AERECO GmbH";"";"26030000150796";"PREVISION";"A4260";"";"19/05/2026";"19/05/2026";25;0;25;
"AERECO GmbH";"NOR";"26030000150832";"PREVISION";"A4581E01";"";"19/05/2026";"19/05/2026";1;0;1;
"AERECO GmbH";"NOR";"26030000150906";"PREVISION";"AEA064XX";"";"19/05/2026";"19/05/2026";229;0;229;
"AERECO WENTYLACJA Sp. z.o.o";"";"26030000150937";"PREVISION";"AEA098XX";"";"19/05/2026";"19/05/2026";88;0;88;
"AERECO GmbH";"NOR";"26030000151020";"PREVISION";"AEA1152XX";"";"19/05/2026";"19/05/2026";1080;0;1080;
"AERECO GmbH";"NOR";"26030000151054";"PREVISION";"AEA1216GM";"";"19/05/2026";"19/05/2026";180;0;180;
"AERECO GmbH";"NOR";"26030000151088";"PREVISION";"AEA1217GM";"";"19/05/2026";"19/05/2026";180;0;180;
"AERECO GmbH";"NOR";"26030000151158";"PREVISION";"AEA1241XX";"";"19/05/2026";"19/05/2026";1809;0;1809;
"AERECO WENTYLACJA Sp. z.o.o";"NOR";"26030000151186";"PREVISION";"AEA1242XX";"";"19/05/2026";"19/05/2026";26;0;26;
"AERECO WENTYLACJA Sp. z.o.o";"NOR";"26030000151220";"PREVISION";"AEA1243XX";"";"19/05/2026";"19/05/2026";1440;0;1440;
"AERECO GmbH";"";"26030000151242";"PREVISION";"AEA1335EX";"";"19/05/2026";"19/05/2026";1;0;1;
"AERECO GmbH";"";"26030000151282";"PREVISION";"AEA1339EX";"";"19/05/2026";"19/05/2026";48;0;48;
"AERECO GmbH";"NOR";"26030000151352";"PREVISION";"AEA1429XX";"";"19/05/2026";"19/05/2026";31;0;31;
"AERECO GmbH";"";"26030000151402";"PREVISION";"AEA157XX";"";"19/05/2026";"19/05/2026";2;0;2;
"AERECO GmbH";"";"26030000151429";"PREVISION";"AEA1954XX";"";"19/05/2026";"19/05/2026";10;0;10;
"AERECO Ventilation AB";"";"26030000151469";"PREVISION";"AEA1955XX";"";"19/05/2026";"19/05/2026";9;0;9;
"AERECO Ventilation AB";"";"26030000151505";"PREVISION";"AEA1958XX";"";"19/05/2026";"19/05/2026";38;0;38;
"AERECO GmbH";"NOR";"26030000151545";"PREVISION";"AEA1992XX";"";"19/05/2026";"19/05/2026";95;0;95;
"AERECO GmbH";"";"26030000151652";"PREVISION";"AEA2115XX";"";"19/05/2026";"19/05/2026";66;0;66;
"AERECO GmbH";"NOR";"26030000151692";"PREVISION";"AEA301XX";"";"19/05/2026";"19/05/2026";118;0;118;
"AERECO GmbH";"";"26030000151745";"PREVISION";"AEA400GM";"";"19/05/2026";"19/05/2026";3;0;3;
"AERECO GmbH";"";"26030000151784";"PREVISION";"AEA453XX";"";"19/05/2026";"19/05/2026";9;0;9;
"AERECO GmbH";"NOR";"26030000151855";"PREVISION";"AEA731XX";"";"19/05/2026";"19/05/2026";1809;0;1809;
"AERECO GmbH";"NOR";"26030000151880";"PREVISION";"AEA733XX";"";"19/05/2026";"19/05/2026";7;0;7;
"AERECO GmbH";"NOR";"26030000151914";"PREVISION";"AEA775XX";"";"19/05/2026";"19/05/2026";118;0;118;
"AERECO GmbH";"";"26030000151983";"PREVISION";"AEA778XX";"";"19/05/2026";"19/05/2026";42;0;42;
"AERECO GmbH";"NOR";"26030000152052";"PREVISION";"AEA809XX";"";"19/05/2026";"19/05/2026";36;0;36;
"AERECO GmbH";"NOR";"26030000152098";"PREVISION";"AEA833XX";"";"19/05/2026";"19/05/2026";1440;0;1440;
"AERECO GmbH";"";"26030000152110";"PREVISION";"AEA834XX";"";"19/05/2026";"19/05/2026";361;0;361;
"AERECO GmbH";"NOR";"26030000152138";"PREVISION";"AEA851XX";"";"19/05/2026";"19/05/2026";720;0;720;
"AERECO WENTYLACJA Sp. z.o.o";"NOR";"26030000152151";"PREVISION";"AEA852XX";"";"19/05/2026";"19/05/2026";1440;0;1440;
"AERECO GmbH";"";"26030000152220";"PREVISION";"AEA967XX";"";"19/05/2026";"19/05/2026";22;0;22;
"AERECO GmbH";"";"26030000152260";"PREVISION";"AEA968XX";"";"19/05/2026";"19/05/2026";5;0;5;
"AERECO GmbH";"NOR";"26030000152300";"PREVISION";"AVE052EX";"";"19/05/2026";"19/05/2026";1;0;1;
"AERECO GmbH";"NOR";"26030000152317";"PREVISION";"AVE056XX";"";"19/05/2026";"19/05/2026";4;0;4;
"AERECO GmbH";"NOR";"26030000152356";"PREVISION";"AVE057EX";"";"19/05/2026";"19/05/2026";10;0;10;
"AERECO GmbH";"NOR";"26030000152374";"PREVISION";"B3382";"";"19/05/2026";"19/05/2026";11;0;11;
"AERECO GmbH";"";"26030000152414";"PREVISION";"B3651";"";"19/05/2026";"19/05/2026";9;0;9;
"AERECO Ventilation AB";"NOR";"26030000152454";"PREVISION";"B6794";"";"19/05/2026";"19/05/2026";24;0;24;
"AERECO Ventilation AB";"";"26030000152494";"PREVISION";"B6796";"";"19/05/2026";"19/05/2026";10;0;10;
"AERECO GmbH";"NOR";"26030000152530";"PREVISION";"BFE2009GM";"";"19/05/2026";"19/05/2026";1;0;1;
"AERECO GmbH";"NOR";"26030000152547";"PREVISION";"BFE2068GM";"";"19/05/2026";"19/05/2026";2;0;2;
"AERECO GmbH";"NOR";"26030000152606";"PREVISION";"BFX1931GM";"";"19/05/2026";"19/05/2026";72;0;72;
"AERECO GmbH";"NOR";"26030000152708";"PREVISION";"BXC1890GM";"";"19/05/2026";"19/05/2026";288;0;288;
"AERECO WENTYLACJA Sp. z.o.o";"NOR";"26030000152907";"PREVISION";"BXC1900EX";"";"19/05/2026";"19/05/2026";288;0;288;
"AERECO GmbH";"NOR";"26030000152937";"PREVISION";"BXC1900GM";"";"19/05/2026";"19/05/2026";288;0;288;
"AERECO WENTYLACJA Sp. z.o.o";"NOR";"26030000153060";"PREVISION";"BXC1903EX";"";"19/05/2026";"19/05/2026";19;0;19;
"AERECO WENTYLACJA Sp. z.o.o";"NOR";"26030000153127";"PREVISION";"BXC1905EX";"";"19/05/2026";"19/05/2026";18;0;18;
"AERECO WENTYLACJA Sp. z.o.o";"NOR";"26030000153201";"PREVISION";"BXC1907EX";"";"19/05/2026";"19/05/2026";576;0;576;
"AERECO WENTYLACJA Sp. z.o.o";"NOR";"26030000153234";"PREVISION";"BXC1908EX";"";"19/05/2026";"19/05/2026";288;0;288;
"AERECO GmbH";"";"26030000153265";"PREVISION";"BXC1910EX";"";"19/05/2026";"19/05/2026";33;0;33;
"AERECO WENTYLACJA Sp. z.o.o";"";"26030000153298";"PREVISION";"BXC1912EX";"";"19/05/2026";"19/05/2026";9;0;9;
"AERECO WENTYLACJA Sp. z.o.o";"NOR";"26030000153331";"PREVISION";"BXC1915EX";"";"19/05/2026";"19/05/2026";12;0;12;
"AERECO GmbH";"NOR";"26030000153394";"PREVISION";"BXC1923GM";"";"19/05/2026";"19/05/2026";48;0;48;
"AERECO GmbH";"NOR";"26030000153460";"PREVISION";"BXC1925GM";"";"19/05/2026";"19/05/2026";72;0;72;
"AERECO GmbH";"NOR";"26030000153499";"PREVISION";"BXC2138GM";"";"19/05/2026";"19/05/2026";192;0;192;
"AERECO GmbH";"";"26030000153536";"PREVISION";"BXC2139GM";"";"19/05/2026";"19/05/2026";36;0;36;
"AERECO GmbH";"NOR";"26030000153649";"PREVISION";"BXE2053GM";"";"19/05/2026";"19/05/2026";9;0;9;
"AERECO GmbH";"NOR";"26030000153793";"PREVISION";"BXE2066GM";"";"19/05/2026";"19/05/2026";1;0;1;
"AERECO GmbH";"NOR";"26030000153932";"PREVISION";"BXE2077GM";"";"19/05/2026";"19/05/2026";11;0;11;
"AERECO GmbH";"NOR";"26030000154008";"PREVISION";"BXE2078GM";"";"19/05/2026";"19/05/2026";15;0;15;
"AERECO GmbH";"NOR";"26030000154113";"PREVISION";"BXE2189GM";"";"19/05/2026";"19/05/2026";9;0;9;
"AERECO GmbH";"NOR";"26030000154209";"PREVISION";"BXE2202GM";"";"19/05/2026";"19/05/2026";12;0;12;
"AERECO GmbH";"";"26030000154302";"PREVISION";"EAF309EX";"";"19/05/2026";"19/05/2026";55;0;55;
"AERECO GmbH";"";"26030000154432";"PREVISION";"EAF323EX";"";"19/05/2026";"19/05/2026";37;0;37;
"ALDES ";"MTS";"AR2600771";"COMMANDE";"EAR1167AE";"F426-09967";"09/02/2026";"19/05/2026";1000;0;1000;
"AERECO GmbH";"";"26030000154468";"PREVISION";"EAR1245EX";"";"19/05/2026";"19/05/2026";14;0;14;
"AERECO GmbH";"NOR";"26030000154545";"PREVISION";"EAR200GM";"";"19/05/2026";"19/05/2026";720;0;720;
"OOO VIVA LOGISTICS";"NOR";"26030000154612";"PREVISION";"EAR201EX";"";"19/05/2026";"19/05/2026";648;0;648;
"AERECO GmbH";"";"26030000154632";"PREVISION";"EAR201GM";"";"19/05/2026";"19/05/2026";648;0;648;
"AERECO WENTYLACJA Sp. z.o.o";"NOR";"26030000154648";"PREVISION";"EAR201PO";"";"19/05/2026";"19/05/2026";648;0;648;
"AERECO WENTYLACJA Sp. z.o.o";"NOR";"26030000154782";"PREVISION";"EAR206PO";"";"19/05/2026";"19/05/2026";576;0;576;
"AERECO WENTYLACJA Sp. z.o.o";"NOR";"26030000154916";"PREVISION";"EFR174XX";"";"19/05/2026";"19/05/2026";6;0;6;
"AERECO GmbH";"NOR";"26030000154994";"PREVISION";"EHM1275GM";"";"19/05/2026";"19/05/2026";112;0;112;
"AERECO WENTYLACJA Sp. z.o.o";"";"26030000155033";"PREVISION";"EHM1276EX";"";"19/05/2026";"19/05/2026";448;0;448;
"AERECO GmbH";"NOR";"26030000155068";"PREVISION";"EHM1276GM";"";"19/05/2026";"19/05/2026";56;0;56;
"AERECO GmbH";"";"26030000155191";"PREVISION";"EHP1198GM";"";"19/05/2026";"19/05/2026";75;0;75;
"AERECO GmbH";"";"26030000155294";"PREVISION";"EHP1222EX";"";"19/05/2026";"19/05/2026";15;0;15;
"AERECO GmbH";"";"26030000155341";"PREVISION";"EHP1875GM";"";"19/05/2026";"19/05/2026";1080;0;1080;
"ALDES S.p.A.";"";"26030000155360";"PREVISION";"EHT780EX";"";"19/05/2026";"19/05/2026";36;0;36;
"ALDES S.p.A.";"";"26030000155443";"PREVISION";"EHT969EX";"";"19/05/2026";"19/05/2026";2;0;2;
"AERECO WENTYLACJA Sp. z.o.o";"NOR";"26030000155498";"PREVISION";"EMM707PO";"";"19/05/2026";"19/05/2026";864;0;864;
"AERECO WENTYLACJA Sp. z.o.o";"NOR";"26030000155542";"PREVISION";"EMM716PO";"";"19/05/2026";"19/05/2026";1080;0;1080;
"AERECO Ventilation AB";"";"26030000155615";"PREVISION";"ETF1864EX";"";"19/05/2026";"19/05/2026";7;0;7;
"AERECO Ventilation AB";"NOR";"26030000155659";"PREVISION";"ETH1853EX";"";"19/05/2026";"19/05/2026";90;0;90;
"AERECO GmbH";"";"26030000155758";"PREVISION";"ETH2104GM";"";"19/05/2026";"19/05/2026";225;0;225;
"AERECO GmbH";"NOR";"26030000155816";"PREVISION";"FBE1089GM";"";"19/05/2026";"19/05/2026";132;0;132;
"AERECO GmbH";"";"26030000155872";"PREVISION";"G2H1064EX";"";"19/05/2026";"19/05/2026";7;0;7;
"AERECO GmbH";"NOR";"26030000155913";"PREVISION";"K3168";"";"19/05/2026";"19/05/2026";315;0;315;
"AERECO GmbH";"NOR";"26030000155952";"PREVISION";"K3338";"";"19/05/2026";"19/05/2026";35;0;35;
"AERECO GmbH";"";"26030000155991";"PREVISION";"SE3203";"";"19/05/2026";"19/05/2026";73;0;73;
"AERECO WENTYLACJA Sp. z.o.o";"NOR";"26030000156029";"PREVISION";"V2A032EX";"";"19/05/2026";"19/05/2026";4;0;4;
"AERECO WENTYLACJA Sp. z.o.o";"";"26030000156177";"PREVISION";"VAM767EX";"";"19/05/2026";"19/05/2026";4;0;4;
"AERECO WENTYLACJA Sp. z.o.o";"";"26030000156192";"PREVISION";"VAM767PO";"";"19/05/2026";"19/05/2026";7;0;7;
"AERECO WENTYLACJA Sp. z.o.o";"";"26030000156196";"PREVISION";"VB42165EX";"";"19/05/2026";"19/05/2026";5;0;5;
"AERECO GmbH";"NOR";"AR2601439";"COMMANDE";"EHP1874GM";"";"18/03/2026";"20/05/2026";1080;0;1080;
"AERECO GmbH";"NOR";"AR2503296";"COMMANDE";"EHT780GM";"";"10/10/2025";"20/05/2026";540;0;540;
"AERECO WENTYLACJA Sp. z.o.o";"MTS";"26030000111912";"PREVISION";"11016309";"";"25/05/2026";"25/05/2026";1440;0;1440;
"AERECO WENTYLACJA Sp. z.o.o";"NOR";"26030000111950";"PREVISION";"11016310";"";"25/05/2026";"25/05/2026";480;0;480;
"AERECO WENTYLACJA Sp. z.o.o";"MTS";"26030000111978";"PREVISION";"11016312";"";"25/05/2026";"25/05/2026";300;0;300;
"AERECO WENTYLACJA Sp. z.o.o";"";"26030000112687";"PREVISION";"11019095";"";"25/05/2026";"25/05/2026";240;0;240;
"AERECO WENTYLACJA Sp. z.o.o";"NOR";"26030000150666";"PREVISION";"11016310";"";"26/05/2026";"26/05/2026";576;0;576;
"AERECO WENTYLACJA Sp. z.o.o";"NOR";"26030000150682";"PREVISION";"11819090";"";"26/05/2026";"26/05/2026";720;0;720;
"AERECO WENTYLACJA Sp. z.o.o";"NOR";"26030000150702";"PREVISION";"11819091";"";"26/05/2026";"26/05/2026";1440;0;1440;
"AERECO WENTYLACJA Sp. z.o.o";"";"26030000150738";"PREVISION";"A3764E01";"";"26/05/2026";"26/05/2026";792;0;792;
"AERECO WENTYLACJA Sp. z.o.o";"";"26030000150743";"PREVISION";"A3764W01";"";"26/05/2026";"26/05/2026";792;0;792;
"AERECO GmbH";"";"26030000150761";"PREVISION";"A3772E";"";"26/05/2026";"26/05/2026";455;0;455;
"AERECO GmbH";"";"26030000150797";"PREVISION";"A4260";"";"26/05/2026";"26/05/2026";25;0;25;
"AERECO GmbH";"NOR";"26030000150833";"PREVISION";"A4581E01";"";"26/05/2026";"26/05/2026";1;0;1;
"AERECO GmbH";"NOR";"26030000150907";"PREVISION";"AEA064XX";"";"26/05/2026";"26/05/2026";229;0;229;
"AERECO WENTYLACJA Sp. z.o.o";"";"26030000150938";"PREVISION";"AEA098XX";"";"26/05/2026";"26/05/2026";88;0;88;
"AERECO GmbH";"NOR";"26030000151001";"PREVISION";"AEA1151XX";"";"26/05/2026";"26/05/2026";1080;0;1080;
"AERECO GmbH";"NOR";"26030000151021";"PREVISION";"AEA1152XX";"";"26/05/2026";"26/05/2026";1080;0;1080;
"AERECO GmbH";"NOR";"26030000151089";"PREVISION";"AEA1217GM";"";"26/05/2026";"26/05/2026";540;0;540;
"AERECO GmbH";"NOR";"26030000151159";"PREVISION";"AEA1241XX";"";"26/05/2026";"26/05/2026";1809;0;1809;
"AERECO WENTYLACJA Sp. z.o.o";"NOR";"26030000151187";"PREVISION";"AEA1242XX";"";"26/05/2026";"26/05/2026";26;0;26;
"AERECO WENTYLACJA Sp. z.o.o";"NOR";"26030000151221";"PREVISION";"AEA1243XX";"";"26/05/2026";"26/05/2026";1440;0;1440;
"AERECO GmbH";"";"26030000151243";"PREVISION";"AEA1335EX";"";"26/05/2026";"26/05/2026";1;0;1;
"AERECO GmbH";"NOR";"26030000151353";"PREVISION";"AEA1429XX";"";"26/05/2026";"26/05/2026";16;0;16;
"AERECO GmbH";"";"26030000151403";"PREVISION";"AEA157XX";"";"26/05/2026";"26/05/2026";2;0;2;
"AERECO GmbH";"";"26030000151430";"PREVISION";"AEA1954XX";"";"26/05/2026";"26/05/2026";10;0;10;
"AERECO Ventilation AB";"";"26030000151470";"PREVISION";"AEA1955XX";"";"26/05/2026";"26/05/2026";9;0;9;
"AERECO Ventilation AB";"";"26030000151506";"PREVISION";"AEA1958XX";"";"26/05/2026";"26/05/2026";38;0;38;
"AERECO GmbH";"NOR";"26030000151546";"PREVISION";"AEA1992XX";"";"26/05/2026";"26/05/2026";95;0;95;
"AERECO GmbH";"";"26030000151653";"PREVISION";"AEA2115XX";"";"26/05/2026";"26/05/2026";66;0;66;
"AERECO GmbH";"NOR";"26030000151693";"PREVISION";"AEA301XX";"";"26/05/2026";"26/05/2026";118;0;118;
"AERECO GmbH";"";"26030000151785";"PREVISION";"AEA453XX";"";"26/05/2026";"26/05/2026";9;0;9;
"AERECO GmbH";"NOR";"26030000151856";"PREVISION";"AEA731XX";"";"26/05/2026";"26/05/2026";1809;0;1809;
"AERECO GmbH";"NOR";"26030000151881";"PREVISION";"AEA733XX";"";"26/05/2026";"26/05/2026";7;0;7;
"AERECO GmbH";"NOR";"26030000151915";"PREVISION";"AEA775XX";"";"26/05/2026";"26/05/2026";118;0;118;
"AERECO GmbH";"";"26030000151984";"PREVISION";"AEA778XX";"";"26/05/2026";"26/05/2026";84;0;84;
"AERECO GmbH";"NOR";"26030000152053";"PREVISION";"AEA809XX";"";"26/05/2026";"26/05/2026";36;0;36;
"AERECO GmbH";"NOR";"26030000152087";"PREVISION";"AEA827XX";"";"26/05/2026";"26/05/2026";1809;0;1809;
"AERECO GmbH";"NOR";"26030000152099";"PREVISION";"AEA833XX";"";"26/05/2026";"26/05/2026";1440;0;1440;
"AERECO GmbH";"";"26030000152111";"PREVISION";"AEA834XX";"";"26/05/2026";"26/05/2026";361;0;361;
"AERECO GmbH";"NOR";"26030000152139";"PREVISION";"AEA851XX";"";"26/05/2026";"26/05/2026";720;0;720;
"AERECO WENTYLACJA Sp. z.o.o";"NOR";"26030000152152";"PREVISION";"AEA852XX";"";"26/05/2026";"26/05/2026";1440;0;1440;
"AERECO GmbH";"";"26030000152221";"PREVISION";"AEA967XX";"";"26/05/2026";"26/05/2026";22;0;22;
"AERECO GmbH";"";"26030000152261";"PREVISION";"AEA968XX";"";"26/05/2026";"26/05/2026";5;0;5;
"AERECO GmbH";"NOR";"26030000152301";"PREVISION";"AVE052EX";"";"26/05/2026";"26/05/2026";1;0;1;
"AERECO GmbH";"NOR";"26030000152318";"PREVISION";"AVE056XX";"";"26/05/2026";"26/05/2026";4;0;4;
"AERECO GmbH";"NOR";"26030000152357";"PREVISION";"AVE057EX";"";"26/05/2026";"26/05/2026";10;0;10;
"AERECO GmbH";"NOR";"26030000152375";"PREVISION";"B3382";"";"26/05/2026";"26/05/2026";6;0;6;
"AERECO GmbH";"";"26030000152415";"PREVISION";"B3651";"";"26/05/2026";"26/05/2026";9;0;9;
"AERECO Ventilation AB";"NOR";"26030000152455";"PREVISION";"B6794";"";"26/05/2026";"26/05/2026";24;0;24;
"AERECO Ventilation AB";"";"26030000152495";"PREVISION";"B6796";"";"26/05/2026";"26/05/2026";10;0;10;
"AERECO GmbH";"NOR";"26030000152531";"PREVISION";"BFE2009GM";"";"26/05/2026";"26/05/2026";1;0;1;
"AERECO GmbH";"NOR";"26030000152548";"PREVISION";"BFE2068GM";"";"26/05/2026";"26/05/2026";2;0;2;
"AERECO GmbH";"";"26030000152643";"PREVISION";"BXC1889EX";"";"26/05/2026";"26/05/2026";8;0;8;
"AERECO GmbH";"NOR";"26030000152709";"PREVISION";"BXC1890GM";"";"26/05/2026";"26/05/2026";288;0;288;
"AERECO GmbH";"NOR";"26030000152736";"PREVISION";"BXC1891EX";"";"26/05/2026";"26/05/2026";60;0;60;
"AERECO WENTYLACJA Sp. z.o.o";"NOR";"26030000152873";"PREVISION";"BXC1899EX";"";"26/05/2026";"26/05/2026";336;0;336;
"AERECO WENTYLACJA Sp. z.o.o";"NOR";"26030000152908";"PREVISION";"BXC1900EX";"";"26/05/2026";"26/05/2026";288;0;288;
"AERECO GmbH";"NOR";"26030000152938";"PREVISION";"BXC1900GM";"";"26/05/2026";"26/05/2026";288;0;288;
"AERECO WENTYLACJA Sp. z.o.o";"NOR";"26030000152954";"PREVISION";"BXC1901EX";"";"26/05/2026";"26/05/2026";28;0;28;
"AERECO WENTYLACJA Sp. z.o.o";"";"26030000153022";"PREVISION";"BXC1902EX";"";"26/05/2026";"26/05/2026";60;0;60;
"AERECO WENTYLACJA Sp. z.o.o";"NOR";"26030000153202";"PREVISION";"BXC1907EX";"";"26/05/2026";"26/05/2026";1152;0;1152;
"AERECO WENTYLACJA Sp. z.o.o";"NOR";"26030000153235";"PREVISION";"BXC1908EX";"";"26/05/2026";"26/05/2026";144;0;144;
"AERECO GmbH";"NOR";"26030000153359";"PREVISION";"BXC1922GM";"";"26/05/2026";"26/05/2026";48;0;48;
"AERECO Ventilation AB";"";"26030000153492";"PREVISION";"BXC1927XO";"";"26/05/2026";"26/05/2026";120;0;120;
"AERECO GmbH";"NOR";"26030000154040";"PREVISION";"BXE2079GM";"";"26/05/2026";"26/05/2026";33;0;33;
"AERECO WENTYLACJA Sp. z.o.o";"NOR";"26030000154244";"PREVISION";"BXL888PO";"";"26/05/2026";"26/05/2026";576;0;576;
"AERECO GmbH";"NOR";"26030000154287";"PREVISION";"CAL261EX";"";"26/05/2026";"26/05/2026";850;0;850;
"AERECO GmbH";"NOR";"26030000154546";"PREVISION";"EAR200GM";"";"26/05/2026";"26/05/2026";720;0;720;
"AERECO GmbH";"NOR";"26030000154595";"PREVISION";"EAR2019GM";"";"26/05/2026";"26/05/2026";360;0;360;
"OOO VIVA LOGISTICS";"NOR";"26030000154613";"PREVISION";"EAR201EX";"";"26/05/2026";"26/05/2026";648;0;648;
"AERECO GmbH";"";"26030000154633";"PREVISION";"EAR201GM";"";"26/05/2026";"26/05/2026";648;0;648;
"AERECO WENTYLACJA Sp. z.o.o";"NOR";"26030000154649";"PREVISION";"EAR201PO";"";"26/05/2026";"26/05/2026";648;0;648;
"AERECO WENTYLACJA Sp. z.o.o";"NOR";"26030000154783";"PREVISION";"EAR206PO";"";"26/05/2026";"26/05/2026";1152;0;1152;
"AERECO GmbH";"";"26030000155192";"PREVISION";"EHP1198GM";"";"26/05/2026";"26/05/2026";75;0;75;
"AERECO GmbH";"";"26030000155342";"PREVISION";"EHP1875GM";"";"26/05/2026";"26/05/2026";1080;0;1080;
"AERECO WENTYLACJA Sp. z.o.o";"NOR";"26030000155427";"PREVISION";"EHT780PO";"";"26/05/2026";"26/05/2026";720;0;720;
"AERECO WENTYLACJA Sp. z.o.o";"NOR";"26030000155543";"PREVISION";"EMM716PO";"";"26/05/2026";"26/05/2026";1080;0;1080;
"AERECO Ventilation AB";"NOR";"26030000155660";"PREVISION";"ETH1853EX";"";"26/05/2026";"26/05/2026";90;0;90;
"AERECO GmbH";"";"26030000155759";"PREVISION";"ETH2104GM";"";"26/05/2026";"26/05/2026";225;0;225;
"AERECO GmbH";"NOR";"26030000155817";"PREVISION";"FBE1089GM";"";"26/05/2026";"26/05/2026";132;0;132;
"AERECO GmbH";"NOR";"AR2503032";"COMMANDE";"VAM813GM";"";"19/09/2025";"27/05/2026";126;0;126;
"AERECO WENTYLACJA Sp. z.o.o";"MTS";"26030000111913";"PREVISION";"11016309";"";"01/06/2026";"01/06/2026";720;0;720;
"AERECO WENTYLACJA Sp. z.o.o";"NOR";"26030000111951";"PREVISION";"11016310";"";"01/06/2026";"01/06/2026";480;0;480;
"AERECO WENTYLACJA Sp. z.o.o";"MTS";"26030000111979";"PREVISION";"11016312";"";"01/06/2026";"01/06/2026";300;0;300;
"AERECO WENTYLACJA Sp. z.o.o";"NOR";"26030000150683";"PREVISION";"11819090";"";"02/06/2026";"02/06/2026";180;0;180;
"AERECO WENTYLACJA Sp. z.o.o";"NOR";"26030000150703";"PREVISION";"11819091";"";"02/06/2026";"02/06/2026";720;0;720;
"AERECO WENTYLACJA Sp. z.o.o";"";"26030000150730";"PREVISION";"A3764B01";"";"02/06/2026";"02/06/2026";175;0;175;
"AERECO GmbH";"";"26030000150762";"PREVISION";"A3772E";"";"02/06/2026";"02/06/2026";186;0;186;
"AERECO GmbH";"";"26030000150798";"PREVISION";"A4260";"";"02/06/2026";"02/06/2026";21;0;21;
"AERECO GmbH";"NOR";"26030000150834";"PREVISION";"A4581E01";"";"02/06/2026";"02/06/2026";20;0;20;
"AERECO GmbH";"";"26030000150865";"PREVISION";"A5650E01";"";"02/06/2026";"02/06/2026";3;0;3;
"AERECO GmbH";"NOR";"26030000150908";"PREVISION";"AEA064XX";"";"02/06/2026";"02/06/2026";159;0;159;
"AERECO GmbH";"NOR";"26030000150917";"PREVISION";"AEA086XX";"";"02/06/2026";"02/06/2026";1;0;1;
"AERECO WENTYLACJA Sp. z.o.o";"";"26030000150939";"PREVISION";"AEA098XX";"";"02/06/2026";"02/06/2026";113;0;113;
"AERECO GmbH";"NOR";"26030000150972";"PREVISION";"AEA100XX";"";"02/06/2026";"02/06/2026";1608;0;1608;
"AERECO WENTYLACJA Sp. z.o.o";"NOR";"26030000151039";"PREVISION";"AEA1201XX";"";"02/06/2026";"02/06/2026";9;0;9;
"AERECO GmbH";"NOR";"26030000151055";"PREVISION";"AEA1216GM";"";"02/06/2026";"02/06/2026";63;0;63;
"AERECO GmbH";"NOR";"26030000151090";"PREVISION";"AEA1217GM";"";"02/06/2026";"02/06/2026";78;0;78;
"AERECO GmbH";"";"26030000151244";"PREVISION";"AEA1335EX";"";"02/06/2026";"02/06/2026";5;0;5;
"AERECO GmbH";"";"26030000151283";"PREVISION";"AEA1339EX";"";"02/06/2026";"02/06/2026";26;0;26;
"AERECO GmbH";"";"26030000151314";"PREVISION";"AEA1426XX";"";"02/06/2026";"02/06/2026";10;0;10;
"AERECO GmbH";"NOR";"26030000151354";"PREVISION";"AEA1429XX";"";"02/06/2026";"02/06/2026";21;0;21;
"AERECO GmbH";"";"26030000151386";"PREVISION";"AEA156XX";"";"02/06/2026";"02/06/2026";403;0;403;
"AERECO GmbH";"";"26030000151404";"PREVISION";"AEA157XX";"";"02/06/2026";"02/06/2026";2;0;2;
"AERECO GmbH";"";"26030000151431";"PREVISION";"AEA1954XX";"";"02/06/2026";"02/06/2026";13;0;13;
"AERECO Ventilation AB";"";"26030000151471";"PREVISION";"AEA1955XX";"";"02/06/2026";"02/06/2026";12;0;12;
"AERECO Ventilation AB";"";"26030000151507";"PREVISION";"AEA1958XX";"";"02/06/2026";"02/06/2026";53;0;53;
"AERECO GmbH";"NOR";"26030000151547";"PREVISION";"AEA1992XX";"";"02/06/2026";"02/06/2026";126;0;126;
"AERECO GmbH";"";"26030000151654";"PREVISION";"AEA2115XX";"";"02/06/2026";"02/06/2026";69;0;69;
"AERECO GmbH";"NOR";"26030000151694";"PREVISION";"AEA301XX";"";"02/06/2026";"02/06/2026";113;0;113;
"AERECO GmbH";"NOR";"26030000151728";"PREVISION";"AEA317XX";"";"02/06/2026";"02/06/2026";350;0;350;
"AERECO GmbH";"";"26030000151746";"PREVISION";"AEA400GM";"";"02/06/2026";"02/06/2026";3;0;3;
"AERECO GmbH";"";"26030000151786";"PREVISION";"AEA453XX";"";"02/06/2026";"02/06/2026";38;0;38;
"AERECO GmbH";"NOR";"26030000151857";"PREVISION";"AEA731XX";"";"02/06/2026";"02/06/2026";1809;0;1809;
"AERECO GmbH";"NOR";"26030000151882";"PREVISION";"AEA733XX";"";"02/06/2026";"02/06/2026";453;0;453;
"AERECO GmbH";"NOR";"26030000151916";"PREVISION";"AEA775XX";"";"02/06/2026";"02/06/2026";110;0;110;
"AERECO GmbH";"";"26030000151949";"PREVISION";"AEA776XX";"";"02/06/2026";"02/06/2026";4;0;4;
"AERECO GmbH";"";"26030000151985";"PREVISION";"AEA778XX";"";"02/06/2026";"02/06/2026";54;0;54;
"AERECO GmbH";"";"26030000152020";"PREVISION";"AEA808XX";"";"02/06/2026";"02/06/2026";1;0;1;
"AERECO GmbH";"NOR";"26030000152054";"PREVISION";"AEA809XX";"";"02/06/2026";"02/06/2026";16;0;16;
"AERECO GmbH";"";"26030000152112";"PREVISION";"AEA834XX";"";"02/06/2026";"02/06/2026";1;0;1;
"AERECO GmbH";"";"26030000152160";"PREVISION";"AEA877XX";"";"02/06/2026";"02/06/2026";1;0;1;
"AERECO GmbH";"NOR";"26030000152182";"PREVISION";"AEA942EX";"";"02/06/2026";"02/06/2026";105;0;105;
"AERECO GmbH";"";"26030000152222";"PREVISION";"AEA967XX";"";"02/06/2026";"02/06/2026";29;0;29;
"AERECO GmbH";"";"26030000152262";"PREVISION";"AEA968XX";"";"02/06/2026";"02/06/2026";6;0;6;
"AERECO GmbH";"NOR";"26030000152319";"PREVISION";"AVE056XX";"";"02/06/2026";"02/06/2026";7;0;7;
"AERECO GmbH";"NOR";"26030000152358";"PREVISION";"AVE057EX";"";"02/06/2026";"02/06/2026";5;0;5;
"AERECO GmbH";"NOR";"26030000152376";"PREVISION";"B3382";"";"02/06/2026";"02/06/2026";5;0;5;
"AERECO GmbH";"";"26030000152416";"PREVISION";"B3651";"";"02/06/2026";"02/06/2026";12;0;12;
"AERECO Ventilation AB";"NOR";"26030000152456";"PREVISION";"B6794";"";"02/06/2026";"02/06/2026";23;0;23;
"AERECO Ventilation AB";"";"26030000152496";"PREVISION";"B6796";"";"02/06/2026";"02/06/2026";13;0;13;
"ALDES Venticontrol S.A.";"MTS";"AR2504180";"COMMANDE";"BDC1694AL";"F426-09961";"04/12/2025";"02/06/2026";432;0;432;
"AERECO GmbH";"NOR";"26030000152532";"PREVISION";"BFE2009GM";"";"02/06/2026";"02/06/2026";1;0;1;
"AERECO GmbH";"NOR";"26030000152549";"PREVISION";"BFE2068GM";"";"02/06/2026";"02/06/2026";4;0;4;
"AERECO GmbH";"NOR";"26030000152607";"PREVISION";"BFX1931GM";"";"02/06/2026";"02/06/2026";46;0;46;
"AERECO GmbH";"";"26030000152644";"PREVISION";"BXC1889EX";"";"02/06/2026";"02/06/2026";3;0;3;
"AERECO GmbH";"NOR";"26030000152710";"PREVISION";"BXC1890GM";"";"02/06/2026";"02/06/2026";288;0;288;
"AERECO GmbH";"NOR";"26030000152737";"PREVISION";"BXC1891EX";"";"02/06/2026";"02/06/2026";14;0;14;
"AERECO WENTYLACJA Sp. z.o.o";"NOR";"26030000152874";"PREVISION";"BXC1899EX";"";"02/06/2026";"02/06/2026";48;0;48;
"AERECO WENTYLACJA Sp. z.o.o";"NOR";"26030000152909";"PREVISION";"BXC1900EX";"";"02/06/2026";"02/06/2026";288;0;288;
"AERECO WENTYLACJA Sp. z.o.o";"NOR";"26030000152955";"PREVISION";"BXC1901EX";"";"02/06/2026";"02/06/2026";9;0;9;
"AERECO GmbH";"NOR";"26030000152986";"PREVISION";"BXC1901GM";"";"02/06/2026";"02/06/2026";25;0;25;
"AERECO WENTYLACJA Sp. z.o.o";"";"26030000153023";"PREVISION";"BXC1902EX";"";"02/06/2026";"02/06/2026";8;0;8;
"AERECO WENTYLACJA Sp. z.o.o";"NOR";"26030000153061";"PREVISION";"BXC1903EX";"";"02/06/2026";"02/06/2026";31;0;31;
"AERECO GmbH";"NOR";"26030000153094";"PREVISION";"BXC1903GM";"";"02/06/2026";"02/06/2026";28;0;28;
"AERECO WENTYLACJA Sp. z.o.o";"NOR";"26030000153128";"PREVISION";"BXC1905EX";"";"02/06/2026";"02/06/2026";12;0;12;
"AERECO GmbH";"NOR";"26030000153155";"PREVISION";"BXC1905GM";"";"02/06/2026";"02/06/2026";2;0;2;
"AERECO WENTYLACJA Sp. z.o.o";"";"26030000153182";"PREVISION";"BXC1906EX";"";"02/06/2026";"02/06/2026";1;0;1;
"AERECO WENTYLACJA Sp. z.o.o";"NOR";"26030000153203";"PREVISION";"BXC1907EX";"";"02/06/2026";"02/06/2026";1152;0;1152;
"AERECO WENTYLACJA Sp. z.o.o";"NOR";"26030000153236";"PREVISION";"BXC1908EX";"";"02/06/2026";"02/06/2026";89;0;89;
"AERECO GmbH";"";"26030000153266";"PREVISION";"BXC1910EX";"";"02/06/2026";"02/06/2026";25;0;25;
"AERECO WENTYLACJA Sp. z.o.o";"";"26030000153299";"PREVISION";"BXC1912EX";"";"02/06/2026";"02/06/2026";4;0;4;
"AERECO WENTYLACJA Sp. z.o.o";"NOR";"26030000153332";"PREVISION";"BXC1915EX";"";"02/06/2026";"02/06/2026";13;0;13;
"AERECO GmbH";"NOR";"26030000153360";"PREVISION";"BXC1922GM";"";"02/06/2026";"02/06/2026";25;0;25;
"AERECO GmbH";"NOR";"26030000153395";"PREVISION";"BXC1923GM";"";"02/06/2026";"02/06/2026";12;0;12;
"AERECO GmbH";"NOR";"26030000153426";"PREVISION";"BXC1924GM";"";"02/06/2026";"02/06/2026";12;0;12;
"AERECO GmbH";"NOR";"26030000153461";"PREVISION";"BXC1925GM";"";"02/06/2026";"02/06/2026";38;0;38;
"AERECO Ventilation AB";"";"26030000153493";"PREVISION";"BXC1927XO";"";"02/06/2026";"02/06/2026";96;0;96;
"AERECO GmbH";"NOR";"26030000153500";"PREVISION";"BXC2138GM";"";"02/06/2026";"02/06/2026";31;0;31;
"AERECO GmbH";"";"26030000153537";"PREVISION";"BXC2139GM";"";"02/06/2026";"02/06/2026";18;0;18;
"AERECO GmbH";"NOR";"26030000153572";"PREVISION";"BXC2142GM";"";"02/06/2026";"02/06/2026";1;0;1;
"AERECO GmbH";"NOR";"26030000153650";"PREVISION";"BXE2053GM";"";"02/06/2026";"02/06/2026";9;0;9;
"AERECO GmbH";"NOR";"26030000153681";"PREVISION";"BXE2055GM";"";"02/06/2026";"02/06/2026";1;0;1;
"AERECO GmbH";"NOR";"26030000153746";"PREVISION";"BXE2065GM";"";"02/06/2026";"02/06/2026";2;0;2;
"AERECO GmbH";"NOR";"26030000153794";"PREVISION";"BXE2066GM";"";"02/06/2026";"02/06/2026";1;0;1;
"AERECO GmbH";"NOR";"26030000153876";"PREVISION";"BXE2073GM";"";"02/06/2026";"02/06/2026";1;0;1;
"AERECO GmbH";"NOR";"26030000153933";"PREVISION";"BXE2077GM";"";"02/06/2026";"02/06/2026";9;0;9;
"AERECO GmbH";"NOR";"26030000154009";"PREVISION";"BXE2078GM";"";"02/06/2026";"02/06/2026";13;0;13;
"AERECO GmbH";"NOR";"26030000154041";"PREVISION";"BXE2079GM";"";"02/06/2026";"02/06/2026";14;0;14;
"AERECO GmbH";"NOR";"26030000154077";"PREVISION";"BXE2080GM";"";"02/06/2026";"02/06/2026";2;0;2;
"AERECO GmbH";"NOR";"26030000154114";"PREVISION";"BXE2189GM";"";"02/06/2026";"02/06/2026";1;0;1;
"AERECO GmbH";"NOR";"26030000154135";"PREVISION";"BXE2192GM";"";"02/06/2026";"02/06/2026";1;0;1;
"AERECO GmbH";"";"26030000154161";"PREVISION";"BXE2194GM";"";"02/06/2026";"02/06/2026";1;0;1;
"AERECO GmbH";"NOR";"26030000154187";"PREVISION";"BXE2201GM";"";"02/06/2026";"02/06/2026";1;0;1;
"AERECO GmbH";"NOR";"26030000154210";"PREVISION";"BXE2202GM";"";"02/06/2026";"02/06/2026";4;0;4;
"AERECO GmbH";"NOR";"26030000154254";"PREVISION";"C1339";"";"02/06/2026";"02/06/2026";39;0;39;
"AERECO GmbH";"";"26030000154303";"PREVISION";"EAF309EX";"";"02/06/2026";"02/06/2026";47;0;47;
"AERECO GmbH";"";"26030000154433";"PREVISION";"EAF323EX";"";"02/06/2026";"02/06/2026";48;0;48;
"AERECO GmbH";"";"26030000154469";"PREVISION";"EAR1245EX";"";"02/06/2026";"02/06/2026";18;0;18;
"AERECO GmbH";"NOR";"26030000154561";"PREVISION";"EAR2018GM";"";"02/06/2026";"02/06/2026";94;0;94;
"OOO VIVA LOGISTICS";"NOR";"26030000154614";"PREVISION";"EAR201EX";"";"02/06/2026";"02/06/2026";648;0;648;
"AERECO WENTYLACJA Sp. z.o.o";"NOR";"26030000154650";"PREVISION";"EAR201PO";"";"02/06/2026";"02/06/2026";648;0;648;
"AERECO WENTYLACJA Sp. z.o.o";"NOR";"26030000154784";"PREVISION";"EAR206PO";"";"02/06/2026";"02/06/2026";576;0;576;
"AERECO WENTYLACJA Sp. z.o.o";"NOR";"26030000154917";"PREVISION";"EFR174XX";"";"02/06/2026";"02/06/2026";8;0;8;
"AERECO GmbH";"NOR";"26030000154995";"PREVISION";"EHM1275GM";"";"02/06/2026";"02/06/2026";88;0;88;
"AERECO WENTYLACJA Sp. z.o.o";"";"26030000155034";"PREVISION";"EHM1276EX";"";"02/06/2026";"02/06/2026";74;0;74;
"AERECO GmbH";"NOR";"26030000155069";"PREVISION";"EHM1276GM";"";"02/06/2026";"02/06/2026";51;0;51;
"AERECO GmbH";"";"26030000155193";"PREVISION";"EHP1198GM";"";"02/06/2026";"02/06/2026";71;0;71;
"AERECO GmbH";"NOR";"26030000155261";"PREVISION";"EHP1219GM";"";"02/06/2026";"02/06/2026";47;0;47;
"AERECO GmbH";"";"26030000155295";"PREVISION";"EHP1222EX";"";"02/06/2026";"02/06/2026";3;0;3;
"ALDES S.p.A.";"";"26030000155361";"PREVISION";"EHT780EX";"";"02/06/2026";"02/06/2026";47;0;47;
"AERECO GmbH";"NOR";"26030000155392";"PREVISION";"EHT780GM";"";"02/06/2026";"02/06/2026";78;0;78;
"ALDES S.p.A.";"";"26030000155444";"PREVISION";"EHT969EX";"";"02/06/2026";"02/06/2026";3;0;3;
"AERECO WENTYLACJA Sp. z.o.o";"NOR";"26030000155499";"PREVISION";"EMM707PO";"";"02/06/2026";"02/06/2026";864;0;864;
"AERECO WENTYLACJA Sp. z.o.o";"NOR";"26030000155544";"PREVISION";"EMM716PO";"";"02/06/2026";"02/06/2026";1080;0;1080;
"AERECO Ventilation AB";"";"26030000155626";"PREVISION";"ETF1865EX";"";"02/06/2026";"02/06/2026";2;0;2;
"AERECO Ventilation AB";"NOR";"26030000155661";"PREVISION";"ETH1853EX";"";"02/06/2026";"02/06/2026";81;0;81;
"AERECO GmbH";"";"26030000155760";"PREVISION";"ETH2104GM";"";"02/06/2026";"02/06/2026";225;0;225;
"AERECO GmbH";"NOR";"26030000155818";"PREVISION";"FBE1089GM";"";"02/06/2026";"02/06/2026";118;0;118;
"AERECO GmbH";"";"26030000155873";"PREVISION";"G2H1064EX";"";"02/06/2026";"02/06/2026";9;0;9;
"AERECO GmbH";"NOR";"26030000155914";"PREVISION";"K3168";"";"02/06/2026";"02/06/2026";151;0;151;
"AERECO GmbH";"NOR";"26030000155953";"PREVISION";"K3338";"";"02/06/2026";"02/06/2026";93;0;93;
"AERECO GmbH";"";"26030000155992";"PREVISION";"SE3203";"";"02/06/2026";"02/06/2026";21;0;21;
"AERECO WENTYLACJA Sp. z.o.o";"NOR";"26030000156030";"PREVISION";"V2A032EX";"";"02/06/2026";"02/06/2026";5;0;5;
"AERECO GmbH";"";"26030000156057";"PREVISION";"V2A032GM";"";"02/06/2026";"02/06/2026";3;0;3;
"AERECO WENTYLACJA Sp. z.o.o";"";"26030000156178";"PREVISION";"VAM767EX";"";"02/06/2026";"02/06/2026";7;0;7;
"AERECO WENTYLACJA Sp. z.o.o";"";"26030000156197";"PREVISION";"VB42165EX";"";"02/06/2026";"02/06/2026";5;0;5;
"AERECO GmbH";"";"26030000156210";"PREVISION";"VBP2173EX";"";"02/06/2026";"02/06/2026";1;0;1;
"AERECO WENTYLACJA Sp. z.o.o";"NOR";"26030000156238";"PREVISION";"VBP2173PO";"";"02/06/2026";"02/06/2026";180;0;180;
"ALDES Venticontrol S.A.";"MTS";"AR2601482";"COMMANDE";"BDS458AL";"F426-10179";"20/03/2026";"03/06/2026";1008;0;1008;
"AERECO WENTYLACJA Sp. z.o.o";"MTS";"26030000111887";"PREVISION";"11016308";"";"08/06/2026";"08/06/2026";1200;0;1200;
"AERECO WENTYLACJA Sp. z.o.o";"MTS";"26030000111914";"PREVISION";"11016309";"";"08/06/2026";"08/06/2026";1440;0;1440;
"AERECO WENTYLACJA Sp. z.o.o";"NOR";"26030000111952";"PREVISION";"11016310";"";"08/06/2026";"08/06/2026";480;0;480;
"AERECO WENTYLACJA Sp. z.o.o";"NOR";"26030000150667";"PREVISION";"11016310";"";"09/06/2026";"09/06/2026";576;0;576;
"AERECO WENTYLACJA Sp. z.o.o";"NOR";"26030000150684";"PREVISION";"11819090";"";"09/06/2026";"09/06/2026";180;0;180;
"AERECO WENTYLACJA Sp. z.o.o";"NOR";"26030000150704";"PREVISION";"11819091";"";"09/06/2026";"09/06/2026";720;0;720;
"AERECO WENTYLACJA Sp. z.o.o";"";"26030000150731";"PREVISION";"A3764B01";"";"09/06/2026";"09/06/2026";175;0;175;
"AERECO GmbH";"";"26030000150763";"PREVISION";"A3772E";"";"09/06/2026";"09/06/2026";186;0;186;
"AERECO GmbH";"";"26030000150799";"PREVISION";"A4260";"";"09/06/2026";"09/06/2026";21;0;21;
"AERECO GmbH";"NOR";"26030000150835";"PREVISION";"A4581E01";"";"09/06/2026";"09/06/2026";20;0;20;
"AERECO GmbH";"";"26030000150866";"PREVISION";"A5650E01";"";"09/06/2026";"09/06/2026";3;0;3;
"AERECO GmbH";"NOR";"26030000150909";"PREVISION";"AEA064XX";"";"09/06/2026";"09/06/2026";600;0;600;
"AERECO GmbH";"NOR";"26030000150918";"PREVISION";"AEA086XX";"";"09/06/2026";"09/06/2026";1;0;1;
"AERECO WENTYLACJA Sp. z.o.o";"";"26030000150940";"PREVISION";"AEA098XX";"";"09/06/2026";"09/06/2026";113;0;113;
"AERECO GmbH";"NOR";"26030000150993";"PREVISION";"AEA1150XX";"";"09/06/2026";"09/06/2026";1080;0;1080;
"AERECO GmbH";"NOR";"26030000151002";"PREVISION";"AEA1151XX";"";"09/06/2026";"09/06/2026";1080;0;1080;
"AERECO GmbH";"NOR";"26030000151022";"PREVISION";"AEA1152XX";"";"09/06/2026";"09/06/2026";1080;0;1080;
"AERECO WENTYLACJA Sp. z.o.o";"NOR";"26030000151040";"PREVISION";"AEA1201XX";"";"09/06/2026";"09/06/2026";9;0;9;
"AERECO GmbH";"NOR";"26030000151056";"PREVISION";"AEA1216GM";"";"09/06/2026";"09/06/2026";63;0;63;
"AERECO GmbH";"NOR";"26030000151091";"PREVISION";"AEA1217GM";"";"09/06/2026";"09/06/2026";78;0;78;
"AERECO WENTYLACJA Sp. z.o.o";"NOR";"26030000151188";"PREVISION";"AEA1242XX";"";"09/06/2026";"09/06/2026";1740;0;1740;
"AERECO WENTYLACJA Sp. z.o.o";"NOR";"26030000151222";"PREVISION";"AEA1243XX";"";"09/06/2026";"09/06/2026";1440;0;1440;
"AERECO GmbH";"";"26030000151245";"PREVISION";"AEA1335EX";"";"09/06/2026";"09/06/2026";5;0;5;
"AERECO GmbH";"";"26030000151284";"PREVISION";"AEA1339EX";"";"09/06/2026";"09/06/2026";26;0;26;
"AERECO GmbH";"";"26030000151315";"PREVISION";"AEA1426XX";"";"09/06/2026";"09/06/2026";10;0;10;
"AERECO GmbH";"NOR";"26030000151355";"PREVISION";"AEA1429XX";"";"09/06/2026";"09/06/2026";21;0;21;
"AERECO GmbH";"";"26030000151387";"PREVISION";"AEA156XX";"";"09/06/2026";"09/06/2026";403;0;403;
"AERECO GmbH";"";"26030000151405";"PREVISION";"AEA157XX";"";"09/06/2026";"09/06/2026";2;0;2;
"AERECO GmbH";"";"26030000151432";"PREVISION";"AEA1954XX";"";"09/06/2026";"09/06/2026";13;0;13;
"AERECO Ventilation AB";"";"26030000151472";"PREVISION";"AEA1955XX";"";"09/06/2026";"09/06/2026";12;0;12;
"AERECO Ventilation AB";"";"26030000151508";"PREVISION";"AEA1958XX";"";"09/06/2026";"09/06/2026";53;0;53;
"AERECO GmbH";"NOR";"26030000151548";"PREVISION";"AEA1992XX";"";"09/06/2026";"09/06/2026";126;0;126;
"AERECO GmbH";"";"26030000151655";"PREVISION";"AEA2115XX";"";"09/06/2026";"09/06/2026";69;0;69;
"AERECO GmbH";"NOR";"26030000151695";"PREVISION";"AEA301XX";"";"09/06/2026";"09/06/2026";113;0;113;
"AERECO GmbH";"";"26030000151747";"PREVISION";"AEA400GM";"";"09/06/2026";"09/06/2026";3;0;3;
"AERECO GmbH";"";"26030000151787";"PREVISION";"AEA453XX";"";"09/06/2026";"09/06/2026";38;0;38;
"AERECO GmbH";"NOR";"26030000151883";"PREVISION";"AEA733XX";"";"09/06/2026";"09/06/2026";453;0;453;
"AERECO GmbH";"NOR";"26030000151917";"PREVISION";"AEA775XX";"";"09/06/2026";"09/06/2026";110;0;110;
"AERECO GmbH";"";"26030000151950";"PREVISION";"AEA776XX";"";"09/06/2026";"09/06/2026";4;0;4;
"AERECO GmbH";"";"26030000151986";"PREVISION";"AEA778XX";"";"09/06/2026";"09/06/2026";54;0;54;
"AERECO GmbH";"";"26030000152021";"PREVISION";"AEA808XX";"";"09/06/2026";"09/06/2026";1;0;1;
"AERECO GmbH";"NOR";"26030000152055";"PREVISION";"AEA809XX";"";"09/06/2026";"09/06/2026";16;0;16;
"AERECO GmbH";"";"26030000152113";"PREVISION";"AEA834XX";"";"09/06/2026";"09/06/2026";1;0;1;
"AERECO GmbH";"NOR";"26030000152140";"PREVISION";"AEA851XX";"";"09/06/2026";"09/06/2026";720;0;720;
"AERECO GmbH";"";"26030000152161";"PREVISION";"AEA877XX";"";"09/06/2026";"09/06/2026";1;0;1;
"AERECO GmbH";"NOR";"26030000152183";"PREVISION";"AEA942EX";"";"09/06/2026";"09/06/2026";105;0;105;
"AERECO GmbH";"";"26030000152223";"PREVISION";"AEA967XX";"";"09/06/2026";"09/06/2026";29;0;29;
"AERECO GmbH";"";"26030000152263";"PREVISION";"AEA968XX";"";"09/06/2026";"09/06/2026";6;0;6;
"AERECO GmbH";"NOR";"26030000152304";"PREVISION";"AVE055XX";"";"09/06/2026";"09/06/2026";800;0;800;
"AERECO GmbH";"NOR";"26030000152320";"PREVISION";"AVE056XX";"";"09/06/2026";"09/06/2026";7;0;7;
"AERECO GmbH";"NOR";"26030000152359";"PREVISION";"AVE057EX";"";"09/06/2026";"09/06/2026";5;0;5;
"AERECO GmbH";"NOR";"26030000152377";"PREVISION";"B3382";"";"09/06/2026";"09/06/2026";5;0;5;
"AERECO GmbH";"";"26030000152417";"PREVISION";"B3651";"";"09/06/2026";"09/06/2026";12;0;12;
"AERECO Ventilation AB";"NOR";"26030000152457";"PREVISION";"B6794";"";"09/06/2026";"09/06/2026";23;0;23;
"AERECO Ventilation AB";"";"26030000152497";"PREVISION";"B6796";"";"09/06/2026";"09/06/2026";13;0;13;
"AERECO GmbH";"NOR";"26030000152533";"PREVISION";"BFE2009GM";"";"09/06/2026";"09/06/2026";1;0;1;
"AERECO GmbH";"NOR";"26030000152550";"PREVISION";"BFE2068GM";"";"09/06/2026";"09/06/2026";4;0;4;
"AERECO GmbH";"NOR";"26030000152608";"PREVISION";"BFX1931GM";"";"09/06/2026";"09/06/2026";46;0;46;
"AERECO GmbH";"";"26030000152645";"PREVISION";"BXC1889EX";"";"09/06/2026";"09/06/2026";3;0;3;
"AERECO GmbH";"NOR";"26030000152738";"PREVISION";"BXC1891EX";"";"09/06/2026";"09/06/2026";14;0;14;
"AERECO GmbH";"NOR";"26030000152805";"PREVISION";"BXC1893GM";"";"09/06/2026";"09/06/2026";288;0;288;
"AERECO WENTYLACJA Sp. z.o.o";"NOR";"26030000152875";"PREVISION";"BXC1899EX";"";"09/06/2026";"09/06/2026";48;0;48;
"AERECO WENTYLACJA Sp. z.o.o";"NOR";"26030000152910";"PREVISION";"BXC1900EX";"";"09/06/2026";"09/06/2026";288;0;288;
"AERECO GmbH";"NOR";"26030000152939";"PREVISION";"BXC1900GM";"";"09/06/2026";"09/06/2026";288;0;288;
"AERECO WENTYLACJA Sp. z.o.o";"NOR";"26030000152956";"PREVISION";"BXC1901EX";"";"09/06/2026";"09/06/2026";9;0;9;
"AERECO GmbH";"NOR";"26030000152987";"PREVISION";"BXC1901GM";"";"09/06/2026";"09/06/2026";25;0;25;
"AERECO WENTYLACJA Sp. z.o.o";"";"26030000153024";"PREVISION";"BXC1902EX";"";"09/06/2026";"09/06/2026";8;0;8;
"AERECO WENTYLACJA Sp. z.o.o";"NOR";"26030000153062";"PREVISION";"BXC1903EX";"";"09/06/2026";"09/06/2026";31;0;31;
"AERECO GmbH";"NOR";"26030000153095";"PREVISION";"BXC1903GM";"";"09/06/2026";"09/06/2026";28;0;28;
"AERECO WENTYLACJA Sp. z.o.o";"NOR";"26030000153129";"PREVISION";"BXC1905EX";"";"09/06/2026";"09/06/2026";12;0;12;
"AERECO GmbH";"NOR";"26030000153156";"PREVISION";"BXC1905GM";"";"09/06/2026";"09/06/2026";2;0;2;
"AERECO WENTYLACJA Sp. z.o.o";"";"26030000153183";"PREVISION";"BXC1906EX";"";"09/06/2026";"09/06/2026";1;0;1;
"AERECO WENTYLACJA Sp. z.o.o";"NOR";"26030000153204";"PREVISION";"BXC1907EX";"";"09/06/2026";"09/06/2026";1152;0;1152;
"AERECO WENTYLACJA Sp. z.o.o";"NOR";"26030000153237";"PREVISION";"BXC1908EX";"";"09/06/2026";"09/06/2026";89;0;89;
"AERECO GmbH";"";"26030000153267";"PREVISION";"BXC1910EX";"";"09/06/2026";"09/06/2026";25;0;25;
"AERECO WENTYLACJA Sp. z.o.o";"";"26030000153300";"PREVISION";"BXC1912EX";"";"09/06/2026";"09/06/2026";4;0;4;
"AERECO WENTYLACJA Sp. z.o.o";"NOR";"26030000153333";"PREVISION";"BXC1915EX";"";"09/06/2026";"09/06/2026";13;0;13;
"AERECO GmbH";"NOR";"26030000153361";"PREVISION";"BXC1922GM";"";"09/06/2026";"09/06/2026";25;0;25;
"AERECO GmbH";"NOR";"26030000153396";"PREVISION";"BXC1923GM";"";"09/06/2026";"09/06/2026";12;0;12;
"AERECO GmbH";"NOR";"26030000153427";"PREVISION";"BXC1924GM";"";"09/06/2026";"09/06/2026";12;0;12;
"AERECO GmbH";"NOR";"26030000153462";"PREVISION";"BXC1925GM";"";"09/06/2026";"09/06/2026";38;0;38;
"AERECO GmbH";"NOR";"26030000153501";"PREVISION";"BXC2138GM";"";"09/06/2026";"09/06/2026";31;0;31;
"AERECO GmbH";"";"26030000153538";"PREVISION";"BXC2139GM";"";"09/06/2026";"09/06/2026";18;0;18;
"AERECO GmbH";"NOR";"26030000153573";"PREVISION";"BXC2142GM";"";"09/06/2026";"09/06/2026";1;0;1;
"AERECO GmbH";"NOR";"26030000153651";"PREVISION";"BXE2053GM";"";"09/06/2026";"09/06/2026";9;0;9;
"AERECO GmbH";"NOR";"26030000153682";"PREVISION";"BXE2055GM";"";"09/06/2026";"09/06/2026";1;0;1;
"AERECO GmbH";"NOR";"26030000153699";"PREVISION";"BXE2056GM";"";"09/06/2026";"09/06/2026";108;0;108;
"AERECO GmbH";"NOR";"26030000153747";"PREVISION";"BXE2065GM";"";"09/06/2026";"09/06/2026";2;0;2;
"AERECO GmbH";"NOR";"26030000153795";"PREVISION";"BXE2066GM";"";"09/06/2026";"09/06/2026";1;0;1;
"AERECO GmbH";"NOR";"26030000153877";"PREVISION";"BXE2073GM";"";"09/06/2026";"09/06/2026";1;0;1;
"PARTN-AIR SA";"NOR";"AR2601459";"COMMANDE";"BXE2077EX";"";"20/03/2026";"09/06/2026";540;0;540;
"AERECO GmbH";"NOR";"26030000153934";"PREVISION";"BXE2077GM";"";"09/06/2026";"09/06/2026";9;0;9;
"AERECO GmbH";"NOR";"26030000154010";"PREVISION";"BXE2078GM";"";"09/06/2026";"09/06/2026";13;0;13;
"AERECO GmbH";"NOR";"26030000154042";"PREVISION";"BXE2079GM";"";"09/06/2026";"09/06/2026";14;0;14;
"AERECO GmbH";"NOR";"26030000154078";"PREVISION";"BXE2080GM";"";"09/06/2026";"09/06/2026";2;0;2;
"AERECO GmbH";"NOR";"26030000154115";"PREVISION";"BXE2189GM";"";"09/06/2026";"09/06/2026";1;0;1;
"AERECO GmbH";"NOR";"26030000154136";"PREVISION";"BXE2192GM";"";"09/06/2026";"09/06/2026";1;0;1;
"AERECO GmbH";"";"26030000154162";"PREVISION";"BXE2194GM";"";"09/06/2026";"09/06/2026";1;0;1;
"AERECO GmbH";"NOR";"26030000154188";"PREVISION";"BXE2201GM";"";"09/06/2026";"09/06/2026";1;0;1;
"AERECO GmbH";"NOR";"26030000154211";"PREVISION";"BXE2202GM";"";"09/06/2026";"09/06/2026";4;0;4;
"AERECO WENTYLACJA Sp. z.o.o";"NOR";"26030000154245";"PREVISION";"BXL888PO";"";"09/06/2026";"09/06/2026";576;0;576;
"AERECO GmbH";"NOR";"26030000154255";"PREVISION";"C1339";"";"09/06/2026";"09/06/2026";39;0;39;
"AERECO GmbH";"NOR";"26030000154288";"PREVISION";"CAL261EX";"";"09/06/2026";"09/06/2026";800;0;800;
"AERECO GmbH";"";"26030000154304";"PREVISION";"EAF309EX";"";"09/06/2026";"09/06/2026";47;0;47;
"AERECO GmbH";"";"26030000154434";"PREVISION";"EAF323EX";"";"09/06/2026";"09/06/2026";48;0;48;
"AERECO GmbH";"";"26030000154470";"PREVISION";"EAR1245EX";"";"09/06/2026";"09/06/2026";18;0;18;
"AERECO GmbH";"NOR";"26030000154547";"PREVISION";"EAR200GM";"";"09/06/2026";"09/06/2026";720;0;720;
"AERECO GmbH";"NOR";"26030000154562";"PREVISION";"EAR2018GM";"";"09/06/2026";"09/06/2026";94;0;94;
"AERECO GmbH";"NOR";"26030000154596";"PREVISION";"EAR2019GM";"";"09/06/2026";"09/06/2026";360;0;360;
"OOO VIVA LOGISTICS";"NOR";"26030000154615";"PREVISION";"EAR201EX";"";"09/06/2026";"09/06/2026";648;0;648;
"AERECO GmbH";"";"26030000154634";"PREVISION";"EAR201GM";"";"09/06/2026";"09/06/2026";648;0;648;
"AERECO WENTYLACJA Sp. z.o.o";"NOR";"26030000154651";"PREVISION";"EAR201PO";"";"09/06/2026";"09/06/2026";648;0;648;
"AERECO WENTYLACJA Sp. z.o.o";"NOR";"26030000154785";"PREVISION";"EAR206PO";"";"09/06/2026";"09/06/2026";576;0;576;
"AERECO WENTYLACJA Sp. z.o.o";"NOR";"26030000154918";"PREVISION";"EFR174XX";"";"09/06/2026";"09/06/2026";8;0;8;
"AERECO GmbH";"NOR";"26030000154996";"PREVISION";"EHM1275GM";"";"09/06/2026";"09/06/2026";88;0;88;
"AERECO WENTYLACJA Sp. z.o.o";"";"26030000155035";"PREVISION";"EHM1276EX";"";"09/06/2026";"09/06/2026";74;0;74;
"AERECO GmbH";"NOR";"26030000155070";"PREVISION";"EHM1276GM";"";"09/06/2026";"09/06/2026";51;0;51;
"AERECO GmbH";"";"26030000155194";"PREVISION";"EHP1198GM";"";"09/06/2026";"09/06/2026";71;0;71;
"AERECO GmbH";"NOR";"26030000155262";"PREVISION";"EHP1219GM";"";"09/06/2026";"09/06/2026";47;0;47;
"AERECO GmbH";"";"26030000155296";"PREVISION";"EHP1222EX";"";"09/06/2026";"09/06/2026";3;0;3;
"AERECO GmbH";"NOR";"26030000155327";"PREVISION";"EHP1874GM";"";"09/06/2026";"09/06/2026";1080;0;1080;
"ALDES S.p.A.";"";"26030000155362";"PREVISION";"EHT780EX";"";"09/06/2026";"09/06/2026";47;0;47;
"AERECO GmbH";"NOR";"26030000155393";"PREVISION";"EHT780GM";"";"09/06/2026";"09/06/2026";78;0;78;
"AERECO WENTYLACJA Sp. z.o.o";"NOR";"26030000155428";"PREVISION";"EHT780PO";"";"09/06/2026";"09/06/2026";720;0;720;
"ALDES S.p.A.";"";"26030000155445";"PREVISION";"EHT969EX";"";"09/06/2026";"09/06/2026";3;0;3;
"AERECO WENTYLACJA Sp. z.o.o";"NOR";"26030000155500";"PREVISION";"EMM707PO";"";"09/06/2026";"09/06/2026";1728;0;1728;
"AERECO WENTYLACJA Sp. z.o.o";"NOR";"26030000155545";"PREVISION";"EMM716PO";"";"09/06/2026";"09/06/2026";1080;0;1080;
"AERECO Ventilation AB";"";"26030000155627";"PREVISION";"ETF1865EX";"";"09/06/2026";"09/06/2026";2;0;2;
"AERECO Ventilation AB";"NOR";"26030000155662";"PREVISION";"ETH1853EX";"";"09/06/2026";"09/06/2026";81;0;81;
"AERECO Ventilation AB";"NOR";"26030000155704";"PREVISION";"ETH1984EX";"";"09/06/2026";"09/06/2026";832;0;832;
"AERECO GmbH";"";"26030000155761";"PREVISION";"ETH2104GM";"";"09/06/2026";"09/06/2026";225;0;225;
"AERECO GmbH";"NOR";"26030000155819";"PREVISION";"FBE1089GM";"";"09/06/2026";"09/06/2026";118;0;118;
"AERECO GmbH";"";"26030000155874";"PREVISION";"G2H1064EX";"";"09/06/2026";"09/06/2026";9;0;9;
"AERECO GmbH";"NOR";"26030000155915";"PREVISION";"K3168";"";"09/06/2026";"09/06/2026";151;0;151;
"AERECO GmbH";"NOR";"26030000155954";"PREVISION";"K3338";"";"09/06/2026";"09/06/2026";93;0;93;
"AERECO GmbH";"";"26030000155993";"PREVISION";"SE3203";"";"09/06/2026";"09/06/2026";21;0;21;
"AERECO WENTYLACJA Sp. z.o.o";"NOR";"26030000156031";"PREVISION";"V2A032EX";"";"09/06/2026";"09/06/2026";5;0;5;
"AERECO GmbH";"";"26030000156058";"PREVISION";"V2A032GM";"";"09/06/2026";"09/06/2026";3;0;3;
"AERECO WENTYLACJA Sp. z.o.o";"";"26030000156179";"PREVISION";"VAM767EX";"";"09/06/2026";"09/06/2026";7;0;7;
"AERECO WENTYLACJA Sp. z.o.o";"";"26030000156198";"PREVISION";"VB42165EX";"";"09/06/2026";"09/06/2026";5;0;5;
"AERECO GmbH";"";"26030000156211";"PREVISION";"VBP2173EX";"";"09/06/2026";"09/06/2026";1;0;1;
"AERECO WENTYLACJA Sp. z.o.o";"NOR";"26030000156239";"PREVISION";"VBP2173PO";"";"09/06/2026";"09/06/2026";180;0;180;
"AERECO GmbH";"NOR";"AR2601359";"COMMANDE";"BXE2066GM";"";"12/03/2026";"10/06/2026";216;0;216;
"AERECO GmbH";"NOR";"AR2601359";"COMMANDE";"BXE2201GM";"";"12/03/2026";"10/06/2026";216;0;216;
"AERECO GmbH";"NOR";"AR2601359";"COMMANDE";"BXE2202GM";"";"12/03/2026";"10/06/2026";216;0;216;
"AERECO GmbH";"NOR";"AR2503033";"COMMANDE";"VAM813GM";"";"19/09/2025";"10/06/2026";126;0;126;
"AERECO WENTYLACJA Sp. z.o.o";"MTS";"26030000111915";"PREVISION";"11016309";"";"15/06/2026";"15/06/2026";1440;0;1440;
"AERECO WENTYLACJA Sp. z.o.o";"NOR";"26030000111953";"PREVISION";"11016310";"";"15/06/2026";"15/06/2026";480;0;480;
"AERECO WENTYLACJA Sp. z.o.o";"MTS";"26030000111980";"PREVISION";"11016312";"";"15/06/2026";"15/06/2026";300;0;300;
"AERECO WENTYLACJA Sp. z.o.o";"NOR";"26030000150685";"PREVISION";"11819090";"";"16/06/2026";"16/06/2026";180;0;180;
"AERECO WENTYLACJA Sp. z.o.o";"NOR";"26030000150705";"PREVISION";"11819091";"";"16/06/2026";"16/06/2026";720;0;720;
"AERECO WENTYLACJA Sp. z.o.o";"";"26030000150732";"PREVISION";"A3764B01";"";"16/06/2026";"16/06/2026";175;0;175;
"AERECO GmbH";"";"26030000150764";"PREVISION";"A3772E";"";"16/06/2026";"16/06/2026";186;0;186;
"AERECO GmbH";"";"26030000150800";"PREVISION";"A4260";"";"16/06/2026";"16/06/2026";21;0;21;
"AERECO GmbH";"NOR";"26030000150836";"PREVISION";"A4581E01";"";"16/06/2026";"16/06/2026";20;0;20;
"AERECO GmbH";"";"26030000150867";"PREVISION";"A5650E01";"";"16/06/2026";"16/06/2026";3;0;3;
"AERECO GmbH";"NOR";"26030000150910";"PREVISION";"AEA064XX";"";"16/06/2026";"16/06/2026";159;0;159;
"AERECO GmbH";"NOR";"26030000150919";"PREVISION";"AEA086XX";"";"16/06/2026";"16/06/2026";1;0;1;
"AERECO WENTYLACJA Sp. z.o.o";"";"26030000150941";"PREVISION";"AEA098XX";"";"16/06/2026";"16/06/2026";113;0;113;
"AERECO GmbH";"NOR";"26030000151023";"PREVISION";"AEA1152XX";"";"16/06/2026";"16/06/2026";1080;0;1080;
"AERECO WENTYLACJA Sp. z.o.o";"NOR";"26030000151041";"PREVISION";"AEA1201XX";"";"16/06/2026";"16/06/2026";9;0;9;
"AERECO GmbH";"NOR";"26030000151057";"PREVISION";"AEA1216GM";"";"16/06/2026";"16/06/2026";63;0;63;
"AERECO GmbH";"NOR";"26030000151092";"PREVISION";"AEA1217GM";"";"16/06/2026";"16/06/2026";78;0;78;
"AERECO GmbH";"NOR";"26030000151160";"PREVISION";"AEA1241XX";"";"16/06/2026";"16/06/2026";3618;0;3618;
"AERECO GmbH";"";"26030000151246";"PREVISION";"AEA1335EX";"";"16/06/2026";"16/06/2026";5;0;5;
"AERECO GmbH";"";"26030000151285";"PREVISION";"AEA1339EX";"";"16/06/2026";"16/06/2026";26;0;26;
"AERECO GmbH";"";"26030000151316";"PREVISION";"AEA1426XX";"";"16/06/2026";"16/06/2026";10;0;10;
"AERECO GmbH";"NOR";"26030000151356";"PREVISION";"AEA1429XX";"";"16/06/2026";"16/06/2026";21;0;21;
"AERECO GmbH";"";"26030000151388";"PREVISION";"AEA156XX";"";"16/06/2026";"16/06/2026";403;0;403;
"AERECO GmbH";"";"26030000151406";"PREVISION";"AEA157XX";"";"16/06/2026";"16/06/2026";2;0;2;
"AERECO GmbH";"";"26030000151433";"PREVISION";"AEA1954XX";"";"16/06/2026";"16/06/2026";13;0;13;
"AERECO Ventilation AB";"";"26030000151473";"PREVISION";"AEA1955XX";"";"16/06/2026";"16/06/2026";12;0;12;
"AERECO Ventilation AB";"";"26030000151509";"PREVISION";"AEA1958XX";"";"16/06/2026";"16/06/2026";53;0;53;
"AERECO GmbH";"NOR";"26030000151549";"PREVISION";"AEA1992XX";"";"16/06/2026";"16/06/2026";126;0;126;
"AERECO GmbH";"";"26030000151656";"PREVISION";"AEA2115XX";"";"16/06/2026";"16/06/2026";69;0;69;
"AERECO GmbH";"NOR";"26030000151696";"PREVISION";"AEA301XX";"";"16/06/2026";"16/06/2026";113;0;113;
"AERECO GmbH";"";"26030000151748";"PREVISION";"AEA400GM";"";"16/06/2026";"16/06/2026";3;0;3;
"AERECO GmbH";"";"26030000151788";"PREVISION";"AEA453XX";"";"16/06/2026";"16/06/2026";38;0;38;
"AERECO GmbH";"NOR";"26030000151858";"PREVISION";"AEA731XX";"";"16/06/2026";"16/06/2026";3618;0;3618;
"AERECO GmbH";"NOR";"26030000151884";"PREVISION";"AEA733XX";"";"16/06/2026";"16/06/2026";453;0;453;
"AERECO GmbH";"NOR";"26030000151918";"PREVISION";"AEA775XX";"";"16/06/2026";"16/06/2026";110;0;110;
"AERECO GmbH";"";"26030000151951";"PREVISION";"AEA776XX";"";"16/06/2026";"16/06/2026";4;0;4;
"AERECO GmbH";"";"26030000151987";"PREVISION";"AEA778XX";"";"16/06/2026";"16/06/2026";54;0;54;
"AERECO GmbH";"";"26030000152022";"PREVISION";"AEA808XX";"";"16/06/2026";"16/06/2026";1;0;1;
"AERECO GmbH";"NOR";"26030000152056";"PREVISION";"AEA809XX";"";"16/06/2026";"16/06/2026";16;0;16;
"AERECO GmbH";"NOR";"26030000152088";"PREVISION";"AEA827XX";"";"16/06/2026";"16/06/2026";1809;0;1809;
"AERECO GmbH";"";"26030000152114";"PREVISION";"AEA834XX";"";"16/06/2026";"16/06/2026";1;0;1;
"AERECO WENTYLACJA Sp. z.o.o";"NOR";"26030000152153";"PREVISION";"AEA852XX";"";"16/06/2026";"16/06/2026";1440;0;1440;
"AERECO GmbH";"";"26030000152162";"PREVISION";"AEA877XX";"";"16/06/2026";"16/06/2026";1;0;1;
"AERECO GmbH";"NOR";"26030000152184";"PREVISION";"AEA942EX";"";"16/06/2026";"16/06/2026";105;0;105;
"AERECO GmbH";"";"26030000152224";"PREVISION";"AEA967XX";"";"16/06/2026";"16/06/2026";29;0;29;
"AERECO GmbH";"";"26030000152264";"PREVISION";"AEA968XX";"";"16/06/2026";"16/06/2026";6;0;6;
"AERECO GmbH";"NOR";"26030000152321";"PREVISION";"AVE056XX";"";"16/06/2026";"16/06/2026";7;0;7;
"AERECO GmbH";"NOR";"26030000152360";"PREVISION";"AVE057EX";"";"16/06/2026";"16/06/2026";5;0;5;
"AERECO GmbH";"NOR";"26030000152378";"PREVISION";"B3382";"";"16/06/2026";"16/06/2026";5;0;5;
"AERECO GmbH";"";"26030000152418";"PREVISION";"B3651";"";"16/06/2026";"16/06/2026";12;0;12;
"AERECO Ventilation AB";"NOR";"26030000152458";"PREVISION";"B6794";"";"16/06/2026";"16/06/2026";23;0;23;
"AERECO Ventilation AB";"";"26030000152498";"PREVISION";"B6796";"";"16/06/2026";"16/06/2026";13;0;13;
"AERECO GmbH";"NOR";"26030000152534";"PREVISION";"BFE2009GM";"";"16/06/2026";"16/06/2026";1;0;1;
"AERECO GmbH";"NOR";"26030000152551";"PREVISION";"BFE2068GM";"";"16/06/2026";"16/06/2026";4;0;4;
"AERECO GmbH";"NOR";"26030000152609";"PREVISION";"BFX1931GM";"";"16/06/2026";"16/06/2026";46;0;46;
"AERECO GmbH";"";"26030000152646";"PREVISION";"BXC1889EX";"";"16/06/2026";"16/06/2026";3;0;3;
"AERECO GmbH";"NOR";"26030000152711";"PREVISION";"BXC1890GM";"";"16/06/2026";"16/06/2026";288;0;288;
"AERECO GmbH";"NOR";"26030000152739";"PREVISION";"BXC1891EX";"";"16/06/2026";"16/06/2026";14;0;14;
"AERECO WENTYLACJA Sp. z.o.o";"NOR";"26030000152876";"PREVISION";"BXC1899EX";"";"16/06/2026";"16/06/2026";48;0;48;
"AERECO WENTYLACJA Sp. z.o.o";"NOR";"26030000152911";"PREVISION";"BXC1900EX";"";"16/06/2026";"16/06/2026";288;0;288;
"AERECO GmbH";"NOR";"26030000152940";"PREVISION";"BXC1900GM";"";"16/06/2026";"16/06/2026";288;0;288;
"AERECO WENTYLACJA Sp. z.o.o";"NOR";"26030000152957";"PREVISION";"BXC1901EX";"";"16/06/2026";"16/06/2026";9;0;9;
"AERECO GmbH";"NOR";"26030000152988";"PREVISION";"BXC1901GM";"";"16/06/2026";"16/06/2026";25;0;25;
"AERECO WENTYLACJA Sp. z.o.o";"";"26030000153025";"PREVISION";"BXC1902EX";"";"16/06/2026";"16/06/2026";8;0;8;
"AERECO WENTYLACJA Sp. z.o.o";"NOR";"26030000153063";"PREVISION";"BXC1903EX";"";"16/06/2026";"16/06/2026";31;0;31;
"AERECO GmbH";"NOR";"26030000153096";"PREVISION";"BXC1903GM";"";"16/06/2026";"16/06/2026";28;0;28;
"AERECO WENTYLACJA Sp. z.o.o";"NOR";"26030000153130";"PREVISION";"BXC1905EX";"";"16/06/2026";"16/06/2026";12;0;12;
"AERECO GmbH";"NOR";"26030000153157";"PREVISION";"BXC1905GM";"";"16/06/2026";"16/06/2026";2;0;2;
"AERECO WENTYLACJA Sp. z.o.o";"";"26030000153184";"PREVISION";"BXC1906EX";"";"16/06/2026";"16/06/2026";1;0;1;
"AERECO WENTYLACJA Sp. z.o.o";"NOR";"26030000153205";"PREVISION";"BXC1907EX";"";"16/06/2026";"16/06/2026";1152;0;1152;
"AERECO WENTYLACJA Sp. z.o.o";"NOR";"26030000153238";"PREVISION";"BXC1908EX";"";"16/06/2026";"16/06/2026";89;0;89;
"AERECO GmbH";"";"26030000153268";"PREVISION";"BXC1910EX";"";"16/06/2026";"16/06/2026";25;0;25;
"AERECO WENTYLACJA Sp. z.o.o";"";"26030000153301";"PREVISION";"BXC1912EX";"";"16/06/2026";"16/06/2026";4;0;4;
"AERECO WENTYLACJA Sp. z.o.o";"NOR";"26030000153334";"PREVISION";"BXC1915EX";"";"16/06/2026";"16/06/2026";13;0;13;
"AERECO GmbH";"NOR";"26030000153362";"PREVISION";"BXC1922GM";"";"16/06/2026";"16/06/2026";25;0;25;
"AERECO GmbH";"NOR";"26030000153397";"PREVISION";"BXC1923GM";"";"16/06/2026";"16/06/2026";12;0;12;
"AERECO GmbH";"NOR";"26030000153428";"PREVISION";"BXC1924GM";"";"16/06/2026";"16/06/2026";12;0;12;
"AERECO GmbH";"NOR";"26030000153463";"PREVISION";"BXC1925GM";"";"16/06/2026";"16/06/2026";38;0;38;
"AERECO GmbH";"NOR";"26030000153502";"PREVISION";"BXC2138GM";"";"16/06/2026";"16/06/2026";31;0;31;
"AERECO GmbH";"";"26030000153539";"PREVISION";"BXC2139GM";"";"16/06/2026";"16/06/2026";18;0;18;
"AERECO GmbH";"NOR";"26030000153574";"PREVISION";"BXC2142GM";"";"16/06/2026";"16/06/2026";1;0;1;
"AERECO GmbH";"NOR";"26030000153652";"PREVISION";"BXE2053GM";"";"16/06/2026";"16/06/2026";9;0;9;
"AERECO GmbH";"NOR";"26030000153683";"PREVISION";"BXE2055GM";"";"16/06/2026";"16/06/2026";1;0;1;
"AERECO GmbH";"NOR";"26030000153748";"PREVISION";"BXE2065GM";"";"16/06/2026";"16/06/2026";2;0;2;
"AERECO GmbH";"NOR";"26030000153796";"PREVISION";"BXE2066GM";"";"16/06/2026";"16/06/2026";1;0;1;
"AERECO GmbH";"NOR";"26030000153878";"PREVISION";"BXE2073GM";"";"16/06/2026";"16/06/2026";1;0;1;
"AERECO GmbH";"NOR";"26030000153935";"PREVISION";"BXE2077GM";"";"16/06/2026";"16/06/2026";9;0;9;
"AERECO GmbH";"NOR";"26030000154011";"PREVISION";"BXE2078GM";"";"16/06/2026";"16/06/2026";13;0;13;
"AERECO GmbH";"NOR";"26030000154043";"PREVISION";"BXE2079GM";"";"16/06/2026";"16/06/2026";14;0;14;
"AERECO GmbH";"NOR";"26030000154079";"PREVISION";"BXE2080GM";"";"16/06/2026";"16/06/2026";2;0;2;
"AERECO GmbH";"NOR";"26030000154116";"PREVISION";"BXE2189GM";"";"16/06/2026";"16/06/2026";1;0;1;
"AERECO GmbH";"NOR";"26030000154137";"PREVISION";"BXE2192GM";"";"16/06/2026";"16/06/2026";1;0;1;
"AERECO GmbH";"";"26030000154163";"PREVISION";"BXE2194GM";"";"16/06/2026";"16/06/2026";1;0;1;
"AERECO GmbH";"NOR";"26030000154189";"PREVISION";"BXE2201GM";"";"16/06/2026";"16/06/2026";1;0;1;
"AERECO GmbH";"NOR";"26030000154212";"PREVISION";"BXE2202GM";"";"16/06/2026";"16/06/2026";4;0;4;
"AERECO GmbH";"NOR";"26030000154256";"PREVISION";"C1339";"";"16/06/2026";"16/06/2026";39;0;39;
"AERECO GmbH";"";"26030000154305";"PREVISION";"EAF309EX";"";"16/06/2026";"16/06/2026";47;0;47;
"AERECO GmbH";"";"26030000154435";"PREVISION";"EAF323EX";"";"16/06/2026";"16/06/2026";48;0;48;
"AERECO GmbH";"";"26030000154471";"PREVISION";"EAR1245EX";"";"16/06/2026";"16/06/2026";18;0;18;
"AERECO GmbH";"NOR";"26030000154563";"PREVISION";"EAR2018GM";"";"16/06/2026";"16/06/2026";94;0;94;
"OOO VIVA LOGISTICS";"NOR";"26030000154616";"PREVISION";"EAR201EX";"";"16/06/2026";"16/06/2026";648;0;648;
"AERECO WENTYLACJA Sp. z.o.o";"NOR";"26030000154652";"PREVISION";"EAR201PO";"";"16/06/2026";"16/06/2026";648;0;648;
"AERECO GmbH";"";"26030000154770";"PREVISION";"EAR206GM";"";"16/06/2026";"16/06/2026";576;0;576;
"AERECO WENTYLACJA Sp. z.o.o";"NOR";"26030000154786";"PREVISION";"EAR206PO";"";"16/06/2026";"16/06/2026";1152;0;1152;
"AERECO GmbH";"NOR";"26030000154819";"PREVISION";"EAR282GM";"";"16/06/2026";"16/06/2026";576;0;576;
"AERECO WENTYLACJA Sp. z.o.o";"NOR";"26030000154919";"PREVISION";"EFR174XX";"";"16/06/2026";"16/06/2026";8;0;8;
"AERECO GmbH";"NOR";"26030000154997";"PREVISION";"EHM1275GM";"";"16/06/2026";"16/06/2026";88;0;88;
"AERECO WENTYLACJA Sp. z.o.o";"";"26030000155036";"PREVISION";"EHM1276EX";"";"16/06/2026";"16/06/2026";74;0;74;
"AERECO GmbH";"NOR";"26030000155071";"PREVISION";"EHM1276GM";"";"16/06/2026";"16/06/2026";51;0;51;
"AERECO GmbH";"";"26030000155195";"PREVISION";"EHP1198GM";"";"16/06/2026";"16/06/2026";71;0;71;
"AERECO GmbH";"NOR";"26030000155263";"PREVISION";"EHP1219GM";"";"16/06/2026";"16/06/2026";47;0;47;
"AERECO GmbH";"";"26030000155297";"PREVISION";"EHP1222EX";"";"16/06/2026";"16/06/2026";3;0;3;
"AERECO GmbH";"";"26030000155343";"PREVISION";"EHP1875GM";"";"16/06/2026";"16/06/2026";1080;0;1080;
"ALDES S.p.A.";"";"26030000155363";"PREVISION";"EHT780EX";"";"16/06/2026";"16/06/2026";47;0;47;
"AERECO GmbH";"NOR";"26030000155394";"PREVISION";"EHT780GM";"";"16/06/2026";"16/06/2026";78;0;78;
"ALDES S.p.A.";"";"26030000155446";"PREVISION";"EHT969EX";"";"16/06/2026";"16/06/2026";3;0;3;
"AERECO WENTYLACJA Sp. z.o.o";"NOR";"26030000155501";"PREVISION";"EMM707PO";"";"16/06/2026";"16/06/2026";864;0;864;
"AERECO WENTYLACJA Sp. z.o.o";"NOR";"26030000155546";"PREVISION";"EMM716PO";"";"16/06/2026";"16/06/2026";1080;0;1080;
"AERECO Ventilation AB";"";"26030000155628";"PREVISION";"ETF1865EX";"";"16/06/2026";"16/06/2026";2;0;2;
"AERECO Ventilation AB";"NOR";"26030000155663";"PREVISION";"ETH1853EX";"";"16/06/2026";"16/06/2026";81;0;81;
"AERECO GmbH";"";"26030000155762";"PREVISION";"ETH2104GM";"";"16/06/2026";"16/06/2026";225;0;225;
"AERECO GmbH";"NOR";"26030000155820";"PREVISION";"FBE1089GM";"";"16/06/2026";"16/06/2026";236;0;236;
"AERECO GmbH";"";"26030000155875";"PREVISION";"G2H1064EX";"";"16/06/2026";"16/06/2026";9;0;9;
"AERECO GmbH";"NOR";"26030000155916";"PREVISION";"K3168";"";"16/06/2026";"16/06/2026";151;0;151;
"AERECO GmbH";"NOR";"26030000155955";"PREVISION";"K3338";"";"16/06/2026";"16/06/2026";93;0;93;
"AERECO GmbH";"";"26030000155994";"PREVISION";"SE3203";"";"16/06/2026";"16/06/2026";21;0;21;
"AERECO WENTYLACJA Sp. z.o.o";"NOR";"26030000156032";"PREVISION";"V2A032EX";"";"16/06/2026";"16/06/2026";5;0;5;
"AERECO GmbH";"";"26030000156059";"PREVISION";"V2A032GM";"";"16/06/2026";"16/06/2026";3;0;3;
"AERECO WENTYLACJA Sp. z.o.o";"";"26030000156180";"PREVISION";"VAM767EX";"";"16/06/2026";"16/06/2026";7;0;7;
"AERECO WENTYLACJA Sp. z.o.o";"";"26030000156199";"PREVISION";"VB42165EX";"";"16/06/2026";"16/06/2026";5;0;5;
"AERECO GmbH";"";"26030000156212";"PREVISION";"VBP2173EX";"";"16/06/2026";"16/06/2026";1;0;1;
"AERECO GmbH";"NOR";"AR2503297";"COMMANDE";"EHT780GM";"";"10/10/2025";"17/06/2026";540;0;540;
"AERECO WENTYLACJA Sp. z.o.o";"NOR";"26030000110196";"PREVISION";"11011516";"";"22/06/2026";"22/06/2026";720;0;720;
"AERECO WENTYLACJA Sp. z.o.o";"MTS";"26030000111888";"PREVISION";"11016308";"";"22/06/2026";"22/06/2026";1200;0;1200;
"AERECO WENTYLACJA Sp. z.o.o";"MTS";"26030000111916";"PREVISION";"11016309";"";"22/06/2026";"22/06/2026";720;0;720;
"AERECO WENTYLACJA Sp. z.o.o";"NOR";"26030000111954";"PREVISION";"11016310";"";"22/06/2026";"22/06/2026";480;0;480;
"AERECO WENTYLACJA Sp. z.o.o";"MTS";"26030000111981";"PREVISION";"11016312";"";"22/06/2026";"22/06/2026";300;0;300;
"AERECO WENTYLACJA Sp. z.o.o";"NOR";"26030000150668";"PREVISION";"11016310";"";"23/06/2026";"23/06/2026";576;0;576;
"AERECO WENTYLACJA Sp. z.o.o";"NOR";"26030000150686";"PREVISION";"11819090";"";"23/06/2026";"23/06/2026";180;0;180;
"AERECO WENTYLACJA Sp. z.o.o";"NOR";"26030000150706";"PREVISION";"11819091";"";"23/06/2026";"23/06/2026";720;0;720;
"AERECO WENTYLACJA Sp. z.o.o";"";"26030000150733";"PREVISION";"A3764B01";"";"23/06/2026";"23/06/2026";175;0;175;
"AERECO GmbH";"";"26030000150765";"PREVISION";"A3772E";"";"23/06/2026";"23/06/2026";186;0;186;
"AERECO GmbH";"";"26030000150801";"PREVISION";"A4260";"";"23/06/2026";"23/06/2026";21;0;21;
"AERECO GmbH";"NOR";"26030000150837";"PREVISION";"A4581E01";"";"23/06/2026";"23/06/2026";20;0;20;
"AERECO GmbH";"";"26030000150868";"PREVISION";"A5650E01";"";"23/06/2026";"23/06/2026";3;0;3;
"AERECO GmbH";"NOR";"26030000150911";"PREVISION";"AEA064XX";"";"23/06/2026";"23/06/2026";159;0;159;
"AERECO GmbH";"NOR";"26030000150920";"PREVISION";"AEA086XX";"";"23/06/2026";"23/06/2026";1;0;1;
"AERECO WENTYLACJA Sp. z.o.o";"";"26030000150942";"PREVISION";"AEA098XX";"";"23/06/2026";"23/06/2026";113;0;113;
"AERECO GmbH";"NOR";"26030000151003";"PREVISION";"AEA1151XX";"";"23/06/2026";"23/06/2026";1080;0;1080;
"AERECO GmbH";"NOR";"26030000151024";"PREVISION";"AEA1152XX";"";"23/06/2026";"23/06/2026";1080;0;1080;
"AERECO WENTYLACJA Sp. z.o.o";"NOR";"26030000151042";"PREVISION";"AEA1201XX";"";"23/06/2026";"23/06/2026";9;0;9;
"AERECO GmbH";"NOR";"26030000151058";"PREVISION";"AEA1216GM";"";"23/06/2026";"23/06/2026";63;0;63;
"AERECO GmbH";"NOR";"26030000151093";"PREVISION";"AEA1217GM";"";"23/06/2026";"23/06/2026";78;0;78;
"AERECO GmbH";"NOR";"26030000151161";"PREVISION";"AEA1241XX";"";"23/06/2026";"23/06/2026";1809;0;1809;
"AERECO WENTYLACJA Sp. z.o.o";"NOR";"26030000151223";"PREVISION";"AEA1243XX";"";"23/06/2026";"23/06/2026";1440;0;1440;
"AERECO GmbH";"";"26030000151247";"PREVISION";"AEA1335EX";"";"23/06/2026";"23/06/2026";5;0;5;
"AERECO GmbH";"";"26030000151286";"PREVISION";"AEA1339EX";"";"23/06/2026";"23/06/2026";26;0;26;
"AERECO GmbH";"";"26030000151317";"PREVISION";"AEA1426XX";"";"23/06/2026";"23/06/2026";10;0;10;
"AERECO GmbH";"NOR";"26030000151357";"PREVISION";"AEA1429XX";"";"23/06/2026";"23/06/2026";21;0;21;
"AERECO GmbH";"";"26030000151389";"PREVISION";"AEA156XX";"";"23/06/2026";"23/06/2026";403;0;403;
"AERECO GmbH";"";"26030000151407";"PREVISION";"AEA157XX";"";"23/06/2026";"23/06/2026";2;0;2;
"AERECO GmbH";"";"26030000151434";"PREVISION";"AEA1954XX";"";"23/06/2026";"23/06/2026";13;0;13;
"AERECO Ventilation AB";"";"26030000151474";"PREVISION";"AEA1955XX";"";"23/06/2026";"23/06/2026";12;0;12;
"AERECO Ventilation AB";"";"26030000151510";"PREVISION";"AEA1958XX";"";"23/06/2026";"23/06/2026";53;0;53;
"AERECO GmbH";"NOR";"26030000151550";"PREVISION";"AEA1992XX";"";"23/06/2026";"23/06/2026";126;0;126;
"AERECO GmbH";"";"26030000151657";"PREVISION";"AEA2115XX";"";"23/06/2026";"23/06/2026";69;0;69;
"AERECO GmbH";"NOR";"26030000151697";"PREVISION";"AEA301XX";"";"23/06/2026";"23/06/2026";113;0;113;
"AERECO GmbH";"";"26030000151749";"PREVISION";"AEA400GM";"";"23/06/2026";"23/06/2026";3;0;3;
"AERECO GmbH";"";"26030000151789";"PREVISION";"AEA453XX";"";"23/06/2026";"23/06/2026";38;0;38;
"AERECO GmbH";"NOR";"26030000151859";"PREVISION";"AEA731XX";"";"23/06/2026";"23/06/2026";1809;0;1809;
"AERECO GmbH";"NOR";"26030000151885";"PREVISION";"AEA733XX";"";"23/06/2026";"23/06/2026";453;0;453;
"AERECO GmbH";"NOR";"26030000151919";"PREVISION";"AEA775XX";"";"23/06/2026";"23/06/2026";110;0;110;
"AERECO GmbH";"";"26030000151952";"PREVISION";"AEA776XX";"";"23/06/2026";"23/06/2026";4;0;4;
"AERECO GmbH";"";"26030000151988";"PREVISION";"AEA778XX";"";"23/06/2026";"23/06/2026";54;0;54;
"AERECO GmbH";"";"26030000152023";"PREVISION";"AEA808XX";"";"23/06/2026";"23/06/2026";1;0;1;
"AERECO GmbH";"NOR";"26030000152057";"PREVISION";"AEA809XX";"";"23/06/2026";"23/06/2026";16;0;16;
"AERECO GmbH";"";"26030000152115";"PREVISION";"AEA834XX";"";"23/06/2026";"23/06/2026";1;0;1;
"AERECO GmbH";"NOR";"26030000152141";"PREVISION";"AEA851XX";"";"23/06/2026";"23/06/2026";720;0;720;
"AERECO GmbH";"";"26030000152163";"PREVISION";"AEA877XX";"";"23/06/2026";"23/06/2026";1;0;1;
"AERECO GmbH";"NOR";"26030000152185";"PREVISION";"AEA942EX";"";"23/06/2026";"23/06/2026";105;0;105;
"AERECO GmbH";"";"26030000152225";"PREVISION";"AEA967XX";"";"23/06/2026";"23/06/2026";29;0;29;
"AERECO GmbH";"";"26030000152265";"PREVISION";"AEA968XX";"";"23/06/2026";"23/06/2026";6;0;6;
"AERECO GmbH";"NOR";"26030000152322";"PREVISION";"AVE056XX";"";"23/06/2026";"23/06/2026";7;0;7;
"AERECO GmbH";"NOR";"26030000152361";"PREVISION";"AVE057EX";"";"23/06/2026";"23/06/2026";5;0;5;
"AERECO GmbH";"NOR";"26030000152379";"PREVISION";"B3382";"";"23/06/2026";"23/06/2026";5;0;5;
"AERECO GmbH";"";"26030000152419";"PREVISION";"B3651";"";"23/06/2026";"23/06/2026";12;0;12;
"AERECO Ventilation AB";"NOR";"26030000152459";"PREVISION";"B6794";"";"23/06/2026";"23/06/2026";23;0;23;
"AERECO Ventilation AB";"";"26030000152499";"PREVISION";"B6796";"";"23/06/2026";"23/06/2026";13;0;13;
"AERECO GmbH";"NOR";"26030000152535";"PREVISION";"BFE2009GM";"";"23/06/2026";"23/06/2026";1;0;1;
"AERECO GmbH";"NOR";"26030000152552";"PREVISION";"BFE2068GM";"";"23/06/2026";"23/06/2026";4;0;4;
"AERECO GmbH";"NOR";"26030000152610";"PREVISION";"BFX1931GM";"";"23/06/2026";"23/06/2026";46;0;46;
"AERECO GmbH";"";"26030000152647";"PREVISION";"BXC1889EX";"";"23/06/2026";"23/06/2026";3;0;3;
"AERECO GmbH";"NOR";"26030000152740";"PREVISION";"BXC1891EX";"";"23/06/2026";"23/06/2026";14;0;14;
"AERECO GmbH";"NOR";"26030000152806";"PREVISION";"BXC1893GM";"";"23/06/2026";"23/06/2026";288;0;288;
"AERECO WENTYLACJA Sp. z.o.o";"NOR";"26030000152877";"PREVISION";"BXC1899EX";"";"23/06/2026";"23/06/2026";48;0;48;
"AERECO WENTYLACJA Sp. z.o.o";"NOR";"26030000152912";"PREVISION";"BXC1900EX";"";"23/06/2026";"23/06/2026";288;0;288;
"AERECO WENTYLACJA Sp. z.o.o";"NOR";"26030000152958";"PREVISION";"BXC1901EX";"";"23/06/2026";"23/06/2026";9;0;9;
"AERECO GmbH";"NOR";"26030000152989";"PREVISION";"BXC1901GM";"";"23/06/2026";"23/06/2026";25;0;25;
"AERECO WENTYLACJA Sp. z.o.o";"";"26030000153026";"PREVISION";"BXC1902EX";"";"23/06/2026";"23/06/2026";8;0;8;
"AERECO WENTYLACJA Sp. z.o.o";"NOR";"26030000153064";"PREVISION";"BXC1903EX";"";"23/06/2026";"23/06/2026";31;0;31;
"AERECO GmbH";"NOR";"26030000153097";"PREVISION";"BXC1903GM";"";"23/06/2026";"23/06/2026";28;0;28;
"AERECO WENTYLACJA Sp. z.o.o";"NOR";"26030000153131";"PREVISION";"BXC1905EX";"";"23/06/2026";"23/06/2026";12;0;12;
"AERECO GmbH";"NOR";"26030000153158";"PREVISION";"BXC1905GM";"";"23/06/2026";"23/06/2026";2;0;2;
"AERECO WENTYLACJA Sp. z.o.o";"";"26030000153185";"PREVISION";"BXC1906EX";"";"23/06/2026";"23/06/2026";1;0;1;
"AERECO WENTYLACJA Sp. z.o.o";"NOR";"26030000153206";"PREVISION";"BXC1907EX";"";"23/06/2026";"23/06/2026";1152;0;1152;
"AERECO WENTYLACJA Sp. z.o.o";"NOR";"26030000153239";"PREVISION";"BXC1908EX";"";"23/06/2026";"23/06/2026";89;0;89;
"AERECO GmbH";"";"26030000153269";"PREVISION";"BXC1910EX";"";"23/06/2026";"23/06/2026";25;0;25;
"AERECO WENTYLACJA Sp. z.o.o";"";"26030000153302";"PREVISION";"BXC1912EX";"";"23/06/2026";"23/06/2026";4;0;4;
"AERECO WENTYLACJA Sp. z.o.o";"NOR";"26030000153335";"PREVISION";"BXC1915EX";"";"23/06/2026";"23/06/2026";13;0;13;
"AERECO GmbH";"NOR";"26030000153363";"PREVISION";"BXC1922GM";"";"23/06/2026";"23/06/2026";25;0;25;
"AERECO GmbH";"NOR";"26030000153398";"PREVISION";"BXC1923GM";"";"23/06/2026";"23/06/2026";12;0;12;
"AERECO GmbH";"NOR";"26030000153429";"PREVISION";"BXC1924GM";"";"23/06/2026";"23/06/2026";12;0;12;
"AERECO GmbH";"NOR";"26030000153464";"PREVISION";"BXC1925GM";"";"23/06/2026";"23/06/2026";38;0;38;
"AERECO GmbH";"NOR";"26030000153503";"PREVISION";"BXC2138GM";"";"23/06/2026";"23/06/2026";31;0;31;
"AERECO GmbH";"";"26030000153540";"PREVISION";"BXC2139GM";"";"23/06/2026";"23/06/2026";18;0;18;
"AERECO GmbH";"NOR";"26030000153575";"PREVISION";"BXC2142GM";"";"23/06/2026";"23/06/2026";1;0;1;
"AERECO GmbH";"NOR";"26030000153653";"PREVISION";"BXE2053GM";"";"23/06/2026";"23/06/2026";9;0;9;
"AERECO GmbH";"NOR";"26030000153684";"PREVISION";"BXE2055GM";"";"23/06/2026";"23/06/2026";1;0;1;
"AERECO GmbH";"NOR";"26030000153749";"PREVISION";"BXE2065GM";"";"23/06/2026";"23/06/2026";2;0;2;
"AERECO GmbH";"NOR";"26030000153797";"PREVISION";"BXE2066GM";"";"23/06/2026";"23/06/2026";1;0;1;
"AERECO GmbH";"NOR";"26030000153879";"PREVISION";"BXE2073GM";"";"23/06/2026";"23/06/2026";1;0;1;
"AERECO GmbH";"NOR";"26030000153936";"PREVISION";"BXE2077GM";"";"23/06/2026";"23/06/2026";9;0;9;
"AERECO GmbH";"NOR";"26030000154012";"PREVISION";"BXE2078GM";"";"23/06/2026";"23/06/2026";13;0;13;
"AERECO GmbH";"NOR";"26030000154044";"PREVISION";"BXE2079GM";"";"23/06/2026";"23/06/2026";14;0;14;
"AERECO GmbH";"NOR";"26030000154080";"PREVISION";"BXE2080GM";"";"23/06/2026";"23/06/2026";2;0;2;
"AERECO GmbH";"NOR";"26030000154117";"PREVISION";"BXE2189GM";"";"23/06/2026";"23/06/2026";1;0;1;
"AERECO GmbH";"NOR";"26030000154138";"PREVISION";"BXE2192GM";"";"23/06/2026";"23/06/2026";1;0;1;
"AERECO GmbH";"";"26030000154164";"PREVISION";"BXE2194GM";"";"23/06/2026";"23/06/2026";1;0;1;
"AERECO GmbH";"NOR";"26030000154190";"PREVISION";"BXE2201GM";"";"23/06/2026";"23/06/2026";1;0;1;
"AERECO GmbH";"NOR";"26030000154213";"PREVISION";"BXE2202GM";"";"23/06/2026";"23/06/2026";4;0;4;
"AERECO WENTYLACJA Sp. z.o.o";"NOR";"26030000154246";"PREVISION";"BXL888PO";"";"23/06/2026";"23/06/2026";576;0;576;
"AERECO GmbH";"NOR";"26030000154257";"PREVISION";"C1339";"";"23/06/2026";"23/06/2026";39;0;39;
"AERECO GmbH";"";"26030000154306";"PREVISION";"EAF309EX";"";"23/06/2026";"23/06/2026";47;0;47;
"AERECO GmbH";"";"26030000154436";"PREVISION";"EAF323EX";"";"23/06/2026";"23/06/2026";48;0;48;
"AERECO GmbH";"";"26030000154472";"PREVISION";"EAR1245EX";"";"23/06/2026";"23/06/2026";18;0;18;
"AERECO GmbH";"NOR";"26030000154548";"PREVISION";"EAR200GM";"";"23/06/2026";"23/06/2026";720;0;720;
"AERECO GmbH";"NOR";"26030000154564";"PREVISION";"EAR2018GM";"";"23/06/2026";"23/06/2026";94;0;94;
"OOO VIVA LOGISTICS";"NOR";"26030000154617";"PREVISION";"EAR201EX";"";"23/06/2026";"23/06/2026";648;0;648;
"AERECO WENTYLACJA Sp. z.o.o";"NOR";"26030000154653";"PREVISION";"EAR201PO";"";"23/06/2026";"23/06/2026";648;0;648;
"AERECO WENTYLACJA Sp. z.o.o";"NOR";"26030000154787";"PREVISION";"EAR206PO";"";"23/06/2026";"23/06/2026";576;0;576;
"AERECO WENTYLACJA Sp. z.o.o";"NOR";"26030000154920";"PREVISION";"EFR174XX";"";"23/06/2026";"23/06/2026";8;0;8;
"AERECO GmbH";"NOR";"26030000154998";"PREVISION";"EHM1275GM";"";"23/06/2026";"23/06/2026";88;0;88;
"AERECO WENTYLACJA Sp. z.o.o";"";"26030000155037";"PREVISION";"EHM1276EX";"";"23/06/2026";"23/06/2026";74;0;74;
"AERECO GmbH";"NOR";"26030000155072";"PREVISION";"EHM1276GM";"";"23/06/2026";"23/06/2026";51;0;51;
"AERECO GmbH";"";"26030000155196";"PREVISION";"EHP1198GM";"";"23/06/2026";"23/06/2026";71;0;71;
"AERECO GmbH";"NOR";"26030000155264";"PREVISION";"EHP1219GM";"";"23/06/2026";"23/06/2026";47;0;47;
"AERECO GmbH";"";"26030000155298";"PREVISION";"EHP1222EX";"";"23/06/2026";"23/06/2026";3;0;3;
"AERECO GmbH";"NOR";"26030000155328";"PREVISION";"EHP1874GM";"";"23/06/2026";"23/06/2026";1080;0;1080;
"ALDES S.p.A.";"";"26030000155364";"PREVISION";"EHT780EX";"";"23/06/2026";"23/06/2026";47;0;47;
"AERECO GmbH";"NOR";"26030000155395";"PREVISION";"EHT780GM";"";"23/06/2026";"23/06/2026";78;0;78;
"AERECO WENTYLACJA Sp. z.o.o";"NOR";"26030000155429";"PREVISION";"EHT780PO";"";"23/06/2026";"23/06/2026";720;0;720;
"ALDES S.p.A.";"";"26030000155447";"PREVISION";"EHT969EX";"";"23/06/2026";"23/06/2026";3;0;3;
"AERECO WENTYLACJA Sp. z.o.o";"NOR";"26030000155502";"PREVISION";"EMM707PO";"";"23/06/2026";"23/06/2026";864;0;864;
"AERECO WENTYLACJA Sp. z.o.o";"NOR";"26030000155547";"PREVISION";"EMM716PO";"";"23/06/2026";"23/06/2026";1080;0;1080;
"AERECO Ventilation AB";"";"26030000155629";"PREVISION";"ETF1865EX";"";"23/06/2026";"23/06/2026";2;0;2;
"AERECO Ventilation AB";"NOR";"26030000155664";"PREVISION";"ETH1853EX";"";"23/06/2026";"23/06/2026";81;0;81;
"AERECO GmbH";"";"26030000155763";"PREVISION";"ETH2104GM";"";"23/06/2026";"23/06/2026";225;0;225;
"AERECO GmbH";"";"26030000155876";"PREVISION";"G2H1064EX";"";"23/06/2026";"23/06/2026";9;0;9;
"AERECO GmbH";"NOR";"26030000155917";"PREVISION";"K3168";"";"23/06/2026";"23/06/2026";151;0;151;
"AERECO GmbH";"NOR";"26030000155956";"PREVISION";"K3338";"";"23/06/2026";"23/06/2026";93;0;93;
"AERECO GmbH";"";"26030000155995";"PREVISION";"SE3203";"";"23/06/2026";"23/06/2026";21;0;21;
"AERECO WENTYLACJA Sp. z.o.o";"NOR";"26030000156033";"PREVISION";"V2A032EX";"";"23/06/2026";"23/06/2026";5;0;5;
"AERECO GmbH";"";"26030000156060";"PREVISION";"V2A032GM";"";"23/06/2026";"23/06/2026";3;0;3;
"AERECO WENTYLACJA Sp. z.o.o";"";"26030000156181";"PREVISION";"VAM767EX";"";"23/06/2026";"23/06/2026";7;0;7;
"AERECO WENTYLACJA Sp. z.o.o";"";"26030000156200";"PREVISION";"VB42165EX";"";"23/06/2026";"23/06/2026";5;0;5;
"AERECO GmbH";"";"26030000156213";"PREVISION";"VBP2173EX";"";"23/06/2026";"23/06/2026";1;0;1;
"AERECO GmbH";"NOR";"AR2601360";"COMMANDE";"BXE2073GM";"";"12/03/2026";"24/06/2026";210;0;210;
"AERECO GmbH";"NOR";"AR2601360";"COMMANDE";"BXE2189GM";"";"12/03/2026";"24/06/2026";210;0;210;
"AERECO GmbH";"NOR";"AR2601360";"COMMANDE";"BXE2190GM";"";"12/03/2026";"24/06/2026";216;0;216;
"AERECO GmbH";"NOR";"AR2601360";"COMMANDE";"BXE2191GM";"";"12/03/2026";"24/06/2026";210;0;210;
"AERECO GmbH";"NOR";"AR2601360";"COMMANDE";"BXE2192GM";"";"12/03/2026";"24/06/2026";216;0;216;
"AERECO WENTYLACJA Sp. z.o.o";"NOR";"26030000111955";"PREVISION";"11016310";"";"29/06/2026";"29/06/2026";480;0;480;
"AERECO WENTYLACJA Sp. z.o.o";"MTS";"26030000111982";"PREVISION";"11016312";"";"29/06/2026";"29/06/2026";300;0;300;
"AERECO WENTYLACJA Sp. z.o.o";"NOR";"26030000150707";"PREVISION";"11819091";"";"30/06/2026";"30/06/2026";720;0;720;
"AERECO WENTYLACJA Sp. z.o.o";"";"26030000150744";"PREVISION";"A3764W01";"";"30/06/2026";"30/06/2026";316;0;316;
"AERECO GmbH";"";"26030000150766";"PREVISION";"A3772E";"";"30/06/2026";"30/06/2026";156;0;156;
"AERECO GmbH";"";"26030000150802";"PREVISION";"A4260";"";"30/06/2026";"30/06/2026";27;0;27;
"AERECO GmbH";"NOR";"26030000150838";"PREVISION";"A4581E01";"";"30/06/2026";"30/06/2026";18;0;18;
"AERECO GmbH";"";"26030000150869";"PREVISION";"A5650E01";"";"30/06/2026";"30/06/2026";3;0;3;
"AERECO GmbH";"NOR";"26030000150921";"PREVISION";"AEA086XX";"";"30/06/2026";"30/06/2026";1;0;1;
"AERECO WENTYLACJA Sp. z.o.o";"";"26030000150943";"PREVISION";"AEA098XX";"";"30/06/2026";"30/06/2026";121;0;121;
"AERECO GmbH";"NOR";"26030000150994";"PREVISION";"AEA1150XX";"";"30/06/2026";"30/06/2026";1080;0;1080;
"AERECO GmbH";"NOR";"26030000151004";"PREVISION";"AEA1151XX";"";"30/06/2026";"30/06/2026";1080;0;1080;
"AERECO GmbH";"NOR";"26030000151025";"PREVISION";"AEA1152XX";"";"30/06/2026";"30/06/2026";1080;0;1080;
"AERECO GmbH";"NOR";"26030000151059";"PREVISION";"AEA1216GM";"";"30/06/2026";"30/06/2026";55;0;55;
"AERECO GmbH";"NOR";"26030000151094";"PREVISION";"AEA1217GM";"";"30/06/2026";"30/06/2026";69;0;69;
"AERECO GmbH";"NOR";"26030000151162";"PREVISION";"AEA1241XX";"";"30/06/2026";"30/06/2026";1809;0;1809;
"AERECO WENTYLACJA Sp. z.o.o";"NOR";"26030000151189";"PREVISION";"AEA1242XX";"";"30/06/2026";"30/06/2026";36;0;36;
"AERECO WENTYLACJA Sp. z.o.o";"NOR";"26030000151224";"PREVISION";"AEA1243XX";"";"30/06/2026";"30/06/2026";1440;0;1440;
"AERECO GmbH";"";"26030000151248";"PREVISION";"AEA1335EX";"";"30/06/2026";"30/06/2026";5;0;5;
"AERECO GmbH";"";"26030000151287";"PREVISION";"AEA1339EX";"";"30/06/2026";"30/06/2026";25;0;25;
"AERECO GmbH";"";"26030000151318";"PREVISION";"AEA1426XX";"";"30/06/2026";"30/06/2026";9;0;9;
"AERECO GmbH";"NOR";"26030000151358";"PREVISION";"AEA1429XX";"";"30/06/2026";"30/06/2026";18;0;18;
"AERECO GmbH";"";"26030000151390";"PREVISION";"AEA156XX";"";"30/06/2026";"30/06/2026";1;0;1;
"AERECO GmbH";"";"26030000151408";"PREVISION";"AEA157XX";"";"30/06/2026";"30/06/2026";2;0;2;
"AERECO GmbH";"";"26030000151435";"PREVISION";"AEA1954XX";"";"30/06/2026";"30/06/2026";14;0;14;
"AERECO Ventilation AB";"";"26030000151475";"PREVISION";"AEA1955XX";"";"30/06/2026";"30/06/2026";13;0;13;
"AERECO Ventilation AB";"";"26030000151511";"PREVISION";"AEA1958XX";"";"30/06/2026";"30/06/2026";57;0;57;
"AERECO GmbH";"NOR";"26030000151551";"PREVISION";"AEA1992XX";"";"30/06/2026";"30/06/2026";134;0;134;
"AERECO GmbH";"";"26030000151658";"PREVISION";"AEA2115XX";"";"30/06/2026";"30/06/2026";61;0;61;
"AERECO GmbH";"NOR";"26030000151698";"PREVISION";"AEA301XX";"";"30/06/2026";"30/06/2026";116;0;116;
"AERECO GmbH";"";"26030000151750";"PREVISION";"AEA400GM";"";"30/06/2026";"30/06/2026";2;0;2;
"AERECO GmbH";"";"26030000151790";"PREVISION";"AEA453XX";"";"30/06/2026";"30/06/2026";35;0;35;
"AERECO GmbH";"NOR";"26030000151860";"PREVISION";"AEA731XX";"";"30/06/2026";"30/06/2026";1809;0;1809;
"AERECO GmbH";"NOR";"26030000151920";"PREVISION";"AEA775XX";"";"30/06/2026";"30/06/2026";88;0;88;
"AERECO GmbH";"";"26030000151953";"PREVISION";"AEA776XX";"";"30/06/2026";"30/06/2026";5;0;5;
"AERECO GmbH";"";"26030000151989";"PREVISION";"AEA778XX";"";"30/06/2026";"30/06/2026";57;0;57;
"AERECO GmbH";"";"26030000152024";"PREVISION";"AEA808XX";"";"30/06/2026";"30/06/2026";1;0;1;
"AERECO GmbH";"NOR";"26030000152058";"PREVISION";"AEA809XX";"";"30/06/2026";"30/06/2026";17;0;17;
"AERECO GmbH";"NOR";"26030000152100";"PREVISION";"AEA833XX";"";"30/06/2026";"30/06/2026";1440;0;1440;
"AERECO GmbH";"";"26030000152116";"PREVISION";"AEA834XX";"";"30/06/2026";"30/06/2026";1;0;1;
"AERECO GmbH";"";"26030000152164";"PREVISION";"AEA877XX";"";"30/06/2026";"30/06/2026";2;0;2;
"AERECO GmbH";"NOR";"26030000152186";"PREVISION";"AEA942EX";"";"30/06/2026";"30/06/2026";92;0;92;
"AERECO GmbH";"";"26030000152226";"PREVISION";"AEA967XX";"";"30/06/2026";"30/06/2026";31;0;31;
"AERECO GmbH";"";"26030000152266";"PREVISION";"AEA968XX";"";"30/06/2026";"30/06/2026";7;0;7;
"AERECO GmbH";"NOR";"26030000152305";"PREVISION";"AVE055XX";"";"30/06/2026";"30/06/2026";1200;0;1200;
"AERECO GmbH";"NOR";"26030000152323";"PREVISION";"AVE056XX";"";"30/06/2026";"30/06/2026";7;0;7;
"AERECO WENTYLACJA Sp. z.o.o";"NOR";"26030000152366";"PREVISION";"AVE1267EX";"";"30/06/2026";"30/06/2026";4;0;4;
"AERECO GmbH";"NOR";"26030000152380";"PREVISION";"B3382";"";"30/06/2026";"30/06/2026";4;0;4;
"AERECO GmbH";"";"26030000152420";"PREVISION";"B3651";"";"30/06/2026";"30/06/2026";13;0;13;
"AERECO Ventilation AB";"NOR";"26030000152460";"PREVISION";"B6794";"";"30/06/2026";"30/06/2026";25;0;25;
"AERECO Ventilation AB";"";"26030000152500";"PREVISION";"B6796";"";"30/06/2026";"30/06/2026";14;0;14;
"AERECO GmbH";"NOR";"26030000152553";"PREVISION";"BFE2068GM";"";"30/06/2026";"30/06/2026";4;0;4;
"AERECO GmbH";"NOR";"26030000152611";"PREVISION";"BFX1931GM";"";"30/06/2026";"30/06/2026";40;0;40;
"AERECO GmbH";"";"26030000152648";"PREVISION";"BXC1889EX";"";"30/06/2026";"30/06/2026";3;0;3;
"AERECO GmbH";"NOR";"26030000152712";"PREVISION";"BXC1890GM";"";"30/06/2026";"30/06/2026";288;0;288;
"AERECO GmbH";"NOR";"26030000152741";"PREVISION";"BXC1891EX";"";"30/06/2026";"30/06/2026";14;0;14;
"AERECO GmbH";"NOR";"26030000152807";"PREVISION";"BXC1893GM";"";"30/06/2026";"30/06/2026";288;0;288;
"AERECO WENTYLACJA Sp. z.o.o";"NOR";"26030000152878";"PREVISION";"BXC1899EX";"";"30/06/2026";"30/06/2026";61;0;61;
"AERECO WENTYLACJA Sp. z.o.o";"NOR";"26030000152913";"PREVISION";"BXC1900EX";"";"30/06/2026";"30/06/2026";288;0;288;
"AERECO GmbH";"NOR";"26030000152941";"PREVISION";"BXC1900GM";"";"30/06/2026";"30/06/2026";288;0;288;
"AERECO WENTYLACJA Sp. z.o.o";"NOR";"26030000152959";"PREVISION";"BXC1901EX";"";"30/06/2026";"30/06/2026";10;0;10;
"AERECO GmbH";"NOR";"26030000152990";"PREVISION";"BXC1901GM";"";"30/06/2026";"30/06/2026";22;0;22;
"AERECO WENTYLACJA Sp. z.o.o";"";"26030000153027";"PREVISION";"BXC1902EX";"";"30/06/2026";"30/06/2026";9;0;9;
"AERECO WENTYLACJA Sp. z.o.o";"NOR";"26030000153065";"PREVISION";"BXC1903EX";"";"30/06/2026";"30/06/2026";23;0;23;
"AERECO GmbH";"NOR";"26030000153098";"PREVISION";"BXC1903GM";"";"30/06/2026";"30/06/2026";24;0;24;
"AERECO WENTYLACJA Sp. z.o.o";"NOR";"26030000153132";"PREVISION";"BXC1905EX";"";"30/06/2026";"30/06/2026";15;0;15;
"AERECO GmbH";"NOR";"26030000153159";"PREVISION";"BXC1905GM";"";"30/06/2026";"30/06/2026";1;0;1;
"AERECO WENTYLACJA Sp. z.o.o";"";"26030000153186";"PREVISION";"BXC1906EX";"";"30/06/2026";"30/06/2026";1;0;1;
"AERECO WENTYLACJA Sp. z.o.o";"NOR";"26030000153207";"PREVISION";"BXC1907EX";"";"30/06/2026";"30/06/2026";1152;0;1152;
"AERECO WENTYLACJA Sp. z.o.o";"NOR";"26030000153240";"PREVISION";"BXC1908EX";"";"30/06/2026";"30/06/2026";171;0;171;
"AERECO GmbH";"";"26030000153270";"PREVISION";"BXC1910EX";"";"30/06/2026";"30/06/2026";22;0;22;
"AERECO WENTYLACJA Sp. z.o.o";"";"26030000153303";"PREVISION";"BXC1912EX";"";"30/06/2026";"30/06/2026";4;0;4;
"AERECO WENTYLACJA Sp. z.o.o";"NOR";"26030000153336";"PREVISION";"BXC1915EX";"";"30/06/2026";"30/06/2026";17;0;17;
"AERECO GmbH";"NOR";"26030000153364";"PREVISION";"BXC1922GM";"";"30/06/2026";"30/06/2026";22;0;22;
"AERECO GmbH";"NOR";"26030000153399";"PREVISION";"BXC1923GM";"";"30/06/2026";"30/06/2026";11;0;11;
"AERECO GmbH";"NOR";"26030000153430";"PREVISION";"BXC1924GM";"";"30/06/2026";"30/06/2026";11;0;11;
"AERECO GmbH";"NOR";"26030000153465";"PREVISION";"BXC1925GM";"";"30/06/2026";"30/06/2026";33;0;33;
"AERECO GmbH";"NOR";"26030000153504";"PREVISION";"BXC2138GM";"";"30/06/2026";"30/06/2026";27;0;27;
"AERECO GmbH";"";"26030000153541";"PREVISION";"BXC2139GM";"";"30/06/2026";"30/06/2026";16;0;16;
"AERECO GmbH";"NOR";"26030000153576";"PREVISION";"BXC2142GM";"";"30/06/2026";"30/06/2026";1;0;1;
"AERECO GmbH";"NOR";"26030000153654";"PREVISION";"BXE2053GM";"";"30/06/2026";"30/06/2026";8;0;8;
"AERECO GmbH";"NOR";"26030000153685";"PREVISION";"BXE2055GM";"";"30/06/2026";"30/06/2026";1;0;1;
"AERECO GmbH";"NOR";"26030000153750";"PREVISION";"BXE2065GM";"";"30/06/2026";"30/06/2026";2;0;2;
"AERECO GmbH";"NOR";"26030000153798";"PREVISION";"BXE2066GM";"";"30/06/2026";"30/06/2026";1;0;1;
"AERECO GmbH";"NOR";"26030000153937";"PREVISION";"BXE2077GM";"";"30/06/2026";"30/06/2026";8;0;8;
"AERECO GmbH";"NOR";"26030000154013";"PREVISION";"BXE2078GM";"";"30/06/2026";"30/06/2026";12;0;12;
"AERECO GmbH";"NOR";"26030000154045";"PREVISION";"BXE2079GM";"";"30/06/2026";"30/06/2026";13;0;13;
"AERECO GmbH";"NOR";"26030000154081";"PREVISION";"BXE2080GM";"";"30/06/2026";"30/06/2026";2;0;2;
"AERECO GmbH";"NOR";"26030000154118";"PREVISION";"BXE2189GM";"";"30/06/2026";"30/06/2026";1;0;1;
"AERECO GmbH";"NOR";"26030000154139";"PREVISION";"BXE2192GM";"";"30/06/2026";"30/06/2026";1;0;1;
"AERECO GmbH";"";"26030000154165";"PREVISION";"BXE2194GM";"";"30/06/2026";"30/06/2026";1;0;1;
"AERECO GmbH";"NOR";"26030000154191";"PREVISION";"BXE2201GM";"";"30/06/2026";"30/06/2026";1;0;1;
"AERECO GmbH";"NOR";"26030000154214";"PREVISION";"BXE2202GM";"";"30/06/2026";"30/06/2026";4;0;4;
"AERECO GmbH";"NOR";"26030000154258";"PREVISION";"C1339";"";"30/06/2026";"30/06/2026";34;0;34;
"AERECO GmbH";"";"26030000154307";"PREVISION";"EAF309EX";"";"30/06/2026";"30/06/2026";48;0;48;
"AERECO GmbH";"";"26030000154437";"PREVISION";"EAF323EX";"";"30/06/2026";"30/06/2026";51;0;51;
"AERECO GmbH";"";"26030000154473";"PREVISION";"EAR1245EX";"";"30/06/2026";"30/06/2026";62;0;62;
"AERECO GmbH";"NOR";"26030000154565";"PREVISION";"EAR2018GM";"";"30/06/2026";"30/06/2026";83;0;83;
"AERECO WENTYLACJA Sp. z.o.o";"NOR";"26030000154654";"PREVISION";"EAR201PO";"";"30/06/2026";"30/06/2026";648;0;648;
"AERECO WENTYLACJA Sp. z.o.o";"NOR";"26030000154788";"PREVISION";"EAR206PO";"";"30/06/2026";"30/06/2026";576;0;576;
"AERECO WENTYLACJA Sp. z.o.o";"NOR";"26030000154921";"PREVISION";"EFR174XX";"";"30/06/2026";"30/06/2026";9;0;9;
"AERECO GmbH";"NOR";"26030000154999";"PREVISION";"EHM1275GM";"";"30/06/2026";"30/06/2026";77;0;77;
"AERECO WENTYLACJA Sp. z.o.o";"";"26030000155038";"PREVISION";"EHM1276EX";"";"30/06/2026";"30/06/2026";87;0;87;
"AERECO GmbH";"NOR";"26030000155073";"PREVISION";"EHM1276GM";"";"30/06/2026";"30/06/2026";45;0;45;
"AERECO GmbH";"";"26030000155197";"PREVISION";"EHP1198GM";"";"30/06/2026";"30/06/2026";62;0;62;
"AERECO GmbH";"NOR";"26030000155265";"PREVISION";"EHP1219GM";"";"30/06/2026";"30/06/2026";41;0;41;
"AERECO GmbH";"";"26030000155299";"PREVISION";"EHP1222EX";"";"30/06/2026";"30/06/2026";3;0;3;
"AERECO GmbH";"";"26030000155344";"PREVISION";"EHP1875GM";"";"30/06/2026";"30/06/2026";1080;0;1080;
"ALDES S.p.A.";"";"26030000155365";"PREVISION";"EHT780EX";"";"30/06/2026";"30/06/2026";50;0;50;
"AERECO GmbH";"NOR";"26030000155396";"PREVISION";"EHT780GM";"";"30/06/2026";"30/06/2026";69;0;69;
"ALDES S.p.A.";"";"26030000155448";"PREVISION";"EHT969EX";"";"30/06/2026";"30/06/2026";3;0;3;
"AERECO WENTYLACJA Sp. z.o.o";"NOR";"26030000155503";"PREVISION";"EMM707PO";"";"30/06/2026";"30/06/2026";864;0;864;
"AERECO WENTYLACJA Sp. z.o.o";"NOR";"26030000155548";"PREVISION";"EMM716PO";"";"30/06/2026";"30/06/2026";1080;0;1080;
"AERECO Ventilation AB";"";"26030000155616";"PREVISION";"ETF1864EX";"";"30/06/2026";"30/06/2026";3;0;3;
"AERECO Ventilation AB";"";"26030000155630";"PREVISION";"ETF1865EX";"";"30/06/2026";"30/06/2026";3;0;3;
"AERECO Ventilation AB";"NOR";"26030000155665";"PREVISION";"ETH1853EX";"";"30/06/2026";"30/06/2026";104;0;104;
"AERECO Ventilation AB";"";"26030000155692";"PREVISION";"ETH1858EX";"";"30/06/2026";"30/06/2026";12;0;12;
"AERECO GmbH";"";"26030000155764";"PREVISION";"ETH2104GM";"";"30/06/2026";"30/06/2026";225;0;225;
"AERECO GmbH";"NOR";"26030000155821";"PREVISION";"FBE1089GM";"";"30/06/2026";"30/06/2026";104;0;104;
"AERECO GmbH";"";"26030000155877";"PREVISION";"G2H1064EX";"";"30/06/2026";"30/06/2026";8;0;8;
"AERECO GmbH";"NOR";"26030000155918";"PREVISION";"K3168";"";"30/06/2026";"30/06/2026";137;0;137;
"AERECO GmbH";"NOR";"26030000155957";"PREVISION";"K3338";"";"30/06/2026";"30/06/2026";83;0;83;
"AERECO GmbH";"";"26030000155996";"PREVISION";"SE3203";"";"30/06/2026";"30/06/2026";6;0;6;
"AERECO WENTYLACJA Sp. z.o.o";"NOR";"26030000156034";"PREVISION";"V2A032EX";"";"30/06/2026";"30/06/2026";5;0;5;
"AERECO GmbH";"";"26030000156061";"PREVISION";"V2A032GM";"";"30/06/2026";"30/06/2026";2;0;2;
"AERECO WENTYLACJA Sp. z.o.o";"";"26030000156201";"PREVISION";"VB42165EX";"";"30/06/2026";"30/06/2026";4;0;4;
"AERECO GmbH";"";"26030000156214";"PREVISION";"VBP2173EX";"";"30/06/2026";"30/06/2026";1;0;1;
"AERECO GmbH";"NOR";"25120000031988";"PREVISION";"AEA731XX";"";"01/07/2026";"01/07/2026";1809;0;1809;
"AERECO Ltd";"NOR";"AR2601083";"COMMANDE";"AEA851XX";"";"24/02/2026";"02/07/2026";600;0;600;
"AERECO Ltd";"NOR";"AR2601083";"COMMANDE";"EAF313EX";"";"24/02/2026";"02/07/2026";648;0;648;
"AERECO Ltd";"NOR";"AR2601083";"COMMANDE";"EAF319EX";"";"24/02/2026";"02/07/2026";576;0;576;
"AERECO Ltd";"NOR";"AR2601083";"COMMANDE";"EFM1888EX";"";"24/02/2026";"02/07/2026";1008;0;1008;
"AERECO WENTYLACJA Sp. z.o.o";"NOR";"26030000110197";"PREVISION";"11011516";"";"06/07/2026";"06/07/2026";720;0;720;
"AERECO WENTYLACJA Sp. z.o.o";"MTS";"26030000111889";"PREVISION";"11016308";"";"06/07/2026";"06/07/2026";1200;0;1200;
"AERECO WENTYLACJA Sp. z.o.o";"MTS";"26030000111917";"PREVISION";"11016309";"";"06/07/2026";"06/07/2026";720;0;720;
"AERECO WENTYLACJA Sp. z.o.o";"NOR";"26030000111956";"PREVISION";"11016310";"";"06/07/2026";"06/07/2026";480;0;480;
"AERECO WENTYLACJA Sp. z.o.o";"MTS";"26030000111983";"PREVISION";"11016312";"";"06/07/2026";"06/07/2026";300;0;300;
"AERECO WENTYLACJA Sp. z.o.o";"NOR";"26030000150669";"PREVISION";"11016310";"";"07/07/2026";"07/07/2026";576;0;576;
"AERECO WENTYLACJA Sp. z.o.o";"NOR";"26030000150708";"PREVISION";"11819091";"";"07/07/2026";"07/07/2026";720;0;720;
"AERECO WENTYLACJA Sp. z.o.o";"";"26030000150745";"PREVISION";"A3764W01";"";"07/07/2026";"07/07/2026";316;0;316;
"AERECO GmbH";"";"26030000150767";"PREVISION";"A3772E";"";"07/07/2026";"07/07/2026";156;0;156;
"AERECO GmbH";"";"26030000150803";"PREVISION";"A4260";"";"07/07/2026";"07/07/2026";27;0;27;
"AERECO GmbH";"NOR";"26030000150839";"PREVISION";"A4581E01";"";"07/07/2026";"07/07/2026";18;0;18;
"AERECO GmbH";"";"26030000150870";"PREVISION";"A5650E01";"";"07/07/2026";"07/07/2026";3;0;3;
"AERECO GmbH";"NOR";"26030000150912";"PREVISION";"AEA064XX";"";"07/07/2026";"07/07/2026";1000;0;1000;
"AERECO GmbH";"NOR";"26030000150922";"PREVISION";"AEA086XX";"";"07/07/2026";"07/07/2026";1;0;1;
"AERECO WENTYLACJA Sp. z.o.o";"";"26030000150944";"PREVISION";"AEA098XX";"";"07/07/2026";"07/07/2026";121;0;121;
"AERECO GmbH";"NOR";"26030000151026";"PREVISION";"AEA1152XX";"";"07/07/2026";"07/07/2026";1080;0;1080;
"AERECO GmbH";"NOR";"26030000151060";"PREVISION";"AEA1216GM";"";"07/07/2026";"07/07/2026";55;0;55;
"AERECO GmbH";"NOR";"26030000151095";"PREVISION";"AEA1217GM";"";"07/07/2026";"07/07/2026";69;0;69;
"AERECO GmbH";"NOR";"26030000151163";"PREVISION";"AEA1241XX";"";"07/07/2026";"07/07/2026";1809;0;1809;
"AERECO WENTYLACJA Sp. z.o.o";"NOR";"26030000151190";"PREVISION";"AEA1242XX";"";"07/07/2026";"07/07/2026";36;0;36;
"AERECO GmbH";"";"26030000151249";"PREVISION";"AEA1335EX";"";"07/07/2026";"07/07/2026";5;0;5;
"AERECO GmbH";"";"26030000151288";"PREVISION";"AEA1339EX";"";"07/07/2026";"07/07/2026";25;0;25;
"AERECO GmbH";"";"26030000151319";"PREVISION";"AEA1426XX";"";"07/07/2026";"07/07/2026";9;0;9;
"AERECO GmbH";"NOR";"26030000151359";"PREVISION";"AEA1429XX";"";"07/07/2026";"07/07/2026";18;0;18;
"AERECO GmbH";"";"26030000151391";"PREVISION";"AEA156XX";"";"07/07/2026";"07/07/2026";1;0;1;
"AERECO GmbH";"";"26030000151409";"PREVISION";"AEA157XX";"";"07/07/2026";"07/07/2026";2;0;2;
"AERECO GmbH";"";"26030000151436";"PREVISION";"AEA1954XX";"";"07/07/2026";"07/07/2026";14;0;14;
"AERECO Ventilation AB";"";"26030000151476";"PREVISION";"AEA1955XX";"";"07/07/2026";"07/07/2026";13;0;13;
"AERECO Ventilation AB";"";"26030000151512";"PREVISION";"AEA1958XX";"";"07/07/2026";"07/07/2026";57;0;57;
"AERECO GmbH";"NOR";"26030000151552";"PREVISION";"AEA1992XX";"";"07/07/2026";"07/07/2026";134;0;134;
"AERECO GmbH";"";"26030000151659";"PREVISION";"AEA2115XX";"";"07/07/2026";"07/07/2026";61;0;61;
"AERECO GmbH";"NOR";"26030000151699";"PREVISION";"AEA301XX";"";"07/07/2026";"07/07/2026";116;0;116;
"AERECO GmbH";"NOR";"26030000151729";"PREVISION";"AEA317XX";"";"07/07/2026";"07/07/2026";550;0;550;
"AERECO GmbH";"";"26030000151751";"PREVISION";"AEA400GM";"";"07/07/2026";"07/07/2026";2;0;2;
"AERECO GmbH";"";"26030000151791";"PREVISION";"AEA453XX";"";"07/07/2026";"07/07/2026";35;0;35;
"AERECO GmbH";"NOR";"26030000151861";"PREVISION";"AEA731XX";"";"07/07/2026";"07/07/2026";1809;0;1809;
"AERECO GmbH";"NOR";"26030000151921";"PREVISION";"AEA775XX";"";"07/07/2026";"07/07/2026";88;0;88;
"AERECO GmbH";"";"26030000151954";"PREVISION";"AEA776XX";"";"07/07/2026";"07/07/2026";5;0;5;
"AERECO GmbH";"";"26030000151990";"PREVISION";"AEA778XX";"";"07/07/2026";"07/07/2026";57;0;57;
"AERECO GmbH";"";"26030000152025";"PREVISION";"AEA808XX";"";"07/07/2026";"07/07/2026";1;0;1;
"AERECO GmbH";"NOR";"26030000152059";"PREVISION";"AEA809XX";"";"07/07/2026";"07/07/2026";17;0;17;
"AERECO GmbH";"NOR";"26030000152089";"PREVISION";"AEA827XX";"";"07/07/2026";"07/07/2026";1809;0;1809;
"AERECO GmbH";"";"26030000152117";"PREVISION";"AEA834XX";"";"07/07/2026";"07/07/2026";1;0;1;
"AERECO GmbH";"NOR";"26030000152142";"PREVISION";"AEA851XX";"";"07/07/2026";"07/07/2026";720;0;720;
"AERECO WENTYLACJA Sp. z.o.o";"NOR";"26030000152154";"PREVISION";"AEA852XX";"";"07/07/2026";"07/07/2026";1440;0;1440;
"AERECO GmbH";"";"26030000152165";"PREVISION";"AEA877XX";"";"07/07/2026";"07/07/2026";2;0;2;
"AERECO GmbH";"NOR";"26030000152187";"PREVISION";"AEA942EX";"";"07/07/2026";"07/07/2026";92;0;92;
"AERECO GmbH";"";"26030000152227";"PREVISION";"AEA967XX";"";"07/07/2026";"07/07/2026";31;0;31;
"AERECO GmbH";"";"26030000152267";"PREVISION";"AEA968XX";"";"07/07/2026";"07/07/2026";7;0;7;
"AERECO GmbH";"NOR";"26030000152324";"PREVISION";"AVE056XX";"";"07/07/2026";"07/07/2026";7;0;7;
"AERECO WENTYLACJA Sp. z.o.o";"NOR";"26030000152367";"PREVISION";"AVE1267EX";"";"07/07/2026";"07/07/2026";4;0;4;
"AERECO GmbH";"NOR";"26030000152381";"PREVISION";"B3382";"";"07/07/2026";"07/07/2026";4;0;4;
"AERECO GmbH";"";"26030000152421";"PREVISION";"B3651";"";"07/07/2026";"07/07/2026";13;0;13;
"AERECO Ventilation AB";"NOR";"26030000152461";"PREVISION";"B6794";"";"07/07/2026";"07/07/2026";25;0;25;
"AERECO Ventilation AB";"";"26030000152501";"PREVISION";"B6796";"";"07/07/2026";"07/07/2026";14;0;14;
"AERECO GmbH";"NOR";"26030000152554";"PREVISION";"BFE2068GM";"";"07/07/2026";"07/07/2026";4;0;4;
"AERECO GmbH";"NOR";"26030000152612";"PREVISION";"BFX1931GM";"";"07/07/2026";"07/07/2026";40;0;40;
"AERECO GmbH";"";"26030000152649";"PREVISION";"BXC1889EX";"";"07/07/2026";"07/07/2026";3;0;3;
"AERECO GmbH";"NOR";"26030000152713";"PREVISION";"BXC1890GM";"";"07/07/2026";"07/07/2026";288;0;288;
"AERECO GmbH";"NOR";"26030000152742";"PREVISION";"BXC1891EX";"";"07/07/2026";"07/07/2026";14;0;14;
"AERECO WENTYLACJA Sp. z.o.o";"NOR";"26030000152879";"PREVISION";"BXC1899EX";"";"07/07/2026";"07/07/2026";61;0;61;
"AERECO WENTYLACJA Sp. z.o.o";"NOR";"26030000152914";"PREVISION";"BXC1900EX";"";"07/07/2026";"07/07/2026";288;0;288;
"AERECO WENTYLACJA Sp. z.o.o";"NOR";"26030000152960";"PREVISION";"BXC1901EX";"";"07/07/2026";"07/07/2026";10;0;10;
"AERECO GmbH";"NOR";"26030000152991";"PREVISION";"BXC1901GM";"";"07/07/2026";"07/07/2026";22;0;22;
"AERECO WENTYLACJA Sp. z.o.o";"";"26030000153028";"PREVISION";"BXC1902EX";"";"07/07/2026";"07/07/2026";9;0;9;
"AERECO WENTYLACJA Sp. z.o.o";"NOR";"26030000153066";"PREVISION";"BXC1903EX";"";"07/07/2026";"07/07/2026";23;0;23;
"AERECO GmbH";"NOR";"26030000153099";"PREVISION";"BXC1903GM";"";"07/07/2026";"07/07/2026";24;0;24;
"AERECO WENTYLACJA Sp. z.o.o";"NOR";"26030000153133";"PREVISION";"BXC1905EX";"";"07/07/2026";"07/07/2026";15;0;15;
"AERECO GmbH";"NOR";"26030000153160";"PREVISION";"BXC1905GM";"";"07/07/2026";"07/07/2026";1;0;1;
"AERECO WENTYLACJA Sp. z.o.o";"";"26030000153187";"PREVISION";"BXC1906EX";"";"07/07/2026";"07/07/2026";1;0;1;
"AERECO WENTYLACJA Sp. z.o.o";"NOR";"26030000153208";"PREVISION";"BXC1907EX";"";"07/07/2026";"07/07/2026";1152;0;1152;
"AERECO WENTYLACJA Sp. z.o.o";"NOR";"26030000153241";"PREVISION";"BXC1908EX";"";"07/07/2026";"07/07/2026";171;0;171;
"AERECO GmbH";"";"26030000153271";"PREVISION";"BXC1910EX";"";"07/07/2026";"07/07/2026";22;0;22;
"AERECO WENTYLACJA Sp. z.o.o";"";"26030000153304";"PREVISION";"BXC1912EX";"";"07/07/2026";"07/07/2026";4;0;4;
"AERECO WENTYLACJA Sp. z.o.o";"NOR";"26030000153337";"PREVISION";"BXC1915EX";"";"07/07/2026";"07/07/2026";17;0;17;
"AERECO GmbH";"NOR";"26030000153365";"PREVISION";"BXC1922GM";"";"07/07/2026";"07/07/2026";22;0;22;
"AERECO GmbH";"NOR";"26030000153400";"PREVISION";"BXC1923GM";"";"07/07/2026";"07/07/2026";11;0;11;
"AERECO GmbH";"NOR";"26030000153431";"PREVISION";"BXC1924GM";"";"07/07/2026";"07/07/2026";11;0;11;
"AERECO GmbH";"NOR";"26030000153466";"PREVISION";"BXC1925GM";"";"07/07/2026";"07/07/2026";33;0;33;
"AERECO GmbH";"NOR";"26030000153505";"PREVISION";"BXC2138GM";"";"07/07/2026";"07/07/2026";27;0;27;
"AERECO GmbH";"";"26030000153542";"PREVISION";"BXC2139GM";"";"07/07/2026";"07/07/2026";16;0;16;
"AERECO GmbH";"NOR";"26030000153577";"PREVISION";"BXC2142GM";"";"07/07/2026";"07/07/2026";1;0;1;
"AERECO GmbH";"NOR";"26030000153655";"PREVISION";"BXE2053GM";"";"07/07/2026";"07/07/2026";8;0;8;
"AERECO GmbH";"NOR";"26030000153686";"PREVISION";"BXE2055GM";"";"07/07/2026";"07/07/2026";1;0;1;
"AERECO GmbH";"NOR";"26030000153700";"PREVISION";"BXE2056GM";"";"07/07/2026";"07/07/2026";108;0;108;
"AERECO GmbH";"NOR";"26030000153751";"PREVISION";"BXE2065GM";"";"07/07/2026";"07/07/2026";2;0;2;
"AERECO GmbH";"NOR";"26030000153799";"PREVISION";"BXE2066GM";"";"07/07/2026";"07/07/2026";1;0;1;
"AERECO GmbH";"NOR";"26030000153938";"PREVISION";"BXE2077GM";"";"07/07/2026";"07/07/2026";8;0;8;
"AERECO GmbH";"NOR";"26030000154014";"PREVISION";"BXE2078GM";"";"07/07/2026";"07/07/2026";12;0;12;
"AERECO GmbH";"NOR";"26030000154046";"PREVISION";"BXE2079GM";"";"07/07/2026";"07/07/2026";13;0;13;
"AERECO GmbH";"NOR";"26030000154082";"PREVISION";"BXE2080GM";"";"07/07/2026";"07/07/2026";2;0;2;
"AERECO GmbH";"NOR";"26030000154119";"PREVISION";"BXE2189GM";"";"07/07/2026";"07/07/2026";1;0;1;
"AERECO GmbH";"NOR";"26030000154140";"PREVISION";"BXE2192GM";"";"07/07/2026";"07/07/2026";1;0;1;
"AERECO GmbH";"";"26030000154166";"PREVISION";"BXE2194GM";"";"07/07/2026";"07/07/2026";1;0;1;
"AERECO GmbH";"NOR";"26030000154192";"PREVISION";"BXE2201GM";"";"07/07/2026";"07/07/2026";1;0;1;
"AERECO GmbH";"NOR";"26030000154215";"PREVISION";"BXE2202GM";"";"07/07/2026";"07/07/2026";4;0;4;
"AERECO WENTYLACJA Sp. z.o.o";"NOR";"26030000154247";"PREVISION";"BXL888PO";"";"07/07/2026";"07/07/2026";576;0;576;
"AERECO GmbH";"NOR";"26030000154259";"PREVISION";"C1339";"";"07/07/2026";"07/07/2026";34;0;34;
"AERECO GmbH";"NOR";"26030000154289";"PREVISION";"CAL261EX";"";"07/07/2026";"07/07/2026";1300;0;1300;
"AERECO GmbH";"";"26030000154294";"PREVISION";"CAL261GM";"";"07/07/2026";"07/07/2026";3200;0;3200;
"AERECO GmbH";"";"26030000154308";"PREVISION";"EAF309EX";"";"07/07/2026";"07/07/2026";48;0;48;
"AERECO GmbH";"";"26030000154438";"PREVISION";"EAF323EX";"";"07/07/2026";"07/07/2026";51;0;51;
"AERECO GmbH";"";"26030000154474";"PREVISION";"EAR1245EX";"";"07/07/2026";"07/07/2026";62;0;62;
"AERECO GmbH";"NOR";"26030000154549";"PREVISION";"EAR200GM";"";"07/07/2026";"07/07/2026";720;0;720;
"AERECO GmbH";"NOR";"26030000154566";"PREVISION";"EAR2018GM";"";"07/07/2026";"07/07/2026";83;0;83;
"AERECO GmbH";"NOR";"26030000154597";"PREVISION";"EAR2019GM";"";"07/07/2026";"07/07/2026";360;0;360;
"OOO VIVA LOGISTICS";"NOR";"26030000154618";"PREVISION";"EAR201EX";"";"07/07/2026";"07/07/2026";648;0;648;
"AERECO GmbH";"";"26030000154635";"PREVISION";"EAR201GM";"";"07/07/2026";"07/07/2026";648;0;648;
"AERECO WENTYLACJA Sp. z.o.o";"NOR";"26030000154655";"PREVISION";"EAR201PO";"";"07/07/2026";"07/07/2026";648;0;648;
"AERECO WENTYLACJA Sp. z.o.o";"NOR";"26030000154789";"PREVISION";"EAR206PO";"";"07/07/2026";"07/07/2026";576;0;576;
"AERECO GmbH";"NOR";"26030000154820";"PREVISION";"EAR282GM";"";"07/07/2026";"07/07/2026";576;0;576;
"AERECO WENTYLACJA Sp. z.o.o";"NOR";"26030000154922";"PREVISION";"EFR174XX";"";"07/07/2026";"07/07/2026";9;0;9;
"AERECO GmbH";"NOR";"26030000155000";"PREVISION";"EHM1275GM";"";"07/07/2026";"07/07/2026";77;0;77;
"AERECO WENTYLACJA Sp. z.o.o";"";"26030000155039";"PREVISION";"EHM1276EX";"";"07/07/2026";"07/07/2026";87;0;87;
"AERECO GmbH";"NOR";"26030000155074";"PREVISION";"EHM1276GM";"";"07/07/2026";"07/07/2026";45;0;45;
"AERECO GmbH";"";"26030000155198";"PREVISION";"EHP1198GM";"";"07/07/2026";"07/07/2026";62;0;62;
"AERECO GmbH";"NOR";"26030000155266";"PREVISION";"EHP1219GM";"";"07/07/2026";"07/07/2026";41;0;41;
"AERECO GmbH";"";"26030000155300";"PREVISION";"EHP1222EX";"";"07/07/2026";"07/07/2026";3;0;3;
"AERECO GmbH";"NOR";"26030000155329";"PREVISION";"EHP1874GM";"";"07/07/2026";"07/07/2026";1080;0;1080;
"ALDES S.p.A.";"";"26030000155366";"PREVISION";"EHT780EX";"";"07/07/2026";"07/07/2026";50;0;50;
"AERECO GmbH";"NOR";"26030000155397";"PREVISION";"EHT780GM";"";"07/07/2026";"07/07/2026";69;0;69;
"AERECO WENTYLACJA Sp. z.o.o";"NOR";"26030000155430";"PREVISION";"EHT780PO";"";"07/07/2026";"07/07/2026";720;0;720;
"ALDES S.p.A.";"";"26030000155449";"PREVISION";"EHT969EX";"";"07/07/2026";"07/07/2026";3;0;3;
"AERECO WENTYLACJA Sp. z.o.o";"NOR";"26030000155480";"PREVISION";"EMM1484EX";"";"07/07/2026";"07/07/2026";1080;0;1080;
"AERECO WENTYLACJA Sp. z.o.o";"NOR";"26030000155504";"PREVISION";"EMM707PO";"";"07/07/2026";"07/07/2026";864;0;864;
"AERECO WENTYLACJA Sp. z.o.o";"NOR";"26030000155549";"PREVISION";"EMM716PO";"";"07/07/2026";"07/07/2026";1080;0;1080;
"AERECO Ventilation AB";"";"26030000155617";"PREVISION";"ETF1864EX";"";"07/07/2026";"07/07/2026";3;0;3;
"AERECO Ventilation AB";"";"26030000155631";"PREVISION";"ETF1865EX";"";"07/07/2026";"07/07/2026";3;0;3;
"AERECO Ventilation AB";"NOR";"26030000155666";"PREVISION";"ETH1853EX";"";"07/07/2026";"07/07/2026";104;0;104;
"AERECO Ventilation AB";"";"26030000155693";"PREVISION";"ETH1858EX";"";"07/07/2026";"07/07/2026";12;0;12;
"AERECO Ventilation AB";"NOR";"26030000155705";"PREVISION";"ETH1984EX";"";"07/07/2026";"07/07/2026";832;0;832;
"AERECO GmbH";"";"26030000155765";"PREVISION";"ETH2104GM";"";"07/07/2026";"07/07/2026";225;0;225;
"AERECO GmbH";"NOR";"26030000155822";"PREVISION";"FBE1089GM";"";"07/07/2026";"07/07/2026";104;0;104;
"AERECO GmbH";"";"26030000155878";"PREVISION";"G2H1064EX";"";"07/07/2026";"07/07/2026";8;0;8;
"AERECO GmbH";"NOR";"26030000155919";"PREVISION";"K3168";"";"07/07/2026";"07/07/2026";137;0;137;
"AERECO GmbH";"NOR";"26030000155958";"PREVISION";"K3338";"";"07/07/2026";"07/07/2026";83;0;83;
"AERECO GmbH";"";"26030000155997";"PREVISION";"SE3203";"";"07/07/2026";"07/07/2026";6;0;6;
"AERECO WENTYLACJA Sp. z.o.o";"NOR";"26030000156035";"PREVISION";"V2A032EX";"";"07/07/2026";"07/07/2026";5;0;5;
"AERECO GmbH";"";"26030000156062";"PREVISION";"V2A032GM";"";"07/07/2026";"07/07/2026";2;0;2;
"AERECO WENTYLACJA Sp. z.o.o";"";"26030000156202";"PREVISION";"VB42165EX";"";"07/07/2026";"07/07/2026";4;0;4;
"AERECO GmbH";"";"26030000156215";"PREVISION";"VBP2173EX";"";"07/07/2026";"07/07/2026";1;0;1;
"AERECO WENTYLACJA Sp. z.o.o";"NOR";"26030000156240";"PREVISION";"VBP2173PO";"";"07/07/2026";"07/07/2026";90;0;90;
"AERECO WENTYLACJA Sp. z.o.o";"MTS";"26030000111918";"PREVISION";"11016309";"";"13/07/2026";"13/07/2026";720;0;720;
"AERECO WENTYLACJA Sp. z.o.o";"NOR";"26030000111957";"PREVISION";"11016310";"";"13/07/2026";"13/07/2026";480;0;480;
"AERECO WENTYLACJA Sp. z.o.o";"MTS";"26030000111984";"PREVISION";"11016312";"";"13/07/2026";"13/07/2026";300;0;300;
"AERECO WENTYLACJA Sp. z.o.o";"";"26030000112688";"PREVISION";"11019095";"";"13/07/2026";"13/07/2026";240;0;240;
"ALDES Venticontrol S.A.";"MTS";"AR2504179";"COMMANDE";"BDS458AL";"F426-08703";"04/12/2025";"13/07/2026";1008;0;504;
"ALDES Venticontrol S.A.";"NOR";"AR2601356";"COMMANDE";"BDS458AL";"";"12/03/2026";"13/07/2026";504;504;504;
"ALDES Venticontrol S.A.";"NOR";"AR2601356";"COMMANDE";"BDS458AL";"";"12/03/2026";"13/07/2026";504;0;504;
"AERECO WENTYLACJA Sp. z.o.o";"NOR";"26030000150709";"PREVISION";"11819091";"";"14/07/2026";"14/07/2026";720;0;720;
"AERECO WENTYLACJA Sp. z.o.o";"";"26030000150746";"PREVISION";"A3764W01";"";"14/07/2026";"14/07/2026";316;0;316;
"AERECO GmbH";"";"26030000150768";"PREVISION";"A3772E";"";"14/07/2026";"14/07/2026";156;0;156;
"AERECO GmbH";"";"26030000150804";"PREVISION";"A4260";"";"14/07/2026";"14/07/2026";27;0;27;
"AERECO GmbH";"NOR";"26030000150840";"PREVISION";"A4581E01";"";"14/07/2026";"14/07/2026";18;0;18;
"AERECO GmbH";"";"26030000150871";"PREVISION";"A5650E01";"";"14/07/2026";"14/07/2026";3;0;3;
"AERECO GmbH";"NOR";"26030000150923";"PREVISION";"AEA086XX";"";"14/07/2026";"14/07/2026";1;0;1;
"AERECO WENTYLACJA Sp. z.o.o";"";"26030000150945";"PREVISION";"AEA098XX";"";"14/07/2026";"14/07/2026";121;0;121;
"AERECO GmbH";"NOR";"26030000151005";"PREVISION";"AEA1151XX";"";"14/07/2026";"14/07/2026";1080;0;1080;
"AERECO GmbH";"NOR";"26030000151027";"PREVISION";"AEA1152XX";"";"14/07/2026";"14/07/2026";1080;0;1080;
"AERECO GmbH";"NOR";"26030000151061";"PREVISION";"AEA1216GM";"";"14/07/2026";"14/07/2026";55;0;55;
"AERECO GmbH";"NOR";"26030000151096";"PREVISION";"AEA1217GM";"";"14/07/2026";"14/07/2026";69;0;69;
"AERECO GmbH";"NOR";"26030000151164";"PREVISION";"AEA1241XX";"";"14/07/2026";"14/07/2026";1809;0;1809;
"AERECO WENTYLACJA Sp. z.o.o";"NOR";"26030000151191";"PREVISION";"AEA1242XX";"";"14/07/2026";"14/07/2026";36;0;36;
"AERECO GmbH";"";"26030000151250";"PREVISION";"AEA1335EX";"";"14/07/2026";"14/07/2026";5;0;5;
"AERECO GmbH";"";"26030000151289";"PREVISION";"AEA1339EX";"";"14/07/2026";"14/07/2026";25;0;25;
"AERECO GmbH";"";"26030000151320";"PREVISION";"AEA1426XX";"";"14/07/2026";"14/07/2026";9;0;9;
"AERECO GmbH";"NOR";"26030000151360";"PREVISION";"AEA1429XX";"";"14/07/2026";"14/07/2026";18;0;18;
"AERECO GmbH";"";"26030000151392";"PREVISION";"AEA156XX";"";"14/07/2026";"14/07/2026";1;0;1;
"AERECO GmbH";"";"26030000151410";"PREVISION";"AEA157XX";"";"14/07/2026";"14/07/2026";2;0;2;
"AERECO GmbH";"";"26030000151437";"PREVISION";"AEA1954XX";"";"14/07/2026";"14/07/2026";14;0;14;
"AERECO Ventilation AB";"";"26030000151477";"PREVISION";"AEA1955XX";"";"14/07/2026";"14/07/2026";13;0;13;
"AERECO Ventilation AB";"";"26030000151513";"PREVISION";"AEA1958XX";"";"14/07/2026";"14/07/2026";57;0;57;
"AERECO GmbH";"NOR";"26030000151553";"PREVISION";"AEA1992XX";"";"14/07/2026";"14/07/2026";134;0;134;
"AERECO GmbH";"";"26030000151660";"PREVISION";"AEA2115XX";"";"14/07/2026";"14/07/2026";61;0;61;
"AERECO GmbH";"NOR";"26030000151700";"PREVISION";"AEA301XX";"";"14/07/2026";"14/07/2026";116;0;116;
"AERECO GmbH";"";"26030000151752";"PREVISION";"AEA400GM";"";"14/07/2026";"14/07/2026";2;0;2;
"AERECO GmbH";"";"26030000151792";"PREVISION";"AEA453XX";"";"14/07/2026";"14/07/2026";35;0;35;
"AERECO GmbH";"NOR";"26030000151862";"PREVISION";"AEA731XX";"";"14/07/2026";"14/07/2026";1809;0;1809;
"AERECO GmbH";"NOR";"26030000151922";"PREVISION";"AEA775XX";"";"14/07/2026";"14/07/2026";88;0;88;
"AERECO GmbH";"";"26030000151955";"PREVISION";"AEA776XX";"";"14/07/2026";"14/07/2026";5;0;5;
"AERECO GmbH";"";"26030000151991";"PREVISION";"AEA778XX";"";"14/07/2026";"14/07/2026";57;0;57;
"AERECO GmbH";"";"26030000152026";"PREVISION";"AEA808XX";"";"14/07/2026";"14/07/2026";1;0;1;
"AERECO GmbH";"NOR";"26030000152060";"PREVISION";"AEA809XX";"";"14/07/2026";"14/07/2026";17;0;17;
"AERECO GmbH";"";"26030000152118";"PREVISION";"AEA834XX";"";"14/07/2026";"14/07/2026";1;0;1;
"AERECO GmbH";"";"26030000152166";"PREVISION";"AEA877XX";"";"14/07/2026";"14/07/2026";2;0;2;
"AERECO GmbH";"NOR";"26030000152188";"PREVISION";"AEA942EX";"";"14/07/2026";"14/07/2026";92;0;92;
"AERECO GmbH";"";"26030000152228";"PREVISION";"AEA967XX";"";"14/07/2026";"14/07/2026";31;0;31;
"AERECO GmbH";"";"26030000152268";"PREVISION";"AEA968XX";"";"14/07/2026";"14/07/2026";7;0;7;
"AERECO GmbH";"NOR";"26030000152325";"PREVISION";"AVE056XX";"";"14/07/2026";"14/07/2026";7;0;7;
"AERECO WENTYLACJA Sp. z.o.o";"NOR";"26030000152368";"PREVISION";"AVE1267EX";"";"14/07/2026";"14/07/2026";4;0;4;
"AERECO GmbH";"NOR";"26030000152382";"PREVISION";"B3382";"";"14/07/2026";"14/07/2026";4;0;4;
"AERECO GmbH";"";"26030000152422";"PREVISION";"B3651";"";"14/07/2026";"14/07/2026";13;0;13;
"AERECO Ventilation AB";"NOR";"26030000152462";"PREVISION";"B6794";"";"14/07/2026";"14/07/2026";25;0;25;
"AERECO Ventilation AB";"";"26030000152502";"PREVISION";"B6796";"";"14/07/2026";"14/07/2026";14;0;14;
"AERECO GmbH";"NOR";"26030000152555";"PREVISION";"BFE2068GM";"";"14/07/2026";"14/07/2026";4;0;4;
"AERECO GmbH";"NOR";"26030000152613";"PREVISION";"BFX1931GM";"";"14/07/2026";"14/07/2026";40;0;40;
"AERECO GmbH";"";"26030000152650";"PREVISION";"BXC1889EX";"";"14/07/2026";"14/07/2026";3;0;3;
"AERECO GmbH";"NOR";"26030000152714";"PREVISION";"BXC1890GM";"";"14/07/2026";"14/07/2026";288;0;288;
"AERECO GmbH";"NOR";"26030000152743";"PREVISION";"BXC1891EX";"";"14/07/2026";"14/07/2026";14;0;14;
"AERECO GmbH";"NOR";"26030000152808";"PREVISION";"BXC1893GM";"";"14/07/2026";"14/07/2026";288;0;288;
"AERECO WENTYLACJA Sp. z.o.o";"NOR";"26030000152880";"PREVISION";"BXC1899EX";"";"14/07/2026";"14/07/2026";61;0;61;
"AERECO WENTYLACJA Sp. z.o.o";"NOR";"26030000152915";"PREVISION";"BXC1900EX";"";"14/07/2026";"14/07/2026";288;0;288;
"AERECO WENTYLACJA Sp. z.o.o";"NOR";"26030000152961";"PREVISION";"BXC1901EX";"";"14/07/2026";"14/07/2026";10;0;10;
"AERECO GmbH";"NOR";"26030000152992";"PREVISION";"BXC1901GM";"";"14/07/2026";"14/07/2026";22;0;22;
"AERECO WENTYLACJA Sp. z.o.o";"";"26030000153029";"PREVISION";"BXC1902EX";"";"14/07/2026";"14/07/2026";9;0;9;
"AERECO WENTYLACJA Sp. z.o.o";"NOR";"26030000153067";"PREVISION";"BXC1903EX";"";"14/07/2026";"14/07/2026";23;0;23;
"AERECO GmbH";"NOR";"26030000153100";"PREVISION";"BXC1903GM";"";"14/07/2026";"14/07/2026";24;0;24;
"AERECO WENTYLACJA Sp. z.o.o";"NOR";"26030000153134";"PREVISION";"BXC1905EX";"";"14/07/2026";"14/07/2026";15;0;15;
"AERECO GmbH";"NOR";"26030000153161";"PREVISION";"BXC1905GM";"";"14/07/2026";"14/07/2026";1;0;1;
"AERECO WENTYLACJA Sp. z.o.o";"";"26030000153188";"PREVISION";"BXC1906EX";"";"14/07/2026";"14/07/2026";1;0;1;
"AERECO WENTYLACJA Sp. z.o.o";"NOR";"26030000153209";"PREVISION";"BXC1907EX";"";"14/07/2026";"14/07/2026";1152;0;1152;
"AERECO WENTYLACJA Sp. z.o.o";"NOR";"26030000153242";"PREVISION";"BXC1908EX";"";"14/07/2026";"14/07/2026";171;0;171;
"AERECO GmbH";"";"26030000153272";"PREVISION";"BXC1910EX";"";"14/07/2026";"14/07/2026";22;0;22;
"AERECO WENTYLACJA Sp. z.o.o";"";"26030000153305";"PREVISION";"BXC1912EX";"";"14/07/2026";"14/07/2026";4;0;4;
"AERECO WENTYLACJA Sp. z.o.o";"NOR";"26030000153338";"PREVISION";"BXC1915EX";"";"14/07/2026";"14/07/2026";17;0;17;
"AERECO GmbH";"NOR";"26030000153366";"PREVISION";"BXC1922GM";"";"14/07/2026";"14/07/2026";22;0;22;
"AERECO GmbH";"NOR";"26030000153401";"PREVISION";"BXC1923GM";"";"14/07/2026";"14/07/2026";11;0;11;
"AERECO GmbH";"NOR";"26030000153432";"PREVISION";"BXC1924GM";"";"14/07/2026";"14/07/2026";11;0;11;
"AERECO GmbH";"NOR";"26030000153467";"PREVISION";"BXC1925GM";"";"14/07/2026";"14/07/2026";33;0;33;
"AERECO GmbH";"NOR";"26030000153506";"PREVISION";"BXC2138GM";"";"14/07/2026";"14/07/2026";27;0;27;
"AERECO GmbH";"";"26030000153543";"PREVISION";"BXC2139GM";"";"14/07/2026";"14/07/2026";16;0;16;
"AERECO GmbH";"NOR";"26030000153578";"PREVISION";"BXC2142GM";"";"14/07/2026";"14/07/2026";1;0;1;
"AERECO GmbH";"NOR";"26030000153656";"PREVISION";"BXE2053GM";"";"14/07/2026";"14/07/2026";8;0;8;
"AERECO GmbH";"NOR";"26030000153687";"PREVISION";"BXE2055GM";"";"14/07/2026";"14/07/2026";1;0;1;
"AERECO GmbH";"NOR";"26030000153752";"PREVISION";"BXE2065GM";"";"14/07/2026";"14/07/2026";2;0;2;
"AERECO GmbH";"NOR";"26030000153800";"PREVISION";"BXE2066GM";"";"14/07/2026";"14/07/2026";1;0;1;
"AERECO GmbH";"NOR";"26030000153939";"PREVISION";"BXE2077GM";"";"14/07/2026";"14/07/2026";8;0;8;
"AERECO GmbH";"NOR";"26030000154015";"PREVISION";"BXE2078GM";"";"14/07/2026";"14/07/2026";12;0;12;
"AERECO GmbH";"NOR";"26030000154047";"PREVISION";"BXE2079GM";"";"14/07/2026";"14/07/2026";13;0;13;
"AERECO GmbH";"NOR";"26030000154083";"PREVISION";"BXE2080GM";"";"14/07/2026";"14/07/2026";2;0;2;
"AERECO GmbH";"NOR";"26030000154120";"PREVISION";"BXE2189GM";"";"14/07/2026";"14/07/2026";1;0;1;
"AERECO GmbH";"NOR";"26030000154141";"PREVISION";"BXE2192GM";"";"14/07/2026";"14/07/2026";1;0;1;
"AERECO GmbH";"";"26030000154167";"PREVISION";"BXE2194GM";"";"14/07/2026";"14/07/2026";1;0;1;
"AERECO GmbH";"NOR";"26030000154193";"PREVISION";"BXE2201GM";"";"14/07/2026";"14/07/2026";1;0;1;
"AERECO GmbH";"NOR";"26030000154216";"PREVISION";"BXE2202GM";"";"14/07/2026";"14/07/2026";4;0;4;
"AERECO GmbH";"NOR";"26030000154260";"PREVISION";"C1339";"";"14/07/2026";"14/07/2026";34;0;34;
"AERECO GmbH";"";"26030000154309";"PREVISION";"EAF309EX";"";"14/07/2026";"14/07/2026";48;0;48;
"AERECO GmbH";"";"26030000154439";"PREVISION";"EAF323EX";"";"14/07/2026";"14/07/2026";51;0;51;
"AERECO GmbH";"";"26030000154475";"PREVISION";"EAR1245EX";"";"14/07/2026";"14/07/2026";62;0;62;
"AERECO GmbH";"NOR";"26030000154567";"PREVISION";"EAR2018GM";"";"14/07/2026";"14/07/2026";83;0;83;
"AERECO WENTYLACJA Sp. z.o.o";"NOR";"26030000154656";"PREVISION";"EAR201PO";"";"14/07/2026";"14/07/2026";648;0;648;
"AERECO GmbH";"";"26030000154771";"PREVISION";"EAR206GM";"";"14/07/2026";"14/07/2026";576;0;576;
"AERECO WENTYLACJA Sp. z.o.o";"NOR";"26030000154790";"PREVISION";"EAR206PO";"";"14/07/2026";"14/07/2026";576;0;576;
"AERECO WENTYLACJA Sp. z.o.o";"NOR";"26030000154923";"PREVISION";"EFR174XX";"";"14/07/2026";"14/07/2026";9;0;9;
"AERECO GmbH";"NOR";"26030000155001";"PREVISION";"EHM1275GM";"";"14/07/2026";"14/07/2026";77;0;77;
"AERECO WENTYLACJA Sp. z.o.o";"";"26030000155040";"PREVISION";"EHM1276EX";"";"14/07/2026";"14/07/2026";87;0;87;
"AERECO GmbH";"NOR";"26030000155075";"PREVISION";"EHM1276GM";"";"14/07/2026";"14/07/2026";45;0;45;
"AERECO GmbH";"";"26030000155199";"PREVISION";"EHP1198GM";"";"14/07/2026";"14/07/2026";62;0;62;
"AERECO GmbH";"NOR";"26030000155267";"PREVISION";"EHP1219GM";"";"14/07/2026";"14/07/2026";41;0;41;
"AERECO GmbH";"";"26030000155301";"PREVISION";"EHP1222EX";"";"14/07/2026";"14/07/2026";3;0;3;
"ALDES S.p.A.";"";"26030000155367";"PREVISION";"EHT780EX";"";"14/07/2026";"14/07/2026";50;0;50;
"AERECO GmbH";"NOR";"26030000155398";"PREVISION";"EHT780GM";"";"14/07/2026";"14/07/2026";69;0;69;
"ALDES S.p.A.";"";"26030000155450";"PREVISION";"EHT969EX";"";"14/07/2026";"14/07/2026";3;0;3;
"AERECO WENTYLACJA Sp. z.o.o";"NOR";"26030000155505";"PREVISION";"EMM707PO";"";"14/07/2026";"14/07/2026";864;0;864;
"AERECO WENTYLACJA Sp. z.o.o";"NOR";"26030000155550";"PREVISION";"EMM716PO";"";"14/07/2026";"14/07/2026";2160;0;2160;
"AERECO Ventilation AB";"";"26030000155618";"PREVISION";"ETF1864EX";"";"14/07/2026";"14/07/2026";3;0;3;
"AERECO Ventilation AB";"";"26030000155632";"PREVISION";"ETF1865EX";"";"14/07/2026";"14/07/2026";3;0;3;
"AERECO Ventilation AB";"NOR";"26030000155667";"PREVISION";"ETH1853EX";"";"14/07/2026";"14/07/2026";104;0;104;
"AERECO Ventilation AB";"";"26030000155694";"PREVISION";"ETH1858EX";"";"14/07/2026";"14/07/2026";12;0;12;
"AERECO GmbH";"";"26030000155766";"PREVISION";"ETH2104GM";"";"14/07/2026";"14/07/2026";225;0;225;
"AERECO GmbH";"NOR";"26030000155823";"PREVISION";"FBE1089GM";"";"14/07/2026";"14/07/2026";104;0;104;
"AERECO GmbH";"";"26030000155879";"PREVISION";"G2H1064EX";"";"14/07/2026";"14/07/2026";8;0;8;
"AERECO GmbH";"NOR";"26030000155920";"PREVISION";"K3168";"";"14/07/2026";"14/07/2026";137;0;137;
"AERECO GmbH";"NOR";"26030000155959";"PREVISION";"K3338";"";"14/07/2026";"14/07/2026";83;0;83;
"AERECO GmbH";"";"26030000155998";"PREVISION";"SE3203";"";"14/07/2026";"14/07/2026";6;0;6;
"AERECO WENTYLACJA Sp. z.o.o";"NOR";"26030000156036";"PREVISION";"V2A032EX";"";"14/07/2026";"14/07/2026";5;0;5;
"AERECO GmbH";"";"26030000156063";"PREVISION";"V2A032GM";"";"14/07/2026";"14/07/2026";2;0;2;
"AERECO WENTYLACJA Sp. z.o.o";"";"26030000156203";"PREVISION";"VB42165EX";"";"14/07/2026";"14/07/2026";4;0;4;
"AERECO GmbH";"";"26030000156216";"PREVISION";"VBP2173EX";"";"14/07/2026";"14/07/2026";1;0;1;
"AERECO GmbH";"NOR";"AR2601027";"COMMANDE";"VAM813GM";"";"18/02/2026";"15/07/2026";112;0;112;
"AERECO WENTYLACJA Sp. z.o.o";"NOR";"26030000110198";"PREVISION";"11011516";"";"20/07/2026";"20/07/2026";720;0;720;
"AERECO WENTYLACJA Sp. z.o.o";"MTS";"26030000111919";"PREVISION";"11016309";"";"20/07/2026";"20/07/2026";720;0;720;
"AERECO WENTYLACJA Sp. z.o.o";"NOR";"26030000111958";"PREVISION";"11016310";"";"20/07/2026";"20/07/2026";480;0;480;
"AERECO WENTYLACJA Sp. z.o.o";"NOR";"26030000150710";"PREVISION";"11819091";"";"21/07/2026";"21/07/2026";720;0;720;
"AERECO WENTYLACJA Sp. z.o.o";"";"26030000150747";"PREVISION";"A3764W01";"";"21/07/2026";"21/07/2026";316;0;316;
"AERECO GmbH";"";"26030000150769";"PREVISION";"A3772E";"";"21/07/2026";"21/07/2026";156;0;156;
"AERECO GmbH";"";"26030000150805";"PREVISION";"A4260";"";"21/07/2026";"21/07/2026";27;0;27;
"AERECO GmbH";"NOR";"26030000150841";"PREVISION";"A4581E01";"";"21/07/2026";"21/07/2026";18;0;18;
"AERECO GmbH";"";"26030000150872";"PREVISION";"A5650E01";"";"21/07/2026";"21/07/2026";3;0;3;
"AERECO GmbH";"NOR";"26030000150924";"PREVISION";"AEA086XX";"";"21/07/2026";"21/07/2026";1;0;1;
"AERECO WENTYLACJA Sp. z.o.o";"";"26030000150946";"PREVISION";"AEA098XX";"";"21/07/2026";"21/07/2026";121;0;121;
"AERECO GmbH";"NOR";"26030000151062";"PREVISION";"AEA1216GM";"";"21/07/2026";"21/07/2026";55;0;55;
"AERECO GmbH";"NOR";"26030000151097";"PREVISION";"AEA1217GM";"";"21/07/2026";"21/07/2026";69;0;69;
"AERECO WENTYLACJA Sp. z.o.o";"NOR";"26030000151192";"PREVISION";"AEA1242XX";"";"21/07/2026";"21/07/2026";36;0;36;
"AERECO GmbH";"";"26030000151251";"PREVISION";"AEA1335EX";"";"21/07/2026";"21/07/2026";5;0;5;
"AERECO GmbH";"";"26030000151290";"PREVISION";"AEA1339EX";"";"21/07/2026";"21/07/2026";25;0;25;
"AERECO GmbH";"";"26030000151321";"PREVISION";"AEA1426XX";"";"21/07/2026";"21/07/2026";9;0;9;
"AERECO GmbH";"NOR";"26030000151361";"PREVISION";"AEA1429XX";"";"21/07/2026";"21/07/2026";18;0;18;
"AERECO GmbH";"";"26030000151393";"PREVISION";"AEA156XX";"";"21/07/2026";"21/07/2026";1;0;1;
"AERECO GmbH";"";"26030000151411";"PREVISION";"AEA157XX";"";"21/07/2026";"21/07/2026";2;0;2;
"AERECO GmbH";"";"26030000151438";"PREVISION";"AEA1954XX";"";"21/07/2026";"21/07/2026";14;0;14;
"AERECO Ventilation AB";"";"26030000151478";"PREVISION";"AEA1955XX";"";"21/07/2026";"21/07/2026";13;0;13;
"AERECO Ventilation AB";"";"26030000151514";"PREVISION";"AEA1958XX";"";"21/07/2026";"21/07/2026";57;0;57;
"AERECO GmbH";"NOR";"26030000151554";"PREVISION";"AEA1992XX";"";"21/07/2026";"21/07/2026";134;0;134;
"AERECO GmbH";"";"26030000151661";"PREVISION";"AEA2115XX";"";"21/07/2026";"21/07/2026";61;0;61;
"AERECO GmbH";"NOR";"26030000151701";"PREVISION";"AEA301XX";"";"21/07/2026";"21/07/2026";116;0;116;
"AERECO GmbH";"";"26030000151753";"PREVISION";"AEA400GM";"";"21/07/2026";"21/07/2026";2;0;2;
"AERECO GmbH";"";"26030000151793";"PREVISION";"AEA453XX";"";"21/07/2026";"21/07/2026";35;0;35;
"AERECO GmbH";"NOR";"26030000151923";"PREVISION";"AEA775XX";"";"21/07/2026";"21/07/2026";88;0;88;
"AERECO GmbH";"";"26030000151956";"PREVISION";"AEA776XX";"";"21/07/2026";"21/07/2026";5;0;5;
"AERECO GmbH";"";"26030000151992";"PREVISION";"AEA778XX";"";"21/07/2026";"21/07/2026";57;0;57;
"AERECO GmbH";"";"26030000152027";"PREVISION";"AEA808XX";"";"21/07/2026";"21/07/2026";1;0;1;
"AERECO GmbH";"NOR";"26030000152061";"PREVISION";"AEA809XX";"";"21/07/2026";"21/07/2026";17;0;17;
"AERECO GmbH";"";"26030000152119";"PREVISION";"AEA834XX";"";"21/07/2026";"21/07/2026";1;0;1;
"AERECO GmbH";"";"26030000152167";"PREVISION";"AEA877XX";"";"21/07/2026";"21/07/2026";2;0;2;
"AERECO GmbH";"NOR";"26030000152189";"PREVISION";"AEA942EX";"";"21/07/2026";"21/07/2026";92;0;92;
"AERECO GmbH";"";"26030000152229";"PREVISION";"AEA967XX";"";"21/07/2026";"21/07/2026";31;0;31;
"AERECO GmbH";"";"26030000152269";"PREVISION";"AEA968XX";"";"21/07/2026";"21/07/2026";7;0;7;
"AERECO GmbH";"NOR";"26030000152326";"PREVISION";"AVE056XX";"";"21/07/2026";"21/07/2026";7;0;7;
"AERECO WENTYLACJA Sp. z.o.o";"NOR";"26030000152369";"PREVISION";"AVE1267EX";"";"21/07/2026";"21/07/2026";4;0;4;
"AERECO GmbH";"NOR";"26030000152383";"PREVISION";"B3382";"";"21/07/2026";"21/07/2026";4;0;4;
"AERECO GmbH";"";"26030000152423";"PREVISION";"B3651";"";"21/07/2026";"21/07/2026";13;0;13;
"AERECO Ventilation AB";"NOR";"26030000152463";"PREVISION";"B6794";"";"21/07/2026";"21/07/2026";25;0;25;
"AERECO Ventilation AB";"";"26030000152503";"PREVISION";"B6796";"";"21/07/2026";"21/07/2026";14;0;14;
"AERECO GmbH";"NOR";"26030000152556";"PREVISION";"BFE2068GM";"";"21/07/2026";"21/07/2026";4;0;4;
"AERECO GmbH";"NOR";"26030000152614";"PREVISION";"BFX1931GM";"";"21/07/2026";"21/07/2026";40;0;40;
"AERECO GmbH";"";"26030000152651";"PREVISION";"BXC1889EX";"";"21/07/2026";"21/07/2026";3;0;3;
"AERECO GmbH";"NOR";"26030000152715";"PREVISION";"BXC1890GM";"";"21/07/2026";"21/07/2026";288;0;288;
"AERECO GmbH";"NOR";"26030000152744";"PREVISION";"BXC1891EX";"";"21/07/2026";"21/07/2026";14;0;14;
"AERECO WENTYLACJA Sp. z.o.o";"NOR";"26030000152881";"PREVISION";"BXC1899EX";"";"21/07/2026";"21/07/2026";61;0;61;
"AERECO WENTYLACJA Sp. z.o.o";"NOR";"26030000152916";"PREVISION";"BXC1900EX";"";"21/07/2026";"21/07/2026";288;0;288;
"AERECO WENTYLACJA Sp. z.o.o";"NOR";"26030000152962";"PREVISION";"BXC1901EX";"";"21/07/2026";"21/07/2026";10;0;10;
"AERECO GmbH";"NOR";"26030000152993";"PREVISION";"BXC1901GM";"";"21/07/2026";"21/07/2026";22;0;22;
"AERECO WENTYLACJA Sp. z.o.o";"";"26030000153030";"PREVISION";"BXC1902EX";"";"21/07/2026";"21/07/2026";9;0;9;
"AERECO WENTYLACJA Sp. z.o.o";"NOR";"26030000153068";"PREVISION";"BXC1903EX";"";"21/07/2026";"21/07/2026";23;0;23;
"AERECO GmbH";"NOR";"26030000153101";"PREVISION";"BXC1903GM";"";"21/07/2026";"21/07/2026";24;0;24;
"AERECO WENTYLACJA Sp. z.o.o";"NOR";"26030000153135";"PREVISION";"BXC1905EX";"";"21/07/2026";"21/07/2026";15;0;15;
"AERECO GmbH";"NOR";"26030000153162";"PREVISION";"BXC1905GM";"";"21/07/2026";"21/07/2026";1;0;1;
"AERECO WENTYLACJA Sp. z.o.o";"";"26030000153189";"PREVISION";"BXC1906EX";"";"21/07/2026";"21/07/2026";1;0;1;
"AERECO WENTYLACJA Sp. z.o.o";"NOR";"26030000153243";"PREVISION";"BXC1908EX";"";"21/07/2026";"21/07/2026";171;0;171;
"AERECO GmbH";"";"26030000153273";"PREVISION";"BXC1910EX";"";"21/07/2026";"21/07/2026";22;0;22;
"AERECO WENTYLACJA Sp. z.o.o";"";"26030000153306";"PREVISION";"BXC1912EX";"";"21/07/2026";"21/07/2026";4;0;4;
"AERECO WENTYLACJA Sp. z.o.o";"NOR";"26030000153339";"PREVISION";"BXC1915EX";"";"21/07/2026";"21/07/2026";17;0;17;
"AERECO GmbH";"NOR";"26030000153367";"PREVISION";"BXC1922GM";"";"21/07/2026";"21/07/2026";22;0;22;
"AERECO GmbH";"NOR";"26030000153402";"PREVISION";"BXC1923GM";"";"21/07/2026";"21/07/2026";11;0;11;
"AERECO GmbH";"NOR";"26030000153433";"PREVISION";"BXC1924GM";"";"21/07/2026";"21/07/2026";11;0;11;
"AERECO GmbH";"NOR";"26030000153468";"PREVISION";"BXC1925GM";"";"21/07/2026";"21/07/2026";33;0;33;
"AERECO GmbH";"NOR";"26030000153507";"PREVISION";"BXC2138GM";"";"21/07/2026";"21/07/2026";27;0;27;
"AERECO GmbH";"";"26030000153544";"PREVISION";"BXC2139GM";"";"21/07/2026";"21/07/2026";16;0;16;
"AERECO GmbH";"NOR";"26030000153579";"PREVISION";"BXC2142GM";"";"21/07/2026";"21/07/2026";1;0;1;
"AERECO GmbH";"NOR";"26030000153657";"PREVISION";"BXE2053GM";"";"21/07/2026";"21/07/2026";8;0;8;
"AERECO GmbH";"NOR";"26030000153688";"PREVISION";"BXE2055GM";"";"21/07/2026";"21/07/2026";1;0;1;
"AERECO GmbH";"NOR";"26030000153753";"PREVISION";"BXE2065GM";"";"21/07/2026";"21/07/2026";2;0;2;
"AERECO GmbH";"NOR";"26030000153801";"PREVISION";"BXE2066GM";"";"21/07/2026";"21/07/2026";1;0;1;
"AERECO GmbH";"NOR";"26030000153940";"PREVISION";"BXE2077GM";"";"21/07/2026";"21/07/2026";8;0;8;
"AERECO GmbH";"NOR";"26030000154016";"PREVISION";"BXE2078GM";"";"21/07/2026";"21/07/2026";12;0;12;
"AERECO GmbH";"NOR";"26030000154048";"PREVISION";"BXE2079GM";"";"21/07/2026";"21/07/2026";13;0;13;
"AERECO GmbH";"NOR";"26030000154084";"PREVISION";"BXE2080GM";"";"21/07/2026";"21/07/2026";2;0;2;
"AERECO GmbH";"NOR";"26030000154121";"PREVISION";"BXE2189GM";"";"21/07/2026";"21/07/2026";1;0;1;
"AERECO GmbH";"NOR";"26030000154142";"PREVISION";"BXE2192GM";"";"21/07/2026";"21/07/2026";1;0;1;
"AERECO GmbH";"";"26030000154168";"PREVISION";"BXE2194GM";"";"21/07/2026";"21/07/2026";1;0;1;
"AERECO GmbH";"NOR";"26030000154194";"PREVISION";"BXE2201GM";"";"21/07/2026";"21/07/2026";1;0;1;
"AERECO GmbH";"NOR";"26030000154217";"PREVISION";"BXE2202GM";"";"21/07/2026";"21/07/2026";4;0;4;
"AERECO GmbH";"NOR";"26030000154261";"PREVISION";"C1339";"";"21/07/2026";"21/07/2026";34;0;34;
"AERECO GmbH";"";"26030000154310";"PREVISION";"EAF309EX";"";"21/07/2026";"21/07/2026";48;0;48;
"AERECO GmbH";"";"26030000154440";"PREVISION";"EAF323EX";"";"21/07/2026";"21/07/2026";51;0;51;
"AERECO GmbH";"";"26030000154476";"PREVISION";"EAR1245EX";"";"21/07/2026";"21/07/2026";62;0;62;
"AERECO GmbH";"NOR";"26030000154568";"PREVISION";"EAR2018GM";"";"21/07/2026";"21/07/2026";83;0;83;
"AERECO WENTYLACJA Sp. z.o.o";"NOR";"26030000154791";"PREVISION";"EAR206PO";"";"21/07/2026";"21/07/2026";576;0;576;
"AERECO WENTYLACJA Sp. z.o.o";"NOR";"26030000154924";"PREVISION";"EFR174XX";"";"21/07/2026";"21/07/2026";9;0;9;
"AERECO GmbH";"NOR";"26030000155002";"PREVISION";"EHM1275GM";"";"21/07/2026";"21/07/2026";77;0;77;
"AERECO WENTYLACJA Sp. z.o.o";"";"26030000155041";"PREVISION";"EHM1276EX";"";"21/07/2026";"21/07/2026";87;0;87;
"AERECO GmbH";"NOR";"26030000155076";"PREVISION";"EHM1276GM";"";"21/07/2026";"21/07/2026";45;0;45;
"AERECO GmbH";"";"26030000155200";"PREVISION";"EHP1198GM";"";"21/07/2026";"21/07/2026";62;0;62;
"AERECO GmbH";"NOR";"26030000155268";"PREVISION";"EHP1219GM";"";"21/07/2026";"21/07/2026";41;0;41;
"AERECO GmbH";"";"26030000155302";"PREVISION";"EHP1222EX";"";"21/07/2026";"21/07/2026";3;0;3;
"ALDES S.p.A.";"";"26030000155368";"PREVISION";"EHT780EX";"";"21/07/2026";"21/07/2026";50;0;50;
"AERECO GmbH";"NOR";"26030000155399";"PREVISION";"EHT780GM";"";"21/07/2026";"21/07/2026";69;0;69;
"ALDES S.p.A.";"";"26030000155451";"PREVISION";"EHT969EX";"";"21/07/2026";"21/07/2026";3;0;3;
"AERECO WENTYLACJA Sp. z.o.o";"NOR";"26030000155506";"PREVISION";"EMM707PO";"";"21/07/2026";"21/07/2026";1728;0;1728;
"AERECO WENTYLACJA Sp. z.o.o";"NOR";"26030000155551";"PREVISION";"EMM716PO";"";"21/07/2026";"21/07/2026";1080;0;1080;
"AERECO Ventilation AB";"";"26030000155619";"PREVISION";"ETF1864EX";"";"21/07/2026";"21/07/2026";3;0;3;
"AERECO Ventilation AB";"";"26030000155633";"PREVISION";"ETF1865EX";"";"21/07/2026";"21/07/2026";3;0;3;
"AERECO Ventilation AB";"NOR";"26030000155668";"PREVISION";"ETH1853EX";"";"21/07/2026";"21/07/2026";104;0;104;
"AERECO Ventilation AB";"";"26030000155695";"PREVISION";"ETH1858EX";"";"21/07/2026";"21/07/2026";12;0;12;
"AERECO GmbH";"NOR";"26030000155824";"PREVISION";"FBE1089GM";"";"21/07/2026";"21/07/2026";104;0;104;
"AERECO GmbH";"";"26030000155880";"PREVISION";"G2H1064EX";"";"21/07/2026";"21/07/2026";8;0;8;
"AERECO GmbH";"NOR";"26030000155921";"PREVISION";"K3168";"";"21/07/2026";"21/07/2026";137;0;137;
"AERECO GmbH";"NOR";"26030000155960";"PREVISION";"K3338";"";"21/07/2026";"21/07/2026";83;0;83;
"AERECO GmbH";"";"26030000155999";"PREVISION";"SE3203";"";"21/07/2026";"21/07/2026";6;0;6;
"AERECO WENTYLACJA Sp. z.o.o";"NOR";"26030000156037";"PREVISION";"V2A032EX";"";"21/07/2026";"21/07/2026";5;0;5;
"AERECO GmbH";"";"26030000156064";"PREVISION";"V2A032GM";"";"21/07/2026";"21/07/2026";2;0;2;
"AERECO WENTYLACJA Sp. z.o.o";"";"26030000156204";"PREVISION";"VB42165EX";"";"21/07/2026";"21/07/2026";4;0;4;
"AERECO GmbH";"";"26030000156217";"PREVISION";"VBP2173EX";"";"21/07/2026";"21/07/2026";1;0;1;
"AERECO GmbH";"NOR";"AR2503298";"COMMANDE";"EHT780GM";"";"10/10/2025";"22/07/2026";360;0;360;
"AERECO WENTYLACJA Sp. z.o.o";"MTS";"26030000111890";"PREVISION";"11016308";"";"27/07/2026";"27/07/2026";1200;0;1200;
"AERECO WENTYLACJA Sp. z.o.o";"NOR";"26030000150670";"PREVISION";"11016310";"";"28/07/2026";"28/07/2026";576;0;576;
"AERECO WENTYLACJA Sp. z.o.o";"NOR";"26030000150711";"PREVISION";"11819091";"";"28/07/2026";"28/07/2026";720;0;720;
"AERECO WENTYLACJA Sp. z.o.o";"";"26030000150748";"PREVISION";"A3764W01";"";"28/07/2026";"28/07/2026";316;0;316;
"AERECO GmbH";"";"26030000150770";"PREVISION";"A3772E";"";"28/07/2026";"28/07/2026";156;0;156;
"AERECO GmbH";"";"26030000150806";"PREVISION";"A4260";"";"28/07/2026";"28/07/2026";27;0;27;
"AERECO GmbH";"NOR";"26030000150842";"PREVISION";"A4581E01";"";"28/07/2026";"28/07/2026";18;0;18;
"AERECO GmbH";"";"26030000150873";"PREVISION";"A5650E01";"";"28/07/2026";"28/07/2026";3;0;3;
"AERECO GmbH";"NOR";"26030000150925";"PREVISION";"AEA086XX";"";"28/07/2026";"28/07/2026";1;0;1;
"AERECO WENTYLACJA Sp. z.o.o";"";"26030000150947";"PREVISION";"AEA098XX";"";"28/07/2026";"28/07/2026";121;0;121;
"AERECO GmbH";"NOR";"26030000151006";"PREVISION";"AEA1151XX";"";"28/07/2026";"28/07/2026";1080;0;1080;
"AERECO GmbH";"NOR";"26030000151028";"PREVISION";"AEA1152XX";"";"28/07/2026";"28/07/2026";1080;0;1080;
"AERECO GmbH";"NOR";"26030000151063";"PREVISION";"AEA1216GM";"";"28/07/2026";"28/07/2026";55;0;55;
"AERECO GmbH";"NOR";"26030000151098";"PREVISION";"AEA1217GM";"";"28/07/2026";"28/07/2026";69;0;69;
"AERECO GmbH";"NOR";"26030000151165";"PREVISION";"AEA1241XX";"";"28/07/2026";"28/07/2026";1809;0;1809;
"AERECO WENTYLACJA Sp. z.o.o";"NOR";"26030000151193";"PREVISION";"AEA1242XX";"";"28/07/2026";"28/07/2026";36;0;36;
"AERECO WENTYLACJA Sp. z.o.o";"NOR";"26030000151225";"PREVISION";"AEA1243XX";"";"28/07/2026";"28/07/2026";1440;0;1440;
"AERECO GmbH";"";"26030000151252";"PREVISION";"AEA1335EX";"";"28/07/2026";"28/07/2026";5;0;5;
"AERECO GmbH";"";"26030000151291";"PREVISION";"AEA1339EX";"";"28/07/2026";"28/07/2026";25;0;25;
"AERECO GmbH";"";"26030000151322";"PREVISION";"AEA1426XX";"";"28/07/2026";"28/07/2026";9;0;9;
"AERECO GmbH";"NOR";"26030000151362";"PREVISION";"AEA1429XX";"";"28/07/2026";"28/07/2026";18;0;18;
"AERECO GmbH";"";"26030000151394";"PREVISION";"AEA156XX";"";"28/07/2026";"28/07/2026";1;0;1;
"AERECO GmbH";"";"26030000151412";"PREVISION";"AEA157XX";"";"28/07/2026";"28/07/2026";2;0;2;
"AERECO GmbH";"";"26030000151439";"PREVISION";"AEA1954XX";"";"28/07/2026";"28/07/2026";14;0;14;
"AERECO Ventilation AB";"";"26030000151479";"PREVISION";"AEA1955XX";"";"28/07/2026";"28/07/2026";13;0;13;
"AERECO Ventilation AB";"";"26030000151515";"PREVISION";"AEA1958XX";"";"28/07/2026";"28/07/2026";57;0;57;
"AERECO GmbH";"NOR";"26030000151555";"PREVISION";"AEA1992XX";"";"28/07/2026";"28/07/2026";134;0;134;
"AERECO GmbH";"";"26030000151662";"PREVISION";"AEA2115XX";"";"28/07/2026";"28/07/2026";61;0;61;
"AERECO GmbH";"NOR";"26030000151702";"PREVISION";"AEA301XX";"";"28/07/2026";"28/07/2026";116;0;116;
"AERECO GmbH";"";"26030000151754";"PREVISION";"AEA400GM";"";"28/07/2026";"28/07/2026";2;0;2;
"AERECO GmbH";"";"26030000151794";"PREVISION";"AEA453XX";"";"28/07/2026";"28/07/2026";35;0;35;
"AERECO GmbH";"NOR";"26030000151863";"PREVISION";"AEA731XX";"";"28/07/2026";"28/07/2026";1809;0;1809;
"AERECO GmbH";"NOR";"26030000151924";"PREVISION";"AEA775XX";"";"28/07/2026";"28/07/2026";88;0;88;
"AERECO GmbH";"";"26030000151957";"PREVISION";"AEA776XX";"";"28/07/2026";"28/07/2026";5;0;5;
"AERECO GmbH";"";"26030000151993";"PREVISION";"AEA778XX";"";"28/07/2026";"28/07/2026";57;0;57;
"AERECO GmbH";"";"26030000152028";"PREVISION";"AEA808XX";"";"28/07/2026";"28/07/2026";1;0;1;
"AERECO GmbH";"NOR";"26030000152062";"PREVISION";"AEA809XX";"";"28/07/2026";"28/07/2026";17;0;17;
"AERECO GmbH";"NOR";"26030000152101";"PREVISION";"AEA833XX";"";"28/07/2026";"28/07/2026";1440;0;1440;
"AERECO GmbH";"";"26030000152120";"PREVISION";"AEA834XX";"";"28/07/2026";"28/07/2026";1;0;1;
"AERECO GmbH";"";"26030000152168";"PREVISION";"AEA877XX";"";"28/07/2026";"28/07/2026";2;0;2;
"AERECO GmbH";"NOR";"26030000152190";"PREVISION";"AEA942EX";"";"28/07/2026";"28/07/2026";92;0;92;
"AERECO GmbH";"";"26030000152230";"PREVISION";"AEA967XX";"";"28/07/2026";"28/07/2026";31;0;31;
"AERECO GmbH";"";"26030000152270";"PREVISION";"AEA968XX";"";"28/07/2026";"28/07/2026";7;0;7;
"AERECO GmbH";"NOR";"26030000152327";"PREVISION";"AVE056XX";"";"28/07/2026";"28/07/2026";7;0;7;
"AERECO WENTYLACJA Sp. z.o.o";"NOR";"26030000152370";"PREVISION";"AVE1267EX";"";"28/07/2026";"28/07/2026";4;0;4;
"AERECO GmbH";"NOR";"26030000152384";"PREVISION";"B3382";"";"28/07/2026";"28/07/2026";4;0;4;
"AERECO GmbH";"";"26030000152424";"PREVISION";"B3651";"";"28/07/2026";"28/07/2026";13;0;13;
"AERECO Ventilation AB";"NOR";"26030000152464";"PREVISION";"B6794";"";"28/07/2026";"28/07/2026";25;0;25;
"AERECO Ventilation AB";"";"26030000152504";"PREVISION";"B6796";"";"28/07/2026";"28/07/2026";14;0;14;
"AERECO GmbH";"NOR";"26030000152557";"PREVISION";"BFE2068GM";"";"28/07/2026";"28/07/2026";4;0;4;
"AERECO GmbH";"NOR";"26030000152615";"PREVISION";"BFX1931GM";"";"28/07/2026";"28/07/2026";40;0;40;
"AERECO GmbH";"";"26030000152652";"PREVISION";"BXC1889EX";"";"28/07/2026";"28/07/2026";3;0;3;
"AERECO GmbH";"NOR";"26030000152716";"PREVISION";"BXC1890GM";"";"28/07/2026";"28/07/2026";288;0;288;
"AERECO GmbH";"NOR";"26030000152745";"PREVISION";"BXC1891EX";"";"28/07/2026";"28/07/2026";14;0;14;
"AERECO GmbH";"NOR";"26030000152809";"PREVISION";"BXC1893GM";"";"28/07/2026";"28/07/2026";288;0;288;
"AERECO WENTYLACJA Sp. z.o.o";"NOR";"26030000152882";"PREVISION";"BXC1899EX";"";"28/07/2026";"28/07/2026";61;0;61;
"AERECO WENTYLACJA Sp. z.o.o";"NOR";"26030000152917";"PREVISION";"BXC1900EX";"";"28/07/2026";"28/07/2026";288;0;288;
"AERECO GmbH";"NOR";"26030000152942";"PREVISION";"BXC1900GM";"";"28/07/2026";"28/07/2026";288;0;288;
"AERECO WENTYLACJA Sp. z.o.o";"NOR";"26030000152963";"PREVISION";"BXC1901EX";"";"28/07/2026";"28/07/2026";10;0;10;
"AERECO GmbH";"NOR";"26030000152994";"PREVISION";"BXC1901GM";"";"28/07/2026";"28/07/2026";22;0;22;
"AERECO WENTYLACJA Sp. z.o.o";"";"26030000153031";"PREVISION";"BXC1902EX";"";"28/07/2026";"28/07/2026";9;0;9;
"AERECO WENTYLACJA Sp. z.o.o";"NOR";"26030000153069";"PREVISION";"BXC1903EX";"";"28/07/2026";"28/07/2026";23;0;23;
"AERECO GmbH";"NOR";"26030000153102";"PREVISION";"BXC1903GM";"";"28/07/2026";"28/07/2026";24;0;24;
"AERECO WENTYLACJA Sp. z.o.o";"NOR";"26030000153136";"PREVISION";"BXC1905EX";"";"28/07/2026";"28/07/2026";15;0;15;
"AERECO GmbH";"NOR";"26030000153163";"PREVISION";"BXC1905GM";"";"28/07/2026";"28/07/2026";1;0;1;
"AERECO WENTYLACJA Sp. z.o.o";"";"26030000153190";"PREVISION";"BXC1906EX";"";"28/07/2026";"28/07/2026";1;0;1;
"AERECO WENTYLACJA Sp. z.o.o";"NOR";"26030000153210";"PREVISION";"BXC1907EX";"";"28/07/2026";"28/07/2026";1152;0;1152;
"AERECO WENTYLACJA Sp. z.o.o";"NOR";"26030000153244";"PREVISION";"BXC1908EX";"";"28/07/2026";"28/07/2026";171;0;171;
"AERECO GmbH";"";"26030000153274";"PREVISION";"BXC1910EX";"";"28/07/2026";"28/07/2026";22;0;22;
"AERECO WENTYLACJA Sp. z.o.o";"";"26030000153307";"PREVISION";"BXC1912EX";"";"28/07/2026";"28/07/2026";4;0;4;
"AERECO WENTYLACJA Sp. z.o.o";"NOR";"26030000153340";"PREVISION";"BXC1915EX";"";"28/07/2026";"28/07/2026";17;0;17;
"AERECO GmbH";"NOR";"26030000153368";"PREVISION";"BXC1922GM";"";"28/07/2026";"28/07/2026";22;0;22;
"AERECO GmbH";"NOR";"26030000153403";"PREVISION";"BXC1923GM";"";"28/07/2026";"28/07/2026";11;0;11;
"AERECO GmbH";"NOR";"26030000153434";"PREVISION";"BXC1924GM";"";"28/07/2026";"28/07/2026";11;0;11;
"AERECO GmbH";"NOR";"26030000153469";"PREVISION";"BXC1925GM";"";"28/07/2026";"28/07/2026";33;0;33;
"AERECO GmbH";"NOR";"26030000153508";"PREVISION";"BXC2138GM";"";"28/07/2026";"28/07/2026";27;0;27;
"AERECO GmbH";"";"26030000153545";"PREVISION";"BXC2139GM";"";"28/07/2026";"28/07/2026";16;0;16;
"AERECO GmbH";"NOR";"26030000153580";"PREVISION";"BXC2142GM";"";"28/07/2026";"28/07/2026";1;0;1;
"AERECO GmbH";"NOR";"26030000153658";"PREVISION";"BXE2053GM";"";"28/07/2026";"28/07/2026";8;0;8;
"AERECO GmbH";"NOR";"26030000153689";"PREVISION";"BXE2055GM";"";"28/07/2026";"28/07/2026";1;0;1;
"AERECO GmbH";"NOR";"26030000153754";"PREVISION";"BXE2065GM";"";"28/07/2026";"28/07/2026";2;0;2;
"AERECO GmbH";"NOR";"26030000153802";"PREVISION";"BXE2066GM";"";"28/07/2026";"28/07/2026";1;0;1;
"AERECO GmbH";"NOR";"26030000153941";"PREVISION";"BXE2077GM";"";"28/07/2026";"28/07/2026";8;0;8;
"AERECO GmbH";"NOR";"26030000154017";"PREVISION";"BXE2078GM";"";"28/07/2026";"28/07/2026";12;0;12;
"AERECO GmbH";"NOR";"26030000154049";"PREVISION";"BXE2079GM";"";"28/07/2026";"28/07/2026";13;0;13;
"AERECO GmbH";"NOR";"26030000154085";"PREVISION";"BXE2080GM";"";"28/07/2026";"28/07/2026";2;0;2;
"AERECO GmbH";"NOR";"26030000154122";"PREVISION";"BXE2189GM";"";"28/07/2026";"28/07/2026";1;0;1;
"AERECO GmbH";"NOR";"26030000154143";"PREVISION";"BXE2192GM";"";"28/07/2026";"28/07/2026";1;0;1;
"AERECO GmbH";"";"26030000154169";"PREVISION";"BXE2194GM";"";"28/07/2026";"28/07/2026";1;0;1;
"AERECO GmbH";"NOR";"26030000154195";"PREVISION";"BXE2201GM";"";"28/07/2026";"28/07/2026";1;0;1;
"AERECO GmbH";"NOR";"26030000154218";"PREVISION";"BXE2202GM";"";"28/07/2026";"28/07/2026";4;0;4;
"AERECO GmbH";"NOR";"26030000154262";"PREVISION";"C1339";"";"28/07/2026";"28/07/2026";34;0;34;
"AERECO GmbH";"";"26030000154311";"PREVISION";"EAF309EX";"";"28/07/2026";"28/07/2026";48;0;48;
"AERECO GmbH";"";"26030000154441";"PREVISION";"EAF323EX";"";"28/07/2026";"28/07/2026";51;0;51;
"AERECO GmbH";"";"26030000154477";"PREVISION";"EAR1245EX";"";"28/07/2026";"28/07/2026";62;0;62;
"AERECO GmbH";"NOR";"26030000154550";"PREVISION";"EAR200GM";"";"28/07/2026";"28/07/2026";720;0;720;
"AERECO GmbH";"NOR";"26030000154569";"PREVISION";"EAR2018GM";"";"28/07/2026";"28/07/2026";83;0;83;
"AERECO GmbH";"NOR";"26030000154598";"PREVISION";"EAR2019GM";"";"28/07/2026";"28/07/2026";360;0;360;
"AERECO WENTYLACJA Sp. z.o.o";"NOR";"26030000154657";"PREVISION";"EAR201PO";"";"28/07/2026";"28/07/2026";648;0;648;
"AERECO WENTYLACJA Sp. z.o.o";"NOR";"26030000154792";"PREVISION";"EAR206PO";"";"28/07/2026";"28/07/2026";576;0;576;
"AERECO WENTYLACJA Sp. z.o.o";"NOR";"26030000154925";"PREVISION";"EFR174XX";"";"28/07/2026";"28/07/2026";9;0;9;
"AERECO GmbH";"NOR";"26030000155003";"PREVISION";"EHM1275GM";"";"28/07/2026";"28/07/2026";77;0;77;
"AERECO WENTYLACJA Sp. z.o.o";"";"26030000155042";"PREVISION";"EHM1276EX";"";"28/07/2026";"28/07/2026";87;0;87;
"AERECO GmbH";"NOR";"26030000155077";"PREVISION";"EHM1276GM";"";"28/07/2026";"28/07/2026";45;0;45;
"AERECO GmbH";"";"26030000155201";"PREVISION";"EHP1198GM";"";"28/07/2026";"28/07/2026";62;0;62;
"AERECO GmbH";"NOR";"26030000155269";"PREVISION";"EHP1219GM";"";"28/07/2026";"28/07/2026";41;0;41;
"AERECO GmbH";"";"26030000155303";"PREVISION";"EHP1222EX";"";"28/07/2026";"28/07/2026";3;0;3;
"AERECO GmbH";"NOR";"26030000155330";"PREVISION";"EHP1874GM";"";"28/07/2026";"28/07/2026";1080;0;1080;
"AERECO GmbH";"";"26030000155345";"PREVISION";"EHP1875GM";"";"28/07/2026";"28/07/2026";1080;0;1080;
"ALDES S.p.A.";"";"26030000155369";"PREVISION";"EHT780EX";"";"28/07/2026";"28/07/2026";50;0;50;
"AERECO GmbH";"NOR";"26030000155400";"PREVISION";"EHT780GM";"";"28/07/2026";"28/07/2026";69;0;69;
"AERECO WENTYLACJA Sp. z.o.o";"NOR";"26030000155431";"PREVISION";"EHT780PO";"";"28/07/2026";"28/07/2026";720;0;720;
"ALDES S.p.A.";"";"26030000155452";"PREVISION";"EHT969EX";"";"28/07/2026";"28/07/2026";3;0;3;
"AERECO WENTYLACJA Sp. z.o.o";"NOR";"26030000155507";"PREVISION";"EMM707PO";"";"28/07/2026";"28/07/2026";864;0;864;
"AERECO WENTYLACJA Sp. z.o.o";"NOR";"26030000155552";"PREVISION";"EMM716PO";"";"28/07/2026";"28/07/2026";2160;0;2160;
"AERECO Ventilation AB";"";"26030000155620";"PREVISION";"ETF1864EX";"";"28/07/2026";"28/07/2026";3;0;3;
"AERECO Ventilation AB";"";"26030000155634";"PREVISION";"ETF1865EX";"";"28/07/2026";"28/07/2026";3;0;3;
"AERECO Ventilation AB";"NOR";"26030000155669";"PREVISION";"ETH1853EX";"";"28/07/2026";"28/07/2026";104;0;104;
"AERECO Ventilation AB";"";"26030000155696";"PREVISION";"ETH1858EX";"";"28/07/2026";"28/07/2026";12;0;12;
"AERECO Ventilation AB";"NOR";"26030000155706";"PREVISION";"ETH1984EX";"";"28/07/2026";"28/07/2026";576;0;576;
"AERECO GmbH";"";"26030000155767";"PREVISION";"ETH2104GM";"";"28/07/2026";"28/07/2026";225;0;225;
"AERECO GmbH";"NOR";"26030000155825";"PREVISION";"FBE1089GM";"";"28/07/2026";"28/07/2026";104;0;104;
"AERECO GmbH";"";"26030000155881";"PREVISION";"G2H1064EX";"";"28/07/2026";"28/07/2026";8;0;8;
"AERECO GmbH";"NOR";"26030000155922";"PREVISION";"K3168";"";"28/07/2026";"28/07/2026";137;0;137;
"AERECO GmbH";"NOR";"26030000155961";"PREVISION";"K3338";"";"28/07/2026";"28/07/2026";83;0;83;
"AERECO GmbH";"";"26030000156000";"PREVISION";"SE3203";"";"28/07/2026";"28/07/2026";6;0;6;
"AERECO WENTYLACJA Sp. z.o.o";"NOR";"26030000156038";"PREVISION";"V2A032EX";"";"28/07/2026";"28/07/2026";5;0;5;
"AERECO GmbH";"";"26030000156065";"PREVISION";"V2A032GM";"";"28/07/2026";"28/07/2026";2;0;2;
"AERECO WENTYLACJA Sp. z.o.o";"";"26030000156205";"PREVISION";"VB42165EX";"";"28/07/2026";"28/07/2026";4;0;4;
"AERECO GmbH";"";"26030000156218";"PREVISION";"VBP2173EX";"";"28/07/2026";"28/07/2026";1;0;1;
"AERECO WENTYLACJA Sp. z.o.o";"NOR";"26030000156241";"PREVISION";"VBP2173PO";"";"28/07/2026";"28/07/2026";90;0;90;
"AERECO WENTYLACJA Sp. z.o.o";"MTS";"26030000111920";"PREVISION";"11016309";"";"03/08/2026";"03/08/2026";720;0;720;
"AERECO WENTYLACJA Sp. z.o.o";"MTS";"26030000111985";"PREVISION";"11016312";"";"03/08/2026";"03/08/2026";300;0;300;
"ALDES Venticontrol S.A.";"MTS";"AR2601485";"COMMANDE";"BDC1694AL";"F426-10182";"21/03/2026";"03/08/2026";432;0;432;
"AERECO WENTYLACJA Sp. z.o.o";"NOR";"26030000150687";"PREVISION";"11819090";"";"04/08/2026";"04/08/2026";180;0;180;
"AERECO WENTYLACJA Sp. z.o.o";"NOR";"26030000150712";"PREVISION";"11819091";"";"04/08/2026";"04/08/2026";720;0;720;
"AERECO WENTYLACJA Sp. z.o.o";"";"26030000150749";"PREVISION";"A3764W01";"";"04/08/2026";"04/08/2026";396;0;396;
"AERECO GmbH";"";"26030000150771";"PREVISION";"A3772E";"";"04/08/2026";"04/08/2026";185;0;185;
"AERECO GmbH";"NOR";"26030000150843";"PREVISION";"A4581E01";"";"04/08/2026";"04/08/2026";18;0;18;
"AERECO GmbH";"";"26030000150874";"PREVISION";"A5650E01";"";"04/08/2026";"04/08/2026";3;0;3;
"AERECO WENTYLACJA Sp. z.o.o";"";"26030000150948";"PREVISION";"AEA098XX";"";"04/08/2026";"04/08/2026";25;0;25;
"AERECO WENTYLACJA Sp. z.o.o";"NOR";"26030000151043";"PREVISION";"AEA1201XX";"";"04/08/2026";"04/08/2026";452;0;452;
"AERECO GmbH";"NOR";"26030000151064";"PREVISION";"AEA1216GM";"";"04/08/2026";"04/08/2026";62;0;62;
"AERECO GmbH";"NOR";"26030000151099";"PREVISION";"AEA1217GM";"";"04/08/2026";"04/08/2026";77;0;77;
"AERECO GmbH";"NOR";"26030000151166";"PREVISION";"AEA1241XX";"";"04/08/2026";"04/08/2026";1809;0;1809;
"AERECO WENTYLACJA Sp. z.o.o";"NOR";"26030000151194";"PREVISION";"AEA1242XX";"";"04/08/2026";"04/08/2026";7;0;7;
"AERECO WENTYLACJA Sp. z.o.o";"NOR";"26030000151226";"PREVISION";"AEA1243XX";"";"04/08/2026";"04/08/2026";1440;0;1440;
"AERECO GmbH";"";"26030000151253";"PREVISION";"AEA1335EX";"";"04/08/2026";"04/08/2026";7;0;7;
"AERECO GmbH";"";"26030000151292";"PREVISION";"AEA1339EX";"";"04/08/2026";"04/08/2026";20;0;20;
"AERECO GmbH";"";"26030000151323";"PREVISION";"AEA1426XX";"";"04/08/2026";"04/08/2026";10;0;10;
"AERECO GmbH";"NOR";"26030000151363";"PREVISION";"AEA1429XX";"";"04/08/2026";"04/08/2026";19;0;19;
"AERECO GmbH";"";"26030000151440";"PREVISION";"AEA1954XX";"";"04/08/2026";"04/08/2026";3;0;3;
"AERECO Ventilation AB";"";"26030000151480";"PREVISION";"AEA1955XX";"";"04/08/2026";"04/08/2026";2;0;2;
"AERECO Ventilation AB";"";"26030000151516";"PREVISION";"AEA1958XX";"";"04/08/2026";"04/08/2026";11;0;11;
"AERECO GmbH";"NOR";"26030000151556";"PREVISION";"AEA1992XX";"";"04/08/2026";"04/08/2026";31;0;31;
"AERECO GmbH";"";"26030000151663";"PREVISION";"AEA2115XX";"";"04/08/2026";"04/08/2026";68;0;68;
"AERECO GmbH";"NOR";"26030000151703";"PREVISION";"AEA301XX";"";"04/08/2026";"04/08/2026";50;0;50;
"AERECO GmbH";"";"26030000151734";"PREVISION";"AEA332XX";"";"04/08/2026";"04/08/2026";1;0;1;
"AERECO GmbH";"";"26030000151755";"PREVISION";"AEA400GM";"";"04/08/2026";"04/08/2026";3;0;3;
"AERECO GmbH";"";"26030000151795";"PREVISION";"AEA453XX";"";"04/08/2026";"04/08/2026";41;0;41;
"AERECO GmbH";"NOR";"26030000151864";"PREVISION";"AEA731XX";"";"04/08/2026";"04/08/2026";1809;0;1809;
"AERECO GmbH";"NOR";"26030000151886";"PREVISION";"AEA733XX";"";"04/08/2026";"04/08/2026";18;0;18;
"AERECO GmbH";"NOR";"26030000151925";"PREVISION";"AEA775XX";"";"04/08/2026";"04/08/2026";110;0;110;
"AERECO GmbH";"";"26030000151994";"PREVISION";"AEA778XX";"";"04/08/2026";"04/08/2026";52;0;52;
"AERECO GmbH";"";"26030000152029";"PREVISION";"AEA808XX";"";"04/08/2026";"04/08/2026";1;0;1;
"AERECO GmbH";"NOR";"26030000152063";"PREVISION";"AEA809XX";"";"04/08/2026";"04/08/2026";6;0;6;
"AERECO GmbH";"NOR";"26030000152090";"PREVISION";"AEA827XX";"";"04/08/2026";"04/08/2026";1809;0;1809;
"AERECO GmbH";"NOR";"26030000152143";"PREVISION";"AEA851XX";"";"04/08/2026";"04/08/2026";720;0;720;
"AERECO GmbH";"NOR";"26030000152191";"PREVISION";"AEA942EX";"";"04/08/2026";"04/08/2026";103;0;103;
"AERECO GmbH";"";"26030000152231";"PREVISION";"AEA967XX";"";"04/08/2026";"04/08/2026";6;0;6;
"AERECO GmbH";"";"26030000152271";"PREVISION";"AEA968XX";"";"04/08/2026";"04/08/2026";1;0;1;
"AERECO GmbH";"NOR";"26030000152328";"PREVISION";"AVE056XX";"";"04/08/2026";"04/08/2026";13;0;13;
"AERECO GmbH";"NOR";"26030000152385";"PREVISION";"B3382";"";"04/08/2026";"04/08/2026";4;0;4;
"AERECO GmbH";"";"26030000152425";"PREVISION";"B3651";"";"04/08/2026";"04/08/2026";2;0;2;
"AERECO Ventilation AB";"NOR";"26030000152465";"PREVISION";"B6794";"";"04/08/2026";"04/08/2026";13;0;13;
"AERECO Ventilation AB";"";"26030000152505";"PREVISION";"B6796";"";"04/08/2026";"04/08/2026";3;0;3;
"AERECO GmbH";"NOR";"26030000152558";"PREVISION";"BFE2068GM";"";"04/08/2026";"04/08/2026";1;0;1;
"AERECO GmbH";"NOR";"26030000152616";"PREVISION";"BFX1931GM";"";"04/08/2026";"04/08/2026";45;0;45;
"AERECO GmbH";"NOR";"26030000152717";"PREVISION";"BXC1890GM";"";"04/08/2026";"04/08/2026";288;0;288;
"AERECO GmbH";"NOR";"26030000152746";"PREVISION";"BXC1891EX";"";"04/08/2026";"04/08/2026";8;0;8;
"AERECO GmbH";"NOR";"26030000152810";"PREVISION";"BXC1893GM";"";"04/08/2026";"04/08/2026";288;0;288;
"AERECO WENTYLACJA Sp. z.o.o";"NOR";"26030000152918";"PREVISION";"BXC1900EX";"";"04/08/2026";"04/08/2026";288;0;288;
"AERECO GmbH";"NOR";"26030000152943";"PREVISION";"BXC1900GM";"";"04/08/2026";"04/08/2026";288;0;288;
"AERECO WENTYLACJA Sp. z.o.o";"NOR";"26030000152964";"PREVISION";"BXC1901EX";"";"04/08/2026";"04/08/2026";2;0;2;
"AERECO GmbH";"NOR";"26030000152995";"PREVISION";"BXC1901GM";"";"04/08/2026";"04/08/2026";24;0;24;
"AERECO WENTYLACJA Sp. z.o.o";"";"26030000153032";"PREVISION";"BXC1902EX";"";"04/08/2026";"04/08/2026";1;0;1;
"AERECO WENTYLACJA Sp. z.o.o";"NOR";"26030000153070";"PREVISION";"BXC1903EX";"";"04/08/2026";"04/08/2026";14;0;14;
"AERECO GmbH";"NOR";"26030000153103";"PREVISION";"BXC1903GM";"";"04/08/2026";"04/08/2026";27;0;27;
"AERECO GmbH";"NOR";"26030000153164";"PREVISION";"BXC1905GM";"";"04/08/2026";"04/08/2026";2;0;2;
"AERECO WENTYLACJA Sp. z.o.o";"NOR";"26030000153211";"PREVISION";"BXC1907EX";"";"04/08/2026";"04/08/2026";1152;0;1152;
"AERECO GmbH";"";"26030000153275";"PREVISION";"BXC1910EX";"";"04/08/2026";"04/08/2026";24;0;24;
"AERECO GmbH";"NOR";"26030000153369";"PREVISION";"BXC1922GM";"";"04/08/2026";"04/08/2026";24;0;24;
"AERECO GmbH";"NOR";"26030000153404";"PREVISION";"BXC1923GM";"";"04/08/2026";"04/08/2026";12;0;12;
"AERECO GmbH";"NOR";"26030000153435";"PREVISION";"BXC1924GM";"";"04/08/2026";"04/08/2026";12;0;12;
"AERECO GmbH";"NOR";"26030000153470";"PREVISION";"BXC1925GM";"";"04/08/2026";"04/08/2026";37;0;37;
"AERECO GmbH";"NOR";"26030000153509";"PREVISION";"BXC2138GM";"";"04/08/2026";"04/08/2026";31;0;31;
"AERECO GmbH";"";"26030000153546";"PREVISION";"BXC2139GM";"";"04/08/2026";"04/08/2026";18;0;18;
"AERECO GmbH";"NOR";"26030000153581";"PREVISION";"BXC2142GM";"";"04/08/2026";"04/08/2026";1;0;1;
"AERECO GmbH";"NOR";"26030000153659";"PREVISION";"BXE2053GM";"";"04/08/2026";"04/08/2026";9;0;9;
"AERECO GmbH";"NOR";"26030000153690";"PREVISION";"BXE2055GM";"";"04/08/2026";"04/08/2026";1;0;1;
"AERECO GmbH";"NOR";"26030000153755";"PREVISION";"BXE2065GM";"";"04/08/2026";"04/08/2026";2;0;2;
"AERECO GmbH";"NOR";"26030000153803";"PREVISION";"BXE2066GM";"";"04/08/2026";"04/08/2026";1;0;1;
"AERECO GmbH";"NOR";"26030000153880";"PREVISION";"BXE2073GM";"";"04/08/2026";"04/08/2026";1;0;1;
"AERECO GmbH";"NOR";"26030000153942";"PREVISION";"BXE2077GM";"";"04/08/2026";"04/08/2026";9;0;9;
"AERECO GmbH";"NOR";"26030000154018";"PREVISION";"BXE2078GM";"";"04/08/2026";"04/08/2026";13;0;13;
"AERECO GmbH";"NOR";"26030000154050";"PREVISION";"BXE2079GM";"";"04/08/2026";"04/08/2026";14;0;14;
"AERECO GmbH";"NOR";"26030000154086";"PREVISION";"BXE2080GM";"";"04/08/2026";"04/08/2026";2;0;2;
"AERECO GmbH";"NOR";"26030000154123";"PREVISION";"BXE2189GM";"";"04/08/2026";"04/08/2026";1;0;1;
"AERECO GmbH";"NOR";"26030000154144";"PREVISION";"BXE2192GM";"";"04/08/2026";"04/08/2026";1;0;1;
"AERECO GmbH";"";"26030000154170";"PREVISION";"BXE2194GM";"";"04/08/2026";"04/08/2026";1;0;1;
"AERECO GmbH";"NOR";"26030000154196";"PREVISION";"BXE2201GM";"";"04/08/2026";"04/08/2026";1;0;1;
"AERECO GmbH";"NOR";"26030000154219";"PREVISION";"BXE2202GM";"";"04/08/2026";"04/08/2026";4;0;4;
"AERECO GmbH";"NOR";"26030000154263";"PREVISION";"C1339";"";"04/08/2026";"04/08/2026";38;0;38;
"AERECO GmbH";"";"26030000154312";"PREVISION";"EAF309EX";"";"04/08/2026";"04/08/2026";18;0;18;
"AERECO GmbH";"";"26030000154442";"PREVISION";"EAF323EX";"";"04/08/2026";"04/08/2026";10;0;10;
"AERECO GmbH";"";"26030000154478";"PREVISION";"EAR1245EX";"";"04/08/2026";"04/08/2026";112;0;112;
"AERECO GmbH";"NOR";"26030000154570";"PREVISION";"EAR2018GM";"";"04/08/2026";"04/08/2026";93;0;93;
"OOO VIVA LOGISTICS";"NOR";"26030000154619";"PREVISION";"EAR201EX";"";"04/08/2026";"04/08/2026";648;0;648;
"AERECO WENTYLACJA Sp. z.o.o";"NOR";"26030000154658";"PREVISION";"EAR201PO";"";"04/08/2026";"04/08/2026";648;0;648;
"AERECO WENTYLACJA Sp. z.o.o";"NOR";"26030000154793";"PREVISION";"EAR206PO";"";"04/08/2026";"04/08/2026";576;0;576;
"AERECO WENTYLACJA Sp. z.o.o";"NOR";"26030000154926";"PREVISION";"EFR174XX";"";"04/08/2026";"04/08/2026";21;0;21;
"AERECO GmbH";"NOR";"26030000155004";"PREVISION";"EHM1275GM";"";"04/08/2026";"04/08/2026";86;0;86;
"AERECO WENTYLACJA Sp. z.o.o";"";"26030000155043";"PREVISION";"EHM1276EX";"";"04/08/2026";"04/08/2026";7;0;7;
"AERECO GmbH";"NOR";"26030000155078";"PREVISION";"EHM1276GM";"";"04/08/2026";"04/08/2026";50;0;50;
"AERECO GmbH";"";"26030000155202";"PREVISION";"EHP1198GM";"";"04/08/2026";"04/08/2026";69;0;69;
"AERECO GmbH";"NOR";"26030000155270";"PREVISION";"EHP1219GM";"";"04/08/2026";"04/08/2026";46;0;46;
"AERECO GmbH";"";"26030000155304";"PREVISION";"EHP1222EX";"";"04/08/2026";"04/08/2026";3;0;3;
"ALDES S.p.A.";"";"26030000155370";"PREVISION";"EHT780EX";"";"04/08/2026";"04/08/2026";10;0;10;
"AERECO GmbH";"NOR";"26030000155401";"PREVISION";"EHT780GM";"";"04/08/2026";"04/08/2026";77;0;77;
"AERECO WENTYLACJA Sp. z.o.o";"NOR";"26030000155508";"PREVISION";"EMM707PO";"";"04/08/2026";"04/08/2026";1728;0;1728;
"AERECO WENTYLACJA Sp. z.o.o";"NOR";"26030000155553";"PREVISION";"EMM716PO";"";"04/08/2026";"04/08/2026";1080;0;1080;
"AERECO Ventilation AB";"NOR";"26030000155670";"PREVISION";"ETH1853EX";"";"04/08/2026";"04/08/2026";34;0;34;
"AERECO GmbH";"";"26030000155768";"PREVISION";"ETH2104GM";"";"04/08/2026";"04/08/2026";225;0;225;
"AERECO GmbH";"NOR";"26030000155826";"PREVISION";"FBE1089GM";"";"04/08/2026";"04/08/2026";116;0;116;
"AERECO GmbH";"";"26030000155882";"PREVISION";"G2H1064EX";"";"04/08/2026";"04/08/2026";9;0;9;
"AERECO GmbH";"NOR";"26030000155923";"PREVISION";"K3168";"";"04/08/2026";"04/08/2026";133;0;133;
"AERECO GmbH";"NOR";"26030000155962";"PREVISION";"K3338";"";"04/08/2026";"04/08/2026";86;0;86;
"AERECO GmbH";"";"26030000156001";"PREVISION";"SE3203";"";"04/08/2026";"04/08/2026";28;0;28;
"AERECO GmbH";"";"26030000156066";"PREVISION";"V2A032GM";"";"04/08/2026";"04/08/2026";3;0;3;
"AERECO GmbH";"";"26030000156219";"PREVISION";"VBP2173EX";"";"04/08/2026";"04/08/2026";1;0;1;
"AERECO WENTYLACJA Sp. z.o.o";"NOR";"26030000150671";"PREVISION";"11016310";"";"11/08/2026";"11/08/2026";576;0;576;
"AERECO WENTYLACJA Sp. z.o.o";"NOR";"26030000150688";"PREVISION";"11819090";"";"11/08/2026";"11/08/2026";180;0;180;
"AERECO WENTYLACJA Sp. z.o.o";"NOR";"26030000150713";"PREVISION";"11819091";"";"11/08/2026";"11/08/2026";720;0;720;
"AERECO WENTYLACJA Sp. z.o.o";"";"26030000150750";"PREVISION";"A3764W01";"";"11/08/2026";"11/08/2026";396;0;396;
"AERECO GmbH";"";"26030000150772";"PREVISION";"A3772E";"";"11/08/2026";"11/08/2026";185;0;185;
"AERECO GmbH";"NOR";"26030000150844";"PREVISION";"A4581E01";"";"11/08/2026";"11/08/2026";18;0;18;
"AERECO GmbH";"";"26030000150875";"PREVISION";"A5650E01";"";"11/08/2026";"11/08/2026";3;0;3;
"AERECO WENTYLACJA Sp. z.o.o";"";"26030000150949";"PREVISION";"AEA098XX";"";"11/08/2026";"11/08/2026";25;0;25;
"AERECO GmbH";"NOR";"26030000151029";"PREVISION";"AEA1152XX";"";"11/08/2026";"11/08/2026";1080;0;1080;
"AERECO WENTYLACJA Sp. z.o.o";"NOR";"26030000151044";"PREVISION";"AEA1201XX";"";"11/08/2026";"11/08/2026";452;0;452;
"AERECO GmbH";"NOR";"26030000151065";"PREVISION";"AEA1216GM";"";"11/08/2026";"11/08/2026";62;0;62;
"AERECO GmbH";"NOR";"26030000151100";"PREVISION";"AEA1217GM";"";"11/08/2026";"11/08/2026";77;0;77;
"AERECO GmbH";"NOR";"26030000151167";"PREVISION";"AEA1241XX";"";"11/08/2026";"11/08/2026";1809;0;1809;
"AERECO WENTYLACJA Sp. z.o.o";"NOR";"26030000151195";"PREVISION";"AEA1242XX";"";"11/08/2026";"11/08/2026";7;0;7;
"AERECO GmbH";"";"26030000151254";"PREVISION";"AEA1335EX";"";"11/08/2026";"11/08/2026";7;0;7;
"AERECO GmbH";"";"26030000151293";"PREVISION";"AEA1339EX";"";"11/08/2026";"11/08/2026";20;0;20;
"AERECO GmbH";"";"26030000151324";"PREVISION";"AEA1426XX";"";"11/08/2026";"11/08/2026";10;0;10;
"AERECO GmbH";"NOR";"26030000151364";"PREVISION";"AEA1429XX";"";"11/08/2026";"11/08/2026";19;0;19;
"AERECO GmbH";"";"26030000151441";"PREVISION";"AEA1954XX";"";"11/08/2026";"11/08/2026";3;0;3;
"AERECO Ventilation AB";"";"26030000151481";"PREVISION";"AEA1955XX";"";"11/08/2026";"11/08/2026";2;0;2;
"AERECO Ventilation AB";"";"26030000151517";"PREVISION";"AEA1958XX";"";"11/08/2026";"11/08/2026";11;0;11;
"AERECO GmbH";"NOR";"26030000151557";"PREVISION";"AEA1992XX";"";"11/08/2026";"11/08/2026";31;0;31;
"AERECO GmbH";"";"26030000151664";"PREVISION";"AEA2115XX";"";"11/08/2026";"11/08/2026";68;0;68;
"AERECO GmbH";"NOR";"26030000151704";"PREVISION";"AEA301XX";"";"11/08/2026";"11/08/2026";50;0;50;
"AERECO GmbH";"";"26030000151735";"PREVISION";"AEA332XX";"";"11/08/2026";"11/08/2026";1;0;1;
"AERECO GmbH";"";"26030000151756";"PREVISION";"AEA400GM";"";"11/08/2026";"11/08/2026";3;0;3;
"AERECO GmbH";"";"26030000151796";"PREVISION";"AEA453XX";"";"11/08/2026";"11/08/2026";41;0;41;
"AERECO GmbH";"NOR";"26030000151887";"PREVISION";"AEA733XX";"";"11/08/2026";"11/08/2026";18;0;18;
"AERECO GmbH";"NOR";"26030000151926";"PREVISION";"AEA775XX";"";"11/08/2026";"11/08/2026";110;0;110;
"AERECO GmbH";"";"26030000151995";"PREVISION";"AEA778XX";"";"11/08/2026";"11/08/2026";52;0;52;
"AERECO GmbH";"";"26030000152030";"PREVISION";"AEA808XX";"";"11/08/2026";"11/08/2026";1;0;1;
"AERECO GmbH";"NOR";"26030000152064";"PREVISION";"AEA809XX";"";"11/08/2026";"11/08/2026";6;0;6;
"AERECO GmbH";"NOR";"26030000152102";"PREVISION";"AEA833XX";"";"11/08/2026";"11/08/2026";1440;0;1440;
"AERECO GmbH";"NOR";"26030000152144";"PREVISION";"AEA851XX";"";"11/08/2026";"11/08/2026";720;0;720;
"AERECO WENTYLACJA Sp. z.o.o";"NOR";"26030000152155";"PREVISION";"AEA852XX";"";"11/08/2026";"11/08/2026";1440;0;1440;
"AERECO GmbH";"NOR";"26030000152192";"PREVISION";"AEA942EX";"";"11/08/2026";"11/08/2026";103;0;103;
"AERECO GmbH";"";"26030000152232";"PREVISION";"AEA967XX";"";"11/08/2026";"11/08/2026";6;0;6;
"AERECO GmbH";"";"26030000152272";"PREVISION";"AEA968XX";"";"11/08/2026";"11/08/2026";1;0;1;
"AERECO GmbH";"NOR";"26030000152329";"PREVISION";"AVE056XX";"";"11/08/2026";"11/08/2026";13;0;13;
"AERECO GmbH";"NOR";"26030000152386";"PREVISION";"B3382";"";"11/08/2026";"11/08/2026";4;0;4;
"AERECO GmbH";"";"26030000152426";"PREVISION";"B3651";"";"11/08/2026";"11/08/2026";2;0;2;
"AERECO Ventilation AB";"NOR";"26030000152466";"PREVISION";"B6794";"";"11/08/2026";"11/08/2026";13;0;13;
"AERECO Ventilation AB";"";"26030000152506";"PREVISION";"B6796";"";"11/08/2026";"11/08/2026";3;0;3;
"AERECO GmbH";"NOR";"26030000152559";"PREVISION";"BFE2068GM";"";"11/08/2026";"11/08/2026";1;0;1;
"AERECO GmbH";"NOR";"26030000152617";"PREVISION";"BFX1931GM";"";"11/08/2026";"11/08/2026";45;0;45;
"AERECO GmbH";"NOR";"26030000152718";"PREVISION";"BXC1890GM";"";"11/08/2026";"11/08/2026";288;0;288;
"AERECO GmbH";"NOR";"26030000152747";"PREVISION";"BXC1891EX";"";"11/08/2026";"11/08/2026";8;0;8;
"AERECO WENTYLACJA Sp. z.o.o";"NOR";"26030000152919";"PREVISION";"BXC1900EX";"";"11/08/2026";"11/08/2026";288;0;288;
"AERECO WENTYLACJA Sp. z.o.o";"NOR";"26030000152965";"PREVISION";"BXC1901EX";"";"11/08/2026";"11/08/2026";2;0;2;
"AERECO GmbH";"NOR";"26030000152996";"PREVISION";"BXC1901GM";"";"11/08/2026";"11/08/2026";24;0;24;
"AERECO WENTYLACJA Sp. z.o.o";"";"26030000153033";"PREVISION";"BXC1902EX";"";"11/08/2026";"11/08/2026";1;0;1;
"AERECO WENTYLACJA Sp. z.o.o";"NOR";"26030000153071";"PREVISION";"BXC1903EX";"";"11/08/2026";"11/08/2026";14;0;14;
"AERECO GmbH";"NOR";"26030000153104";"PREVISION";"BXC1903GM";"";"11/08/2026";"11/08/2026";27;0;27;
"AERECO GmbH";"NOR";"26030000153165";"PREVISION";"BXC1905GM";"";"11/08/2026";"11/08/2026";2;0;2;
"AERECO WENTYLACJA Sp. z.o.o";"NOR";"26030000153212";"PREVISION";"BXC1907EX";"";"11/08/2026";"11/08/2026";1152;0;1152;
"AERECO GmbH";"";"26030000153276";"PREVISION";"BXC1910EX";"";"11/08/2026";"11/08/2026";24;0;24;
"AERECO GmbH";"NOR";"26030000153370";"PREVISION";"BXC1922GM";"";"11/08/2026";"11/08/2026";24;0;24;
"AERECO GmbH";"NOR";"26030000153405";"PREVISION";"BXC1923GM";"";"11/08/2026";"11/08/2026";12;0;12;
"AERECO GmbH";"NOR";"26030000153436";"PREVISION";"BXC1924GM";"";"11/08/2026";"11/08/2026";12;0;12;
"AERECO GmbH";"NOR";"26030000153471";"PREVISION";"BXC1925GM";"";"11/08/2026";"11/08/2026";37;0;37;
"AERECO GmbH";"NOR";"26030000153510";"PREVISION";"BXC2138GM";"";"11/08/2026";"11/08/2026";31;0;31;
"AERECO GmbH";"";"26030000153547";"PREVISION";"BXC2139GM";"";"11/08/2026";"11/08/2026";18;0;18;
"AERECO GmbH";"NOR";"26030000153582";"PREVISION";"BXC2142GM";"";"11/08/2026";"11/08/2026";1;0;1;
"AERECO GmbH";"NOR";"26030000153660";"PREVISION";"BXE2053GM";"";"11/08/2026";"11/08/2026";9;0;9;
"AERECO GmbH";"NOR";"26030000153691";"PREVISION";"BXE2055GM";"";"11/08/2026";"11/08/2026";1;0;1;
"AERECO GmbH";"NOR";"26030000153756";"PREVISION";"BXE2065GM";"";"11/08/2026";"11/08/2026";2;0;2;
"AERECO GmbH";"NOR";"26030000153804";"PREVISION";"BXE2066GM";"";"11/08/2026";"11/08/2026";1;0;1;
"AERECO GmbH";"NOR";"26030000153881";"PREVISION";"BXE2073GM";"";"11/08/2026";"11/08/2026";1;0;1;
"AERECO GmbH";"NOR";"26030000153943";"PREVISION";"BXE2077GM";"";"11/08/2026";"11/08/2026";9;0;9;
"AERECO GmbH";"NOR";"26030000154019";"PREVISION";"BXE2078GM";"";"11/08/2026";"11/08/2026";13;0;13;
"AERECO GmbH";"NOR";"26030000154051";"PREVISION";"BXE2079GM";"";"11/08/2026";"11/08/2026";14;0;14;
"AERECO GmbH";"NOR";"26030000154087";"PREVISION";"BXE2080GM";"";"11/08/2026";"11/08/2026";2;0;2;
"AERECO GmbH";"NOR";"26030000154124";"PREVISION";"BXE2189GM";"";"11/08/2026";"11/08/2026";1;0;1;
"AERECO GmbH";"NOR";"26030000154145";"PREVISION";"BXE2192GM";"";"11/08/2026";"11/08/2026";1;0;1;
"AERECO GmbH";"";"26030000154171";"PREVISION";"BXE2194GM";"";"11/08/2026";"11/08/2026";1;0;1;
"AERECO GmbH";"NOR";"26030000154197";"PREVISION";"BXE2201GM";"";"11/08/2026";"11/08/2026";1;0;1;
"AERECO GmbH";"NOR";"26030000154220";"PREVISION";"BXE2202GM";"";"11/08/2026";"11/08/2026";4;0;4;
"AERECO WENTYLACJA Sp. z.o.o";"NOR";"26030000154248";"PREVISION";"BXL888PO";"";"11/08/2026";"11/08/2026";576;0;576;
"AERECO GmbH";"NOR";"26030000154264";"PREVISION";"C1339";"";"11/08/2026";"11/08/2026";38;0;38;
"AERECO GmbH";"";"26030000154313";"PREVISION";"EAF309EX";"";"11/08/2026";"11/08/2026";18;0;18;
"AERECO GmbH";"";"26030000154443";"PREVISION";"EAF323EX";"";"11/08/2026";"11/08/2026";10;0;10;
"AERECO GmbH";"";"26030000154479";"PREVISION";"EAR1245EX";"";"11/08/2026";"11/08/2026";112;0;112;
"AERECO GmbH";"NOR";"26030000154551";"PREVISION";"EAR200GM";"";"11/08/2026";"11/08/2026";720;0;720;
"AERECO GmbH";"NOR";"26030000154571";"PREVISION";"EAR2018GM";"";"11/08/2026";"11/08/2026";93;0;93;
"AERECO GmbH";"NOR";"26030000154599";"PREVISION";"EAR2019GM";"";"11/08/2026";"11/08/2026";360;0;360;
"AERECO GmbH";"";"26030000154636";"PREVISION";"EAR201GM";"";"11/08/2026";"11/08/2026";648;0;648;
"AERECO WENTYLACJA Sp. z.o.o";"NOR";"26030000154659";"PREVISION";"EAR201PO";"";"11/08/2026";"11/08/2026";1296;0;1296;
"AERECO WENTYLACJA Sp. z.o.o";"NOR";"26030000154794";"PREVISION";"EAR206PO";"";"11/08/2026";"11/08/2026";576;0;576;
"AERECO GmbH";"NOR";"26030000154821";"PREVISION";"EAR282GM";"";"11/08/2026";"11/08/2026";576;0;576;
"AERECO WENTYLACJA Sp. z.o.o";"NOR";"26030000154927";"PREVISION";"EFR174XX";"";"11/08/2026";"11/08/2026";21;0;21;
"AERECO GmbH";"NOR";"26030000155005";"PREVISION";"EHM1275GM";"";"11/08/2026";"11/08/2026";86;0;86;
"AERECO WENTYLACJA Sp. z.o.o";"";"26030000155044";"PREVISION";"EHM1276EX";"";"11/08/2026";"11/08/2026";7;0;7;
"AERECO GmbH";"NOR";"26030000155079";"PREVISION";"EHM1276GM";"";"11/08/2026";"11/08/2026";50;0;50;
"AERECO GmbH";"";"26030000155203";"PREVISION";"EHP1198GM";"";"11/08/2026";"11/08/2026";69;0;69;
"AERECO GmbH";"NOR";"26030000155271";"PREVISION";"EHP1219GM";"";"11/08/2026";"11/08/2026";46;0;46;
"AERECO GmbH";"";"26030000155305";"PREVISION";"EHP1222EX";"";"11/08/2026";"11/08/2026";3;0;3;
"AERECO GmbH";"";"26030000155346";"PREVISION";"EHP1875GM";"";"11/08/2026";"11/08/2026";1080;0;1080;
"ALDES S.p.A.";"";"26030000155371";"PREVISION";"EHT780EX";"";"11/08/2026";"11/08/2026";10;0;10;
"AERECO GmbH";"NOR";"26030000155402";"PREVISION";"EHT780GM";"";"11/08/2026";"11/08/2026";77;0;77;
"AERECO WENTYLACJA Sp. z.o.o";"NOR";"26030000155432";"PREVISION";"EHT780PO";"";"11/08/2026";"11/08/2026";720;0;720;
"AERECO WENTYLACJA Sp. z.o.o";"NOR";"26030000155481";"PREVISION";"EMM1484EX";"";"11/08/2026";"11/08/2026";1080;0;1080;
"AERECO WENTYLACJA Sp. z.o.o";"NOR";"26030000155509";"PREVISION";"EMM707PO";"";"11/08/2026";"11/08/2026";864;0;864;
"AERECO WENTYLACJA Sp. z.o.o";"NOR";"26030000155554";"PREVISION";"EMM716PO";"";"11/08/2026";"11/08/2026";1080;0;1080;
"AERECO Ventilation AB";"NOR";"26030000155671";"PREVISION";"ETH1853EX";"";"11/08/2026";"11/08/2026";34;0;34;
"AERECO Ventilation AB";"NOR";"26030000155707";"PREVISION";"ETH1984EX";"";"11/08/2026";"11/08/2026";192;0;192;
"AERECO GmbH";"";"26030000155769";"PREVISION";"ETH2104GM";"";"11/08/2026";"11/08/2026";225;0;225;
"AERECO GmbH";"NOR";"26030000155827";"PREVISION";"FBE1089GM";"";"11/08/2026";"11/08/2026";116;0;116;
"AERECO GmbH";"";"26030000155883";"PREVISION";"G2H1064EX";"";"11/08/2026";"11/08/2026";9;0;9;
"AERECO GmbH";"NOR";"26030000155924";"PREVISION";"K3168";"";"11/08/2026";"11/08/2026";133;0;133;
"AERECO GmbH";"NOR";"26030000155963";"PREVISION";"K3338";"";"11/08/2026";"11/08/2026";86;0;86;
"AERECO GmbH";"";"26030000156002";"PREVISION";"SE3203";"";"11/08/2026";"11/08/2026";28;0;28;
"AERECO GmbH";"";"26030000156067";"PREVISION";"V2A032GM";"";"11/08/2026";"11/08/2026";3;0;3;
"AERECO GmbH";"";"26030000156220";"PREVISION";"VBP2173EX";"";"11/08/2026";"11/08/2026";1;0;1;
"AERECO WENTYLACJA Sp. z.o.o";"NOR";"26030000156242";"PREVISION";"VBP2173PO";"";"11/08/2026";"11/08/2026";90;0;90;
"AERECO WENTYLACJA Sp. z.o.o";"MTS";"26030000111891";"PREVISION";"11016308";"";"17/08/2026";"17/08/2026";1200;0;1200;
"AERECO WENTYLACJA Sp. z.o.o";"MTS";"26030000111921";"PREVISION";"11016309";"";"17/08/2026";"17/08/2026";720;0;720;
"AERECO WENTYLACJA Sp. z.o.o";"NOR";"26030000111959";"PREVISION";"11016310";"";"17/08/2026";"17/08/2026";480;0;480;
"AERECO WENTYLACJA Sp. z.o.o";"NOR";"26030000150689";"PREVISION";"11819090";"";"18/08/2026";"18/08/2026";180;0;180;
"AERECO WENTYLACJA Sp. z.o.o";"";"26030000150751";"PREVISION";"A3764W01";"";"18/08/2026";"18/08/2026";396;0;396;
"AERECO GmbH";"";"26030000150773";"PREVISION";"A3772E";"";"18/08/2026";"18/08/2026";185;0;185;
"AERECO GmbH";"NOR";"26030000150845";"PREVISION";"A4581E01";"";"18/08/2026";"18/08/2026";18;0;18;
"AERECO GmbH";"";"26030000150876";"PREVISION";"A5650E01";"";"18/08/2026";"18/08/2026";3;0;3;
"AERECO WENTYLACJA Sp. z.o.o";"";"26030000150950";"PREVISION";"AEA098XX";"";"18/08/2026";"18/08/2026";25;0;25;
"AERECO WENTYLACJA Sp. z.o.o";"NOR";"26030000151045";"PREVISION";"AEA1201XX";"";"18/08/2026";"18/08/2026";452;0;452;
"AERECO GmbH";"NOR";"26030000151066";"PREVISION";"AEA1216GM";"";"18/08/2026";"18/08/2026";62;0;62;
"AERECO GmbH";"NOR";"26030000151101";"PREVISION";"AEA1217GM";"";"18/08/2026";"18/08/2026";77;0;77;
"AERECO WENTYLACJA Sp. z.o.o";"NOR";"26030000151196";"PREVISION";"AEA1242XX";"";"18/08/2026";"18/08/2026";7;0;7;
"AERECO GmbH";"";"26030000151255";"PREVISION";"AEA1335EX";"";"18/08/2026";"18/08/2026";7;0;7;
"AERECO GmbH";"";"26030000151294";"PREVISION";"AEA1339EX";"";"18/08/2026";"18/08/2026";20;0;20;
"AERECO GmbH";"";"26030000151325";"PREVISION";"AEA1426XX";"";"18/08/2026";"18/08/2026";10;0;10;
"AERECO GmbH";"NOR";"26030000151365";"PREVISION";"AEA1429XX";"";"18/08/2026";"18/08/2026";19;0;19;
"AERECO GmbH";"";"26030000151442";"PREVISION";"AEA1954XX";"";"18/08/2026";"18/08/2026";3;0;3;
"AERECO Ventilation AB";"";"26030000151482";"PREVISION";"AEA1955XX";"";"18/08/2026";"18/08/2026";2;0;2;
"AERECO Ventilation AB";"";"26030000151518";"PREVISION";"AEA1958XX";"";"18/08/2026";"18/08/2026";11;0;11;
"AERECO GmbH";"NOR";"26030000151558";"PREVISION";"AEA1992XX";"";"18/08/2026";"18/08/2026";31;0;31;
"AERECO GmbH";"";"26030000151665";"PREVISION";"AEA2115XX";"";"18/08/2026";"18/08/2026";68;0;68;
"AERECO GmbH";"NOR";"26030000151705";"PREVISION";"AEA301XX";"";"18/08/2026";"18/08/2026";50;0;50;
"AERECO GmbH";"";"26030000151736";"PREVISION";"AEA332XX";"";"18/08/2026";"18/08/2026";1;0;1;
"AERECO GmbH";"";"26030000151757";"PREVISION";"AEA400GM";"";"18/08/2026";"18/08/2026";3;0;3;
"AERECO GmbH";"";"26030000151797";"PREVISION";"AEA453XX";"";"18/08/2026";"18/08/2026";41;0;41;
"AERECO GmbH";"NOR";"26030000151888";"PREVISION";"AEA733XX";"";"18/08/2026";"18/08/2026";18;0;18;
"AERECO GmbH";"NOR";"26030000151927";"PREVISION";"AEA775XX";"";"18/08/2026";"18/08/2026";110;0;110;
"AERECO GmbH";"";"26030000151996";"PREVISION";"AEA778XX";"";"18/08/2026";"18/08/2026";52;0;52;
"AERECO GmbH";"";"26030000152031";"PREVISION";"AEA808XX";"";"18/08/2026";"18/08/2026";1;0;1;
"AERECO GmbH";"NOR";"26030000152065";"PREVISION";"AEA809XX";"";"18/08/2026";"18/08/2026";6;0;6;
"AERECO GmbH";"NOR";"26030000152193";"PREVISION";"AEA942EX";"";"18/08/2026";"18/08/2026";103;0;103;
"AERECO GmbH";"";"26030000152233";"PREVISION";"AEA967XX";"";"18/08/2026";"18/08/2026";6;0;6;
"AERECO GmbH";"";"26030000152273";"PREVISION";"AEA968XX";"";"18/08/2026";"18/08/2026";1;0;1;
"AERECO GmbH";"NOR";"26030000152330";"PREVISION";"AVE056XX";"";"18/08/2026";"18/08/2026";13;0;13;
"AERECO GmbH";"NOR";"26030000152387";"PREVISION";"B3382";"";"18/08/2026";"18/08/2026";4;0;4;
"AERECO GmbH";"";"26030000152427";"PREVISION";"B3651";"";"18/08/2026";"18/08/2026";2;0;2;
"AERECO Ventilation AB";"NOR";"26030000152467";"PREVISION";"B6794";"";"18/08/2026";"18/08/2026";13;0;13;
"AERECO Ventilation AB";"";"26030000152507";"PREVISION";"B6796";"";"18/08/2026";"18/08/2026";3;0;3;
"AERECO GmbH";"NOR";"26030000152560";"PREVISION";"BFE2068GM";"";"18/08/2026";"18/08/2026";1;0;1;
"AERECO GmbH";"NOR";"26030000152618";"PREVISION";"BFX1931GM";"";"18/08/2026";"18/08/2026";45;0;45;
"AERECO GmbH";"NOR";"26030000152719";"PREVISION";"BXC1890GM";"";"18/08/2026";"18/08/2026";288;0;288;
"AERECO GmbH";"NOR";"26030000152748";"PREVISION";"BXC1891EX";"";"18/08/2026";"18/08/2026";8;0;8;
"AERECO WENTYLACJA Sp. z.o.o";"NOR";"26030000152966";"PREVISION";"BXC1901EX";"";"18/08/2026";"18/08/2026";2;0;2;
"AERECO GmbH";"NOR";"26030000152997";"PREVISION";"BXC1901GM";"";"18/08/2026";"18/08/2026";24;0;24;
"AERECO WENTYLACJA Sp. z.o.o";"";"26030000153034";"PREVISION";"BXC1902EX";"";"18/08/2026";"18/08/2026";1;0;1;
"AERECO WENTYLACJA Sp. z.o.o";"NOR";"26030000153072";"PREVISION";"BXC1903EX";"";"18/08/2026";"18/08/2026";14;0;14;
"AERECO GmbH";"NOR";"26030000153105";"PREVISION";"BXC1903GM";"";"18/08/2026";"18/08/2026";27;0;27;
"AERECO GmbH";"NOR";"26030000153166";"PREVISION";"BXC1905GM";"";"18/08/2026";"18/08/2026";2;0;2;
"AERECO GmbH";"";"26030000153277";"PREVISION";"BXC1910EX";"";"18/08/2026";"18/08/2026";24;0;24;
"AERECO GmbH";"NOR";"26030000153371";"PREVISION";"BXC1922GM";"";"18/08/2026";"18/08/2026";24;0;24;
"AERECO GmbH";"NOR";"26030000153406";"PREVISION";"BXC1923GM";"";"18/08/2026";"18/08/2026";12;0;12;
"AERECO GmbH";"NOR";"26030000153437";"PREVISION";"BXC1924GM";"";"18/08/2026";"18/08/2026";12;0;12;
"AERECO GmbH";"NOR";"26030000153472";"PREVISION";"BXC1925GM";"";"18/08/2026";"18/08/2026";37;0;37;
"AERECO Ventilation AB";"";"26030000153494";"PREVISION";"BXC1927XO";"";"18/08/2026";"18/08/2026";96;0;96;
"AERECO GmbH";"NOR";"26030000153511";"PREVISION";"BXC2138GM";"";"18/08/2026";"18/08/2026";31;0;31;
"AERECO GmbH";"";"26030000153548";"PREVISION";"BXC2139GM";"";"18/08/2026";"18/08/2026";18;0;18;
"AERECO GmbH";"NOR";"26030000153583";"PREVISION";"BXC2142GM";"";"18/08/2026";"18/08/2026";1;0;1;
"AERECO GmbH";"NOR";"26030000153661";"PREVISION";"BXE2053GM";"";"18/08/2026";"18/08/2026";9;0;9;
"AERECO GmbH";"NOR";"26030000153692";"PREVISION";"BXE2055GM";"";"18/08/2026";"18/08/2026";1;0;1;
"AERECO GmbH";"NOR";"26030000153757";"PREVISION";"BXE2065GM";"";"18/08/2026";"18/08/2026";2;0;2;
"AERECO GmbH";"NOR";"26030000153805";"PREVISION";"BXE2066GM";"";"18/08/2026";"18/08/2026";1;0;1;
"AERECO GmbH";"NOR";"26030000153882";"PREVISION";"BXE2073GM";"";"18/08/2026";"18/08/2026";1;0;1;
"AERECO GmbH";"NOR";"26030000153944";"PREVISION";"BXE2077GM";"";"18/08/2026";"18/08/2026";9;0;9;
"AERECO GmbH";"NOR";"26030000154020";"PREVISION";"BXE2078GM";"";"18/08/2026";"18/08/2026";13;0;13;
"AERECO GmbH";"NOR";"26030000154052";"PREVISION";"BXE2079GM";"";"18/08/2026";"18/08/2026";14;0;14;
"AERECO GmbH";"NOR";"26030000154088";"PREVISION";"BXE2080GM";"";"18/08/2026";"18/08/2026";2;0;2;
"AERECO GmbH";"NOR";"26030000154125";"PREVISION";"BXE2189GM";"";"18/08/2026";"18/08/2026";1;0;1;
"AERECO GmbH";"NOR";"26030000154146";"PREVISION";"BXE2192GM";"";"18/08/2026";"18/08/2026";1;0;1;
"AERECO GmbH";"";"26030000154172";"PREVISION";"BXE2194GM";"";"18/08/2026";"18/08/2026";1;0;1;
"AERECO GmbH";"NOR";"26030000154198";"PREVISION";"BXE2201GM";"";"18/08/2026";"18/08/2026";1;0;1;
"AERECO GmbH";"NOR";"26030000154221";"PREVISION";"BXE2202GM";"";"18/08/2026";"18/08/2026";4;0;4;
"AERECO GmbH";"NOR";"26030000154265";"PREVISION";"C1339";"";"18/08/2026";"18/08/2026";38;0;38;
"AERECO GmbH";"";"26030000154314";"PREVISION";"EAF309EX";"";"18/08/2026";"18/08/2026";18;0;18;
"AERECO GmbH";"";"26030000154444";"PREVISION";"EAF323EX";"";"18/08/2026";"18/08/2026";10;0;10;
"AERECO GmbH";"";"26030000154480";"PREVISION";"EAR1245EX";"";"18/08/2026";"18/08/2026";112;0;112;
"AERECO GmbH";"NOR";"26030000154572";"PREVISION";"EAR2018GM";"";"18/08/2026";"18/08/2026";93;0;93;
"AERECO WENTYLACJA Sp. z.o.o";"NOR";"26030000154928";"PREVISION";"EFR174XX";"";"18/08/2026";"18/08/2026";21;0;21;
"AERECO GmbH";"NOR";"26030000155006";"PREVISION";"EHM1275GM";"";"18/08/2026";"18/08/2026";86;0;86;
"AERECO WENTYLACJA Sp. z.o.o";"";"26030000155045";"PREVISION";"EHM1276EX";"";"18/08/2026";"18/08/2026";7;0;7;
"AERECO GmbH";"NOR";"26030000155080";"PREVISION";"EHM1276GM";"";"18/08/2026";"18/08/2026";50;0;50;
"AERECO GmbH";"";"26030000155204";"PREVISION";"EHP1198GM";"";"18/08/2026";"18/08/2026";69;0;69;
"AERECO GmbH";"NOR";"26030000155272";"PREVISION";"EHP1219GM";"";"18/08/2026";"18/08/2026";46;0;46;
"AERECO GmbH";"";"26030000155306";"PREVISION";"EHP1222EX";"";"18/08/2026";"18/08/2026";3;0;3;
"ALDES S.p.A.";"";"26030000155372";"PREVISION";"EHT780EX";"";"18/08/2026";"18/08/2026";10;0;10;
"AERECO GmbH";"NOR";"26030000155403";"PREVISION";"EHT780GM";"";"18/08/2026";"18/08/2026";77;0;77;
"AERECO Ventilation AB";"NOR";"26030000155672";"PREVISION";"ETH1853EX";"";"18/08/2026";"18/08/2026";34;0;34;
"AERECO GmbH";"NOR";"26030000155828";"PREVISION";"FBE1089GM";"";"18/08/2026";"18/08/2026";116;0;116;
"AERECO GmbH";"";"26030000155884";"PREVISION";"G2H1064EX";"";"18/08/2026";"18/08/2026";9;0;9;
"AERECO GmbH";"NOR";"26030000155925";"PREVISION";"K3168";"";"18/08/2026";"18/08/2026";133;0;133;
"AERECO GmbH";"NOR";"26030000155964";"PREVISION";"K3338";"";"18/08/2026";"18/08/2026";86;0;86;
"AERECO GmbH";"";"26030000156003";"PREVISION";"SE3203";"";"18/08/2026";"18/08/2026";28;0;28;
"AERECO GmbH";"";"26030000156068";"PREVISION";"V2A032GM";"";"18/08/2026";"18/08/2026";3;0;3;
"AERECO GmbH";"";"26030000156221";"PREVISION";"VBP2173EX";"";"18/08/2026";"18/08/2026";1;0;1;
"AERECO WENTYLACJA Sp. z.o.o";"NOR";"26030000110199";"PREVISION";"11011516";"";"24/08/2026";"24/08/2026";720;0;720;
"AERECO WENTYLACJA Sp. z.o.o";"MTS";"26030000111892";"PREVISION";"11016308";"";"24/08/2026";"24/08/2026";1200;0;1200;
"AERECO WENTYLACJA Sp. z.o.o";"MTS";"26030000111922";"PREVISION";"11016309";"";"24/08/2026";"24/08/2026";720;0;720;
"AERECO WENTYLACJA Sp. z.o.o";"MTS";"26030000111986";"PREVISION";"11016312";"";"24/08/2026";"24/08/2026";300;0;300;
"AERECO WENTYLACJA Sp. z.o.o";"NOR";"26030000150672";"PREVISION";"11016310";"";"25/08/2026";"25/08/2026";576;0;576;
"AERECO WENTYLACJA Sp. z.o.o";"NOR";"26030000150690";"PREVISION";"11819090";"";"25/08/2026";"25/08/2026";180;0;180;
"AERECO WENTYLACJA Sp. z.o.o";"NOR";"26030000150714";"PREVISION";"11819091";"";"25/08/2026";"25/08/2026";720;0;720;
"AERECO WENTYLACJA Sp. z.o.o";"";"26030000150752";"PREVISION";"A3764W01";"";"25/08/2026";"25/08/2026";396;0;396;
"AERECO GmbH";"";"26030000150774";"PREVISION";"A3772E";"";"25/08/2026";"25/08/2026";185;0;185;
"AERECO GmbH";"NOR";"26030000150846";"PREVISION";"A4581E01";"";"25/08/2026";"25/08/2026";18;0;18;
"AERECO GmbH";"";"26030000150877";"PREVISION";"A5650E01";"";"25/08/2026";"25/08/2026";3;0;3;
"AERECO WENTYLACJA Sp. z.o.o";"";"26030000150951";"PREVISION";"AEA098XX";"";"25/08/2026";"25/08/2026";25;0;25;
"AERECO GmbH";"NOR";"26030000151007";"PREVISION";"AEA1151XX";"";"25/08/2026";"25/08/2026";1080;0;1080;
"AERECO WENTYLACJA Sp. z.o.o";"NOR";"26030000151046";"PREVISION";"AEA1201XX";"";"25/08/2026";"25/08/2026";452;0;452;
"AERECO GmbH";"NOR";"26030000151067";"PREVISION";"AEA1216GM";"";"25/08/2026";"25/08/2026";62;0;62;
"AERECO GmbH";"NOR";"26030000151102";"PREVISION";"AEA1217GM";"";"25/08/2026";"25/08/2026";77;0;77;
"AERECO WENTYLACJA Sp. z.o.o";"NOR";"26030000151197";"PREVISION";"AEA1242XX";"";"25/08/2026";"25/08/2026";7;0;7;
"AERECO WENTYLACJA Sp. z.o.o";"NOR";"26030000151227";"PREVISION";"AEA1243XX";"";"25/08/2026";"25/08/2026";1440;0;1440;
"AERECO GmbH";"";"26030000151256";"PREVISION";"AEA1335EX";"";"25/08/2026";"25/08/2026";7;0;7;
"AERECO GmbH";"";"26030000151295";"PREVISION";"AEA1339EX";"";"25/08/2026";"25/08/2026";20;0;20;
"AERECO GmbH";"";"26030000151326";"PREVISION";"AEA1426XX";"";"25/08/2026";"25/08/2026";10;0;10;
"AERECO GmbH";"NOR";"26030000151366";"PREVISION";"AEA1429XX";"";"25/08/2026";"25/08/2026";19;0;19;
"AERECO GmbH";"";"26030000151443";"PREVISION";"AEA1954XX";"";"25/08/2026";"25/08/2026";3;0;3;
"AERECO Ventilation AB";"";"26030000151483";"PREVISION";"AEA1955XX";"";"25/08/2026";"25/08/2026";2;0;2;
"AERECO Ventilation AB";"";"26030000151519";"PREVISION";"AEA1958XX";"";"25/08/2026";"25/08/2026";11;0;11;
"AERECO GmbH";"NOR";"26030000151559";"PREVISION";"AEA1992XX";"";"25/08/2026";"25/08/2026";31;0;31;
"AERECO GmbH";"";"26030000151666";"PREVISION";"AEA2115XX";"";"25/08/2026";"25/08/2026";68;0;68;
"AERECO GmbH";"NOR";"26030000151706";"PREVISION";"AEA301XX";"";"25/08/2026";"25/08/2026";50;0;50;
"AERECO GmbH";"";"26030000151737";"PREVISION";"AEA332XX";"";"25/08/2026";"25/08/2026";1;0;1;
"AERECO GmbH";"";"26030000151758";"PREVISION";"AEA400GM";"";"25/08/2026";"25/08/2026";3;0;3;
"AERECO GmbH";"";"26030000151798";"PREVISION";"AEA453XX";"";"25/08/2026";"25/08/2026";41;0;41;
"AERECO GmbH";"NOR";"26030000151889";"PREVISION";"AEA733XX";"";"25/08/2026";"25/08/2026";18;0;18;
"AERECO GmbH";"NOR";"26030000151928";"PREVISION";"AEA775XX";"";"25/08/2026";"25/08/2026";110;0;110;
"AERECO GmbH";"";"26030000151997";"PREVISION";"AEA778XX";"";"25/08/2026";"25/08/2026";52;0;52;
"AERECO GmbH";"";"26030000152032";"PREVISION";"AEA808XX";"";"25/08/2026";"25/08/2026";1;0;1;
"AERECO GmbH";"NOR";"26030000152066";"PREVISION";"AEA809XX";"";"25/08/2026";"25/08/2026";6;0;6;
"AERECO GmbH";"NOR";"26030000152145";"PREVISION";"AEA851XX";"";"25/08/2026";"25/08/2026";720;0;720;
"AERECO GmbH";"NOR";"26030000152194";"PREVISION";"AEA942EX";"";"25/08/2026";"25/08/2026";103;0;103;
"AERECO GmbH";"";"26030000152234";"PREVISION";"AEA967XX";"";"25/08/2026";"25/08/2026";6;0;6;
"AERECO GmbH";"";"26030000152274";"PREVISION";"AEA968XX";"";"25/08/2026";"25/08/2026";1;0;1;
"AERECO GmbH";"NOR";"26030000152331";"PREVISION";"AVE056XX";"";"25/08/2026";"25/08/2026";13;0;13;
"AERECO GmbH";"NOR";"26030000152388";"PREVISION";"B3382";"";"25/08/2026";"25/08/2026";4;0;4;
"AERECO GmbH";"";"26030000152428";"PREVISION";"B3651";"";"25/08/2026";"25/08/2026";2;0;2;
"AERECO Ventilation AB";"NOR";"26030000152468";"PREVISION";"B6794";"";"25/08/2026";"25/08/2026";13;0;13;
"AERECO Ventilation AB";"";"26030000152508";"PREVISION";"B6796";"";"25/08/2026";"25/08/2026";3;0;3;
"AERECO GmbH";"NOR";"26030000152561";"PREVISION";"BFE2068GM";"";"25/08/2026";"25/08/2026";1;0;1;
"AERECO GmbH";"NOR";"26030000152619";"PREVISION";"BFX1931GM";"";"25/08/2026";"25/08/2026";45;0;45;
"AERECO GmbH";"NOR";"26030000152720";"PREVISION";"BXC1890GM";"";"25/08/2026";"25/08/2026";288;0;288;
"AERECO GmbH";"NOR";"26030000152749";"PREVISION";"BXC1891EX";"";"25/08/2026";"25/08/2026";8;0;8;
"AERECO GmbH";"NOR";"26030000152811";"PREVISION";"BXC1893GM";"";"25/08/2026";"25/08/2026";288;0;288;
"AERECO WENTYLACJA Sp. z.o.o";"NOR";"26030000152920";"PREVISION";"BXC1900EX";"";"25/08/2026";"25/08/2026";288;0;288;
"AERECO GmbH";"NOR";"26030000152944";"PREVISION";"BXC1900GM";"";"25/08/2026";"25/08/2026";288;0;288;
"AERECO WENTYLACJA Sp. z.o.o";"NOR";"26030000152967";"PREVISION";"BXC1901EX";"";"25/08/2026";"25/08/2026";2;0;2;
"AERECO GmbH";"NOR";"26030000152998";"PREVISION";"BXC1901GM";"";"25/08/2026";"25/08/2026";24;0;24;
"AERECO WENTYLACJA Sp. z.o.o";"";"26030000153035";"PREVISION";"BXC1902EX";"";"25/08/2026";"25/08/2026";1;0;1;
"AERECO WENTYLACJA Sp. z.o.o";"NOR";"26030000153073";"PREVISION";"BXC1903EX";"";"25/08/2026";"25/08/2026";14;0;14;
"AERECO GmbH";"NOR";"26030000153106";"PREVISION";"BXC1903GM";"";"25/08/2026";"25/08/2026";27;0;27;
"AERECO GmbH";"NOR";"26030000153167";"PREVISION";"BXC1905GM";"";"25/08/2026";"25/08/2026";2;0;2;
"AERECO WENTYLACJA Sp. z.o.o";"NOR";"26030000153213";"PREVISION";"BXC1907EX";"";"25/08/2026";"25/08/2026";1152;0;1152;
"AERECO GmbH";"";"26030000153278";"PREVISION";"BXC1910EX";"";"25/08/2026";"25/08/2026";24;0;24;
"AERECO GmbH";"NOR";"26030000153372";"PREVISION";"BXC1922GM";"";"25/08/2026";"25/08/2026";24;0;24;
"AERECO GmbH";"NOR";"26030000153407";"PREVISION";"BXC1923GM";"";"25/08/2026";"25/08/2026";12;0;12;
"AERECO GmbH";"NOR";"26030000153438";"PREVISION";"BXC1924GM";"";"25/08/2026";"25/08/2026";12;0;12;
"AERECO GmbH";"NOR";"26030000153473";"PREVISION";"BXC1925GM";"";"25/08/2026";"25/08/2026";37;0;37;
"AERECO GmbH";"NOR";"26030000153512";"PREVISION";"BXC2138GM";"";"25/08/2026";"25/08/2026";31;0;31;
"AERECO GmbH";"";"26030000153549";"PREVISION";"BXC2139GM";"";"25/08/2026";"25/08/2026";18;0;18;
"AERECO GmbH";"NOR";"26030000153584";"PREVISION";"BXC2142GM";"";"25/08/2026";"25/08/2026";1;0;1;
"AERECO GmbH";"NOR";"26030000153662";"PREVISION";"BXE2053GM";"";"25/08/2026";"25/08/2026";9;0;9;
"AERECO GmbH";"NOR";"26030000153693";"PREVISION";"BXE2055GM";"";"25/08/2026";"25/08/2026";1;0;1;
"AERECO GmbH";"NOR";"26030000153758";"PREVISION";"BXE2065GM";"";"25/08/2026";"25/08/2026";2;0;2;
"AERECO GmbH";"NOR";"26030000153806";"PREVISION";"BXE2066GM";"";"25/08/2026";"25/08/2026";1;0;1;
"AERECO GmbH";"NOR";"26030000153883";"PREVISION";"BXE2073GM";"";"25/08/2026";"25/08/2026";1;0;1;
"AERECO GmbH";"NOR";"26030000153945";"PREVISION";"BXE2077GM";"";"25/08/2026";"25/08/2026";9;0;9;
"AERECO GmbH";"NOR";"26030000154021";"PREVISION";"BXE2078GM";"";"25/08/2026";"25/08/2026";13;0;13;
"AERECO GmbH";"NOR";"26030000154053";"PREVISION";"BXE2079GM";"";"25/08/2026";"25/08/2026";14;0;14;
"AERECO GmbH";"NOR";"26030000154089";"PREVISION";"BXE2080GM";"";"25/08/2026";"25/08/2026";2;0;2;
"AERECO GmbH";"NOR";"26030000154126";"PREVISION";"BXE2189GM";"";"25/08/2026";"25/08/2026";1;0;1;
"AERECO GmbH";"NOR";"26030000154147";"PREVISION";"BXE2192GM";"";"25/08/2026";"25/08/2026";1;0;1;
"AERECO GmbH";"";"26030000154173";"PREVISION";"BXE2194GM";"";"25/08/2026";"25/08/2026";1;0;1;
"AERECO GmbH";"NOR";"26030000154199";"PREVISION";"BXE2201GM";"";"25/08/2026";"25/08/2026";1;0;1;
"AERECO GmbH";"NOR";"26030000154222";"PREVISION";"BXE2202GM";"";"25/08/2026";"25/08/2026";4;0;4;
"AERECO WENTYLACJA Sp. z.o.o";"NOR";"26030000154249";"PREVISION";"BXL888PO";"";"25/08/2026";"25/08/2026";576;0;576;
"AERECO GmbH";"NOR";"26030000154266";"PREVISION";"C1339";"";"25/08/2026";"25/08/2026";38;0;38;
"AERECO GmbH";"";"26030000154315";"PREVISION";"EAF309EX";"";"25/08/2026";"25/08/2026";18;0;18;
"AERECO GmbH";"";"26030000154445";"PREVISION";"EAF323EX";"";"25/08/2026";"25/08/2026";10;0;10;
"AERECO GmbH";"";"26030000154481";"PREVISION";"EAR1245EX";"";"25/08/2026";"25/08/2026";112;0;112;
"AERECO GmbH";"NOR";"26030000154552";"PREVISION";"EAR200GM";"";"25/08/2026";"25/08/2026";720;0;720;
"AERECO GmbH";"NOR";"26030000154573";"PREVISION";"EAR2018GM";"";"25/08/2026";"25/08/2026";93;0;93;
"AERECO GmbH";"NOR";"26030000154600";"PREVISION";"EAR2019GM";"";"25/08/2026";"25/08/2026";360;0;360;
"AERECO WENTYLACJA Sp. z.o.o";"NOR";"26030000154660";"PREVISION";"EAR201PO";"";"25/08/2026";"25/08/2026";648;0;648;
"AERECO GmbH";"";"26030000154772";"PREVISION";"EAR206GM";"";"25/08/2026";"25/08/2026";576;0;576;
"AERECO WENTYLACJA Sp. z.o.o";"NOR";"26030000154795";"PREVISION";"EAR206PO";"";"25/08/2026";"25/08/2026";864;0;864;
"AERECO WENTYLACJA Sp. z.o.o";"NOR";"26030000154929";"PREVISION";"EFR174XX";"";"25/08/2026";"25/08/2026";21;0;21;
"AERECO GmbH";"NOR";"26030000155007";"PREVISION";"EHM1275GM";"";"25/08/2026";"25/08/2026";86;0;86;
"AERECO WENTYLACJA Sp. z.o.o";"";"26030000155046";"PREVISION";"EHM1276EX";"";"25/08/2026";"25/08/2026";7;0;7;
"AERECO GmbH";"NOR";"26030000155081";"PREVISION";"EHM1276GM";"";"25/08/2026";"25/08/2026";50;0;50;
"AERECO GmbH";"";"26030000155205";"PREVISION";"EHP1198GM";"";"25/08/2026";"25/08/2026";69;0;69;
"AERECO GmbH";"NOR";"26030000155273";"PREVISION";"EHP1219GM";"";"25/08/2026";"25/08/2026";46;0;46;
"AERECO GmbH";"";"26030000155307";"PREVISION";"EHP1222EX";"";"25/08/2026";"25/08/2026";3;0;3;
"AERECO GmbH";"";"26030000155347";"PREVISION";"EHP1875GM";"";"25/08/2026";"25/08/2026";1080;0;1080;
"ALDES S.p.A.";"";"26030000155373";"PREVISION";"EHT780EX";"";"25/08/2026";"25/08/2026";10;0;10;
"AERECO GmbH";"NOR";"26030000155404";"PREVISION";"EHT780GM";"";"25/08/2026";"25/08/2026";77;0;77;
"AERECO WENTYLACJA Sp. z.o.o";"NOR";"26030000155433";"PREVISION";"EHT780PO";"";"25/08/2026";"25/08/2026";720;0;720;
"AERECO WENTYLACJA Sp. z.o.o";"NOR";"26030000155510";"PREVISION";"EMM707PO";"";"25/08/2026";"25/08/2026";864;0;864;
"AERECO WENTYLACJA Sp. z.o.o";"NOR";"26030000155555";"PREVISION";"EMM716PO";"";"25/08/2026";"25/08/2026";1080;0;1080;
"AERECO Ventilation AB";"NOR";"26030000155673";"PREVISION";"ETH1853EX";"";"25/08/2026";"25/08/2026";34;0;34;
"AERECO GmbH";"";"26030000155770";"PREVISION";"ETH2104GM";"";"25/08/2026";"25/08/2026";225;0;225;
"AERECO GmbH";"NOR";"26030000155829";"PREVISION";"FBE1089GM";"";"25/08/2026";"25/08/2026";116;0;116;
"AERECO GmbH";"";"26030000155885";"PREVISION";"G2H1064EX";"";"25/08/2026";"25/08/2026";9;0;9;
"AERECO GmbH";"NOR";"26030000155926";"PREVISION";"K3168";"";"25/08/2026";"25/08/2026";133;0;133;
"AERECO GmbH";"NOR";"26030000155965";"PREVISION";"K3338";"";"25/08/2026";"25/08/2026";86;0;86;
"AERECO GmbH";"";"26030000156004";"PREVISION";"SE3203";"";"25/08/2026";"25/08/2026";28;0;28;
"AERECO GmbH";"";"26030000156069";"PREVISION";"V2A032GM";"";"25/08/2026";"25/08/2026";3;0;3;
"AERECO GmbH";"";"26030000156222";"PREVISION";"VBP2173EX";"";"25/08/2026";"25/08/2026";1;0;1;
"AERECO WENTYLACJA Sp. z.o.o";"NOR";"26030000156243";"PREVISION";"VBP2173PO";"";"25/08/2026";"25/08/2026";90;0;90;
"AERECO WENTYLACJA Sp. z.o.o";"NOR";"26030000111960";"PREVISION";"11016310";"";"31/08/2026";"31/08/2026";480;0;480;
"AERECO WENTYLACJA Sp. z.o.o";"MTS";"26030000111987";"PREVISION";"11016312";"";"31/08/2026";"31/08/2026";300;0;300;
"AERECO WENTYLACJA Sp. z.o.o";"NOR";"26030000150691";"PREVISION";"11819090";"";"01/09/2026";"01/09/2026";180;0;180;
"AERECO WENTYLACJA Sp. z.o.o";"NOR";"26030000150715";"PREVISION";"11819091";"";"01/09/2026";"01/09/2026";720;0;720;
"AERECO GmbH";"";"26030000150775";"PREVISION";"A3772E";"";"01/09/2026";"01/09/2026";234;0;234;
"AERECO GmbH";"";"26030000150807";"PREVISION";"A4260";"";"01/09/2026";"01/09/2026";35;0;35;
"AERECO GmbH";"NOR";"26030000150847";"PREVISION";"A4581E01";"";"01/09/2026";"01/09/2026";22;0;22;
"AERECO GmbH";"";"26030000150878";"PREVISION";"A5650E01";"";"01/09/2026";"01/09/2026";3;0;3;
"AERECO GmbH";"NOR";"26030000150913";"PREVISION";"AEA064XX";"";"01/09/2026";"01/09/2026";1000;0;1000;
"AERECO GmbH";"NOR";"26030000150926";"PREVISION";"AEA086XX";"";"01/09/2026";"01/09/2026";1;0;1;
"AERECO WENTYLACJA Sp. z.o.o";"";"26030000150952";"PREVISION";"AEA098XX";"";"01/09/2026";"01/09/2026";163;0;163;
"AERECO GmbH";"";"26030000150987";"PREVISION";"AEA103XX";"";"01/09/2026";"01/09/2026";1;0;1;
"AERECO GmbH";"NOR";"26030000150995";"PREVISION";"AEA1150XX";"";"01/09/2026";"01/09/2026";1080;0;1080;
"AERECO GmbH";"NOR";"26030000151008";"PREVISION";"AEA1151XX";"";"01/09/2026";"01/09/2026";1080;0;1080;
"AERECO GmbH";"NOR";"26030000151030";"PREVISION";"AEA1152XX";"";"01/09/2026";"01/09/2026";1080;0;1080;
"AERECO GmbH";"NOR";"26030000151068";"PREVISION";"AEA1216GM";"";"01/09/2026";"01/09/2026";64;0;64;
"AERECO GmbH";"NOR";"26030000151103";"PREVISION";"AEA1217GM";"";"01/09/2026";"01/09/2026";80;0;80;
"AERECO GmbH";"NOR";"26030000151168";"PREVISION";"AEA1241XX";"";"01/09/2026";"01/09/2026";1809;0;1809;
"AERECO WENTYLACJA Sp. z.o.o";"NOR";"26030000151198";"PREVISION";"AEA1242XX";"";"01/09/2026";"01/09/2026";48;0;48;
"AERECO WENTYLACJA Sp. z.o.o";"NOR";"26030000151228";"PREVISION";"AEA1243XX";"";"01/09/2026";"01/09/2026";1440;0;1440;
"AERECO GmbH";"";"26030000151257";"PREVISION";"AEA1335EX";"";"01/09/2026";"01/09/2026";7;0;7;
"AERECO GmbH";"";"26030000151296";"PREVISION";"AEA1339EX";"";"01/09/2026";"01/09/2026";30;0;30;
"AERECO GmbH";"";"26030000151327";"PREVISION";"AEA1426XX";"";"01/09/2026";"01/09/2026";11;0;11;
"AERECO GmbH";"NOR";"26030000151367";"PREVISION";"AEA1429XX";"";"01/09/2026";"01/09/2026";22;0;22;
"AERECO GmbH";"";"26030000151395";"PREVISION";"AEA156XX";"";"01/09/2026";"01/09/2026";1;0;1;
"AERECO GmbH";"";"26030000151413";"PREVISION";"AEA157XX";"";"01/09/2026";"01/09/2026";3;0;3;
"AERECO GmbH";"";"26030000151444";"PREVISION";"AEA1954XX";"";"01/09/2026";"01/09/2026";19;0;19;
"AERECO Ventilation AB";"";"26030000151484";"PREVISION";"AEA1955XX";"";"01/09/2026";"01/09/2026";17;0;17;
"AERECO Ventilation AB";"";"26030000151520";"PREVISION";"AEA1958XX";"";"01/09/2026";"01/09/2026";78;0;78;
"AERECO GmbH";"NOR";"26030000151560";"PREVISION";"AEA1992XX";"";"01/09/2026";"01/09/2026";181;0;181;
"AERECO GmbH";"";"26030000151667";"PREVISION";"AEA2115XX";"";"01/09/2026";"01/09/2026";70;0;70;
"AERECO GmbH";"NOR";"26030000151707";"PREVISION";"AEA301XX";"";"01/09/2026";"01/09/2026";153;0;153;
"AERECO GmbH";"NOR";"26030000151730";"PREVISION";"AEA317XX";"";"01/09/2026";"01/09/2026";550;0;550;
"AERECO GmbH";"";"26030000151759";"PREVISION";"AEA400GM";"";"01/09/2026";"01/09/2026";3;0;3;
"AERECO GmbH";"";"26030000151799";"PREVISION";"AEA453XX";"";"01/09/2026";"01/09/2026";44;0;44;
"AERECO GmbH";"NOR";"26030000151865";"PREVISION";"AEA731XX";"";"01/09/2026";"01/09/2026";1809;0;1809;
"AERECO GmbH";"NOR";"26030000151890";"PREVISION";"AEA733XX";"";"01/09/2026";"01/09/2026";7;0;7;
"AERECO GmbH";"NOR";"26030000151903";"PREVISION";"AEA774XX";"";"01/09/2026";"01/09/2026";1;0;1;
"AERECO GmbH";"NOR";"26030000151929";"PREVISION";"AEA775XX";"";"01/09/2026";"01/09/2026";116;0;116;
"AERECO GmbH";"";"26030000151958";"PREVISION";"AEA776XX";"";"01/09/2026";"01/09/2026";6;0;6;
"AERECO GmbH";"";"26030000151998";"PREVISION";"AEA778XX";"";"01/09/2026";"01/09/2026";88;0;88;
"AERECO GmbH";"";"26030000152033";"PREVISION";"AEA808XX";"";"01/09/2026";"01/09/2026";1;0;1;
"AERECO GmbH";"NOR";"26030000152067";"PREVISION";"AEA809XX";"";"01/09/2026";"01/09/2026";22;0;22;
"AERECO GmbH";"NOR";"26030000152103";"PREVISION";"AEA833XX";"";"01/09/2026";"01/09/2026";1440;0;1440;
"AERECO GmbH";"";"26030000152121";"PREVISION";"AEA834XX";"";"01/09/2026";"01/09/2026";2;0;2;
"AERECO GmbH";"";"26030000152169";"PREVISION";"AEA877XX";"";"01/09/2026";"01/09/2026";2;0;2;
"AERECO GmbH";"NOR";"26030000152195";"PREVISION";"AEA942EX";"";"01/09/2026";"01/09/2026";107;0;107;
"AERECO GmbH";"";"26030000152235";"PREVISION";"AEA967XX";"";"01/09/2026";"01/09/2026";42;0;42;
"AERECO GmbH";"";"26030000152275";"PREVISION";"AEA968XX";"";"01/09/2026";"01/09/2026";9;0;9;
"AERECO GmbH";"NOR";"26030000152306";"PREVISION";"AVE055XX";"";"01/09/2026";"01/09/2026";1200;0;1200;
"AERECO GmbH";"NOR";"26030000152332";"PREVISION";"AVE056XX";"";"01/09/2026";"01/09/2026";12;0;12;
"AERECO GmbH";"NOR";"26030000152389";"PREVISION";"B3382";"";"01/09/2026";"01/09/2026";5;0;5;
"AERECO GmbH";"";"26030000152429";"PREVISION";"B3651";"";"01/09/2026";"01/09/2026";17;0;17;
"AERECO Ventilation AB";"NOR";"26030000152469";"PREVISION";"B6794";"";"01/09/2026";"01/09/2026";43;0;43;
"AERECO Ventilation AB";"";"26030000152509";"PREVISION";"B6796";"";"01/09/2026";"01/09/2026";19;0;19;
"AERECO GmbH";"NOR";"26030000152536";"PREVISION";"BFE2009GM";"";"01/09/2026";"01/09/2026";1;0;1;
"AERECO GmbH";"NOR";"26030000152562";"PREVISION";"BFE2068GM";"";"01/09/2026";"01/09/2026";5;0;5;
"AERECO GmbH";"NOR";"26030000152620";"PREVISION";"BFX1931GM";"";"01/09/2026";"01/09/2026";47;0;47;
"AERECO GmbH";"";"26030000152653";"PREVISION";"BXC1889EX";"";"01/09/2026";"01/09/2026";4;0;4;
"AERECO GmbH";"NOR";"26030000152721";"PREVISION";"BXC1890GM";"";"01/09/2026";"01/09/2026";576;0;576;
"AERECO GmbH";"NOR";"26030000152750";"PREVISION";"BXC1891EX";"";"01/09/2026";"01/09/2026";18;0;18;
"AERECO GmbH";"NOR";"26030000152812";"PREVISION";"BXC1893GM";"";"01/09/2026";"01/09/2026";288;0;288;
"AERECO WENTYLACJA Sp. z.o.o";"NOR";"26030000152883";"PREVISION";"BXC1899EX";"";"01/09/2026";"01/09/2026";80;0;80;
"AERECO WENTYLACJA Sp. z.o.o";"NOR";"26030000152921";"PREVISION";"BXC1900EX";"";"01/09/2026";"01/09/2026";288;0;288;
"AERECO GmbH";"NOR";"26030000152945";"PREVISION";"BXC1900GM";"";"01/09/2026";"01/09/2026";288;0;288;
"AERECO WENTYLACJA Sp. z.o.o";"NOR";"26030000152968";"PREVISION";"BXC1901EX";"";"01/09/2026";"01/09/2026";13;0;13;
"AERECO GmbH";"NOR";"26030000152999";"PREVISION";"BXC1901GM";"";"01/09/2026";"01/09/2026";25;0;25;
"AERECO WENTYLACJA Sp. z.o.o";"";"26030000153036";"PREVISION";"BXC1902EX";"";"01/09/2026";"01/09/2026";12;0;12;
"AERECO WENTYLACJA Sp. z.o.o";"NOR";"26030000153074";"PREVISION";"BXC1903EX";"";"01/09/2026";"01/09/2026";42;0;42;
"AERECO GmbH";"NOR";"26030000153107";"PREVISION";"BXC1903GM";"";"01/09/2026";"01/09/2026";29;0;29;
"AERECO WENTYLACJA Sp. z.o.o";"NOR";"26030000153137";"PREVISION";"BXC1905EX";"";"01/09/2026";"01/09/2026";26;0;26;
"AERECO GmbH";"NOR";"26030000153168";"PREVISION";"BXC1905GM";"";"01/09/2026";"01/09/2026";2;0;2;
"AERECO WENTYLACJA Sp. z.o.o";"";"26030000153191";"PREVISION";"BXC1906EX";"";"01/09/2026";"01/09/2026";1;0;1;
"AERECO WENTYLACJA Sp. z.o.o";"NOR";"26030000153214";"PREVISION";"BXC1907EX";"";"01/09/2026";"01/09/2026";1728;0;1728;
"AERECO WENTYLACJA Sp. z.o.o";"NOR";"26030000153245";"PREVISION";"BXC1908EX";"";"01/09/2026";"01/09/2026";219;0;219;
"AERECO GmbH";"";"26030000153279";"PREVISION";"BXC1910EX";"";"01/09/2026";"01/09/2026";25;0;25;
"AERECO WENTYLACJA Sp. z.o.o";"";"26030000153308";"PREVISION";"BXC1912EX";"";"01/09/2026";"01/09/2026";6;0;6;
"AERECO WENTYLACJA Sp. z.o.o";"NOR";"26030000153341";"PREVISION";"BXC1915EX";"";"01/09/2026";"01/09/2026";22;0;22;
"AERECO GmbH";"NOR";"26030000153373";"PREVISION";"BXC1922GM";"";"01/09/2026";"01/09/2026";25;0;25;
"AERECO GmbH";"NOR";"26030000153408";"PREVISION";"BXC1923GM";"";"01/09/2026";"01/09/2026";12;0;12;
"AERECO GmbH";"NOR";"26030000153439";"PREVISION";"BXC1924GM";"";"01/09/2026";"01/09/2026";12;0;12;
"AERECO GmbH";"NOR";"26030000153474";"PREVISION";"BXC1925GM";"";"01/09/2026";"01/09/2026";39;0;39;
"AERECO Ventilation AB";"";"26030000153495";"PREVISION";"BXC1927XO";"";"01/09/2026";"01/09/2026";120;0;120;
"AERECO GmbH";"NOR";"26030000153513";"PREVISION";"BXC2138GM";"";"01/09/2026";"01/09/2026";32;0;32;
"AERECO GmbH";"";"26030000153550";"PREVISION";"BXC2139GM";"";"01/09/2026";"01/09/2026";19;0;19;
"AERECO GmbH";"NOR";"26030000153585";"PREVISION";"BXC2142GM";"";"01/09/2026";"01/09/2026";1;0;1;
"AERECO GmbH";"NOR";"26030000153663";"PREVISION";"BXE2053GM";"";"01/09/2026";"01/09/2026";10;0;10;
"AERECO GmbH";"NOR";"26030000153694";"PREVISION";"BXE2055GM";"";"01/09/2026";"01/09/2026";1;0;1;
"AERECO GmbH";"NOR";"26030000153759";"PREVISION";"BXE2065GM";"";"01/09/2026";"01/09/2026";2;0;2;
"AERECO GmbH";"NOR";"26030000153807";"PREVISION";"BXE2066GM";"";"01/09/2026";"01/09/2026";1;0;1;
"AERECO GmbH";"NOR";"26030000153884";"PREVISION";"BXE2073GM";"";"01/09/2026";"01/09/2026";1;0;1;
"AERECO GmbH";"NOR";"26030000153946";"PREVISION";"BXE2077GM";"";"01/09/2026";"01/09/2026";9;0;9;
"AERECO GmbH";"NOR";"26030000154022";"PREVISION";"BXE2078GM";"";"01/09/2026";"01/09/2026";14;0;14;
"AERECO GmbH";"NOR";"26030000154054";"PREVISION";"BXE2079GM";"";"01/09/2026";"01/09/2026";15;0;15;
"AERECO GmbH";"NOR";"26030000154090";"PREVISION";"BXE2080GM";"";"01/09/2026";"01/09/2026";2;0;2;
"AERECO GmbH";"NOR";"26030000154127";"PREVISION";"BXE2189GM";"";"01/09/2026";"01/09/2026";1;0;1;
"AERECO GmbH";"NOR";"26030000154148";"PREVISION";"BXE2192GM";"";"01/09/2026";"01/09/2026";1;0;1;
"AERECO GmbH";"";"26030000154174";"PREVISION";"BXE2194GM";"";"01/09/2026";"01/09/2026";1;0;1;
"AERECO GmbH";"NOR";"26030000154200";"PREVISION";"BXE2201GM";"";"01/09/2026";"01/09/2026";1;0;1;
"AERECO GmbH";"NOR";"26030000154223";"PREVISION";"BXE2202GM";"";"01/09/2026";"01/09/2026";4;0;4;
"AERECO GmbH";"NOR";"26030000154267";"PREVISION";"C1339";"";"01/09/2026";"01/09/2026";40;0;40;
"AERECO GmbH";"NOR";"26030000154290";"PREVISION";"CAL261EX";"";"01/09/2026";"01/09/2026";1400;0;1400;
"AERECO GmbH";"";"26030000154316";"PREVISION";"EAF309EX";"";"01/09/2026";"01/09/2026";63;0;63;
"AERECO GmbH";"";"26030000154446";"PREVISION";"EAF323EX";"";"01/09/2026";"01/09/2026";69;0;69;
"AERECO GmbH";"";"26030000154482";"PREVISION";"EAR1245EX";"";"01/09/2026";"01/09/2026";134;0;134;
"AERECO GmbH";"NOR";"26030000154574";"PREVISION";"EAR2018GM";"";"01/09/2026";"01/09/2026";96;0;96;
"OOO VIVA LOGISTICS";"NOR";"26030000154620";"PREVISION";"EAR201EX";"";"01/09/2026";"01/09/2026";648;0;648;
"AERECO WENTYLACJA Sp. z.o.o";"NOR";"26030000154661";"PREVISION";"EAR201PO";"";"01/09/2026";"01/09/2026";648;0;648;
"AERECO WENTYLACJA Sp. z.o.o";"NOR";"26030000154796";"PREVISION";"EAR206PO";"";"01/09/2026";"01/09/2026";576;0;576;
"AERECO WENTYLACJA Sp. z.o.o";"NOR";"26030000154930";"PREVISION";"EFR174XX";"";"01/09/2026";"01/09/2026";12;0;12;
"AERECO GmbH";"NOR";"26030000155008";"PREVISION";"EHM1275GM";"";"01/09/2026";"01/09/2026";90;0;90;
"AERECO WENTYLACJA Sp. z.o.o";"";"26030000155047";"PREVISION";"EHM1276EX";"";"01/09/2026";"01/09/2026";116;0;116;
"AERECO GmbH";"NOR";"26030000155082";"PREVISION";"EHM1276GM";"";"01/09/2026";"01/09/2026";52;0;52;
"AERECO GmbH";"";"26030000155206";"PREVISION";"EHP1198GM";"";"01/09/2026";"01/09/2026";72;0;72;
"AERECO GmbH";"NOR";"26030000155274";"PREVISION";"EHP1219GM";"";"01/09/2026";"01/09/2026";48;0;48;
"AERECO GmbH";"";"26030000155308";"PREVISION";"EHP1222EX";"";"01/09/2026";"01/09/2026";4;0;4;
"AERECO GmbH";"NOR";"26030000155331";"PREVISION";"EHP1874GM";"";"01/09/2026";"01/09/2026";1080;0;1080;
"ALDES S.p.A.";"";"26030000155374";"PREVISION";"EHT780EX";"";"01/09/2026";"01/09/2026";68;0;68;
"AERECO GmbH";"NOR";"26030000155405";"PREVISION";"EHT780GM";"";"01/09/2026";"01/09/2026";80;0;80;
"ALDES S.p.A.";"";"26030000155453";"PREVISION";"EHT969EX";"";"01/09/2026";"01/09/2026";5;0;5;
"AERECO WENTYLACJA Sp. z.o.o";"NOR";"26030000155475";"PREVISION";"EMM1189PO";"";"01/09/2026";"01/09/2026";216;0;216;
"AERECO WENTYLACJA Sp. z.o.o";"NOR";"26030000155511";"PREVISION";"EMM707PO";"";"01/09/2026";"01/09/2026";864;0;864;
"AERECO WENTYLACJA Sp. z.o.o";"NOR";"26030000155556";"PREVISION";"EMM716PO";"";"01/09/2026";"01/09/2026";1080;0;1080;
"AERECO Ventilation AB";"";"26030000155635";"PREVISION";"ETF1865EX";"";"01/09/2026";"01/09/2026";4;0;4;
"AERECO Ventilation AB";"NOR";"26030000155674";"PREVISION";"ETH1853EX";"";"01/09/2026";"01/09/2026";153;0;153;
"AERECO Ventilation AB";"";"26030000155697";"PREVISION";"ETH1858EX";"";"01/09/2026";"01/09/2026";23;0;23;
"AERECO GmbH";"";"26030000155771";"PREVISION";"ETH2104GM";"";"01/09/2026";"01/09/2026";225;0;225;
"AERECO GmbH";"NOR";"26030000155830";"PREVISION";"FBE1089GM";"";"01/09/2026";"01/09/2026";121;0;121;
"AERECO GmbH";"";"26030000155886";"PREVISION";"G2H1064EX";"";"01/09/2026";"01/09/2026";10;0;10;
"AERECO GmbH";"NOR";"26030000155927";"PREVISION";"K3168";"";"01/09/2026";"01/09/2026";163;0;163;
"AERECO GmbH";"NOR";"26030000155966";"PREVISION";"K3338";"";"01/09/2026";"01/09/2026";98;0;98;
"AERECO GmbH";"";"26030000156005";"PREVISION";"SE3203";"";"01/09/2026";"01/09/2026";22;0;22;
"AERECO WENTYLACJA Sp. z.o.o";"NOR";"26030000156039";"PREVISION";"V2A032EX";"";"01/09/2026";"01/09/2026";7;0;7;
"AERECO GmbH";"";"26030000156070";"PREVISION";"V2A032GM";"";"01/09/2026";"01/09/2026";3;0;3;
"AERECO WENTYLACJA Sp. z.o.o";"";"26030000156206";"PREVISION";"VB42165EX";"";"01/09/2026";"01/09/2026";5;0;5;
"AERECO GmbH";"";"26030000156223";"PREVISION";"VBP2173EX";"";"01/09/2026";"01/09/2026";1;0;1;
"AERECO WENTYLACJA Sp. z.o.o";"NOR";"26030000110200";"PREVISION";"11011516";"";"07/09/2026";"07/09/2026";720;0;720;
"AERECO WENTYLACJA Sp. z.o.o";"MTS";"26030000111893";"PREVISION";"11016308";"";"07/09/2026";"07/09/2026";1200;0;1200;
"AERECO WENTYLACJA Sp. z.o.o";"MTS";"26030000111924";"PREVISION";"11016309";"";"07/09/2026";"07/09/2026";720;0;720;
"AERECO WENTYLACJA Sp. z.o.o";"MTS";"26030000111923";"PREVISION";"11016309";"";"07/09/2026";"07/09/2026";720;0;720;
"AERECO WENTYLACJA Sp. z.o.o";"MTS";"26030000111988";"PREVISION";"11016312";"";"07/09/2026";"07/09/2026";300;0;300;
"AERECO WENTYLACJA Sp. z.o.o";"NOR";"26030000150673";"PREVISION";"11016310";"";"08/09/2026";"08/09/2026";576;0;576;
"AERECO WENTYLACJA Sp. z.o.o";"NOR";"26030000150692";"PREVISION";"11819090";"";"08/09/2026";"08/09/2026";180;0;180;
"AERECO WENTYLACJA Sp. z.o.o";"NOR";"26030000150716";"PREVISION";"11819091";"";"08/09/2026";"08/09/2026";720;0;720;
"AERECO GmbH";"";"26030000150776";"PREVISION";"A3772E";"";"08/09/2026";"08/09/2026";234;0;234;
"AERECO GmbH";"";"26030000150808";"PREVISION";"A4260";"";"08/09/2026";"08/09/2026";35;0;35;
"AERECO GmbH";"NOR";"26030000150848";"PREVISION";"A4581E01";"";"08/09/2026";"08/09/2026";22;0;22;
"AERECO GmbH";"";"26030000150879";"PREVISION";"A5650E01";"";"08/09/2026";"08/09/2026";3;0;3;
"AERECO GmbH";"NOR";"26030000150927";"PREVISION";"AEA086XX";"";"08/09/2026";"08/09/2026";1;0;1;
"AERECO WENTYLACJA Sp. z.o.o";"";"26030000150953";"PREVISION";"AEA098XX";"";"08/09/2026";"08/09/2026";163;0;163;
"AERECO GmbH";"";"26030000150988";"PREVISION";"AEA103XX";"";"08/09/2026";"08/09/2026";1;0;1;
"AERECO GmbH";"NOR";"26030000151009";"PREVISION";"AEA1151XX";"";"08/09/2026";"08/09/2026";1080;0;1080;
"AERECO GmbH";"NOR";"26030000151031";"PREVISION";"AEA1152XX";"";"08/09/2026";"08/09/2026";1080;0;1080;
"AERECO GmbH";"NOR";"26030000151069";"PREVISION";"AEA1216GM";"";"08/09/2026";"08/09/2026";64;0;64;
"AERECO GmbH";"NOR";"26030000151104";"PREVISION";"AEA1217GM";"";"08/09/2026";"08/09/2026";80;0;80;
"AERECO GmbH";"NOR";"26030000151169";"PREVISION";"AEA1241XX";"";"08/09/2026";"08/09/2026";1809;0;1809;
"AERECO WENTYLACJA Sp. z.o.o";"NOR";"26030000151199";"PREVISION";"AEA1242XX";"";"08/09/2026";"08/09/2026";48;0;48;
"AERECO GmbH";"";"26030000151258";"PREVISION";"AEA1335EX";"";"08/09/2026";"08/09/2026";7;0;7;
"AERECO GmbH";"";"26030000151297";"PREVISION";"AEA1339EX";"";"08/09/2026";"08/09/2026";30;0;30;
"AERECO GmbH";"";"26030000151328";"PREVISION";"AEA1426XX";"";"08/09/2026";"08/09/2026";11;0;11;
"AERECO GmbH";"NOR";"26030000151368";"PREVISION";"AEA1429XX";"";"08/09/2026";"08/09/2026";22;0;22;
"AERECO GmbH";"";"26030000151396";"PREVISION";"AEA156XX";"";"08/09/2026";"08/09/2026";1;0;1;
"AERECO GmbH";"";"26030000151414";"PREVISION";"AEA157XX";"";"08/09/2026";"08/09/2026";3;0;3;
"AERECO GmbH";"";"26030000151445";"PREVISION";"AEA1954XX";"";"08/09/2026";"08/09/2026";19;0;19;
"AERECO Ventilation AB";"";"26030000151485";"PREVISION";"AEA1955XX";"";"08/09/2026";"08/09/2026";17;0;17;
"AERECO Ventilation AB";"";"26030000151521";"PREVISION";"AEA1958XX";"";"08/09/2026";"08/09/2026";78;0;78;
"AERECO GmbH";"NOR";"26030000151561";"PREVISION";"AEA1992XX";"";"08/09/2026";"08/09/2026";181;0;181;
"AERECO GmbH";"";"26030000151668";"PREVISION";"AEA2115XX";"";"08/09/2026";"08/09/2026";70;0;70;
"AERECO GmbH";"NOR";"26030000151708";"PREVISION";"AEA301XX";"";"08/09/2026";"08/09/2026";153;0;153;
"AERECO GmbH";"";"26030000151760";"PREVISION";"AEA400GM";"";"08/09/2026";"08/09/2026";3;0;3;
"AERECO GmbH";"";"26030000151800";"PREVISION";"AEA453XX";"";"08/09/2026";"08/09/2026";44;0;44;
"AERECO GmbH";"NOR";"26030000151891";"PREVISION";"AEA733XX";"";"08/09/2026";"08/09/2026";7;0;7;
"AERECO GmbH";"NOR";"26030000151904";"PREVISION";"AEA774XX";"";"08/09/2026";"08/09/2026";1;0;1;
"AERECO GmbH";"NOR";"26030000151930";"PREVISION";"AEA775XX";"";"08/09/2026";"08/09/2026";116;0;116;
"AERECO GmbH";"";"26030000151959";"PREVISION";"AEA776XX";"";"08/09/2026";"08/09/2026";6;0;6;
"AERECO GmbH";"";"26030000151999";"PREVISION";"AEA778XX";"";"08/09/2026";"08/09/2026";88;0;88;
"AERECO GmbH";"";"26030000152034";"PREVISION";"AEA808XX";"";"08/09/2026";"08/09/2026";1;0;1;
"AERECO GmbH";"NOR";"26030000152068";"PREVISION";"AEA809XX";"";"08/09/2026";"08/09/2026";22;0;22;
"AERECO GmbH";"NOR";"26030000152091";"PREVISION";"AEA827XX";"";"08/09/2026";"08/09/2026";1809;0;1809;
"AERECO GmbH";"";"26030000152122";"PREVISION";"AEA834XX";"";"08/09/2026";"08/09/2026";2;0;2;
"AERECO GmbH";"NOR";"26030000152146";"PREVISION";"AEA851XX";"";"08/09/2026";"08/09/2026";720;0;720;
"AERECO WENTYLACJA Sp. z.o.o";"NOR";"26030000152156";"PREVISION";"AEA852XX";"";"08/09/2026";"08/09/2026";1440;0;1440;
"AERECO GmbH";"";"26030000152170";"PREVISION";"AEA877XX";"";"08/09/2026";"08/09/2026";2;0;2;
"AERECO GmbH";"NOR";"26030000152196";"PREVISION";"AEA942EX";"";"08/09/2026";"08/09/2026";107;0;107;
"AERECO GmbH";"";"26030000152236";"PREVISION";"AEA967XX";"";"08/09/2026";"08/09/2026";42;0;42;
"AERECO GmbH";"";"26030000152276";"PREVISION";"AEA968XX";"";"08/09/2026";"08/09/2026";9;0;9;
"AERECO GmbH";"NOR";"26030000152333";"PREVISION";"AVE056XX";"";"08/09/2026";"08/09/2026";12;0;12;
"AERECO GmbH";"NOR";"26030000152390";"PREVISION";"B3382";"";"08/09/2026";"08/09/2026";5;0;5;
"AERECO GmbH";"";"26030000152430";"PREVISION";"B3651";"";"08/09/2026";"08/09/2026";17;0;17;
"AERECO Ventilation AB";"NOR";"26030000152470";"PREVISION";"B6794";"";"08/09/2026";"08/09/2026";43;0;43;
"AERECO Ventilation AB";"";"26030000152510";"PREVISION";"B6796";"";"08/09/2026";"08/09/2026";19;0;19;
"AERECO GmbH";"NOR";"26030000152537";"PREVISION";"BFE2009GM";"";"08/09/2026";"08/09/2026";1;0;1;
"AERECO GmbH";"NOR";"26030000152563";"PREVISION";"BFE2068GM";"";"08/09/2026";"08/09/2026";5;0;5;
"AERECO GmbH";"NOR";"26030000152621";"PREVISION";"BFX1931GM";"";"08/09/2026";"08/09/2026";47;0;47;
"AERECO GmbH";"";"26030000152654";"PREVISION";"BXC1889EX";"";"08/09/2026";"08/09/2026";4;0;4;
"AERECO GmbH";"NOR";"26030000152722";"PREVISION";"BXC1890GM";"";"08/09/2026";"08/09/2026";288;0;288;
"AERECO GmbH";"NOR";"26030000152751";"PREVISION";"BXC1891EX";"";"08/09/2026";"08/09/2026";18;0;18;
"AERECO WENTYLACJA Sp. z.o.o";"NOR";"26030000152884";"PREVISION";"BXC1899EX";"";"08/09/2026";"08/09/2026";80;0;80;
"AERECO WENTYLACJA Sp. z.o.o";"NOR";"26030000152922";"PREVISION";"BXC1900EX";"";"08/09/2026";"08/09/2026";576;0;576;
"AERECO GmbH";"NOR";"26030000152946";"PREVISION";"BXC1900GM";"";"08/09/2026";"08/09/2026";288;0;288;
"AERECO WENTYLACJA Sp. z.o.o";"NOR";"26030000152969";"PREVISION";"BXC1901EX";"";"08/09/2026";"08/09/2026";13;0;13;
"AERECO GmbH";"NOR";"26030000153000";"PREVISION";"BXC1901GM";"";"08/09/2026";"08/09/2026";25;0;25;
"AERECO WENTYLACJA Sp. z.o.o";"";"26030000153037";"PREVISION";"BXC1902EX";"";"08/09/2026";"08/09/2026";12;0;12;
"AERECO WENTYLACJA Sp. z.o.o";"NOR";"26030000153075";"PREVISION";"BXC1903EX";"";"08/09/2026";"08/09/2026";42;0;42;
"AERECO GmbH";"NOR";"26030000153108";"PREVISION";"BXC1903GM";"";"08/09/2026";"08/09/2026";29;0;29;
"AERECO WENTYLACJA Sp. z.o.o";"NOR";"26030000153138";"PREVISION";"BXC1905EX";"";"08/09/2026";"08/09/2026";26;0;26;
"AERECO GmbH";"NOR";"26030000153169";"PREVISION";"BXC1905GM";"";"08/09/2026";"08/09/2026";2;0;2;
"AERECO WENTYLACJA Sp. z.o.o";"";"26030000153192";"PREVISION";"BXC1906EX";"";"08/09/2026";"08/09/2026";1;0;1;
"AERECO WENTYLACJA Sp. z.o.o";"NOR";"26030000153215";"PREVISION";"BXC1907EX";"";"08/09/2026";"08/09/2026";2304;0;2304;
"AERECO WENTYLACJA Sp. z.o.o";"NOR";"26030000153246";"PREVISION";"BXC1908EX";"";"08/09/2026";"08/09/2026";219;0;219;
"AERECO GmbH";"";"26030000153280";"PREVISION";"BXC1910EX";"";"08/09/2026";"08/09/2026";25;0;25;
"AERECO WENTYLACJA Sp. z.o.o";"";"26030000153309";"PREVISION";"BXC1912EX";"";"08/09/2026";"08/09/2026";6;0;6;
"AERECO WENTYLACJA Sp. z.o.o";"NOR";"26030000153342";"PREVISION";"BXC1915EX";"";"08/09/2026";"08/09/2026";22;0;22;
"AERECO GmbH";"NOR";"26030000153374";"PREVISION";"BXC1922GM";"";"08/09/2026";"08/09/2026";25;0;25;
"AERECO GmbH";"NOR";"26030000153409";"PREVISION";"BXC1923GM";"";"08/09/2026";"08/09/2026";12;0;12;
"AERECO GmbH";"NOR";"26030000153440";"PREVISION";"BXC1924GM";"";"08/09/2026";"08/09/2026";12;0;12;
"AERECO GmbH";"NOR";"26030000153475";"PREVISION";"BXC1925GM";"";"08/09/2026";"08/09/2026";39;0;39;
"AERECO GmbH";"NOR";"26030000153514";"PREVISION";"BXC2138GM";"";"08/09/2026";"08/09/2026";32;0;32;
"AERECO GmbH";"";"26030000153551";"PREVISION";"BXC2139GM";"";"08/09/2026";"08/09/2026";19;0;19;
"AERECO GmbH";"NOR";"26030000153586";"PREVISION";"BXC2142GM";"";"08/09/2026";"08/09/2026";1;0;1;
"AERECO GmbH";"NOR";"26030000153664";"PREVISION";"BXE2053GM";"";"08/09/2026";"08/09/2026";10;0;10;
"AERECO GmbH";"NOR";"26030000153695";"PREVISION";"BXE2055GM";"";"08/09/2026";"08/09/2026";1;0;1;
"AERECO GmbH";"NOR";"26030000153701";"PREVISION";"BXE2056GM";"";"08/09/2026";"08/09/2026";108;0;108;
"AERECO GmbH";"NOR";"26030000153760";"PREVISION";"BXE2065GM";"";"08/09/2026";"08/09/2026";2;0;2;
"AERECO GmbH";"NOR";"26030000153808";"PREVISION";"BXE2066GM";"";"08/09/2026";"08/09/2026";1;0;1;
"AERECO GmbH";"NOR";"26030000153885";"PREVISION";"BXE2073GM";"";"08/09/2026";"08/09/2026";1;0;1;
"AERECO GmbH";"NOR";"26030000153947";"PREVISION";"BXE2077GM";"";"08/09/2026";"08/09/2026";9;0;9;
"AERECO GmbH";"NOR";"26030000154023";"PREVISION";"BXE2078GM";"";"08/09/2026";"08/09/2026";14;0;14;
"AERECO GmbH";"NOR";"26030000154055";"PREVISION";"BXE2079GM";"";"08/09/2026";"08/09/2026";15;0;15;
"AERECO GmbH";"NOR";"26030000154091";"PREVISION";"BXE2080GM";"";"08/09/2026";"08/09/2026";2;0;2;
"AERECO GmbH";"NOR";"26030000154128";"PREVISION";"BXE2189GM";"";"08/09/2026";"08/09/2026";1;0;1;
"AERECO GmbH";"NOR";"26030000154149";"PREVISION";"BXE2192GM";"";"08/09/2026";"08/09/2026";1;0;1;
"AERECO GmbH";"";"26030000154175";"PREVISION";"BXE2194GM";"";"08/09/2026";"08/09/2026";1;0;1;
"AERECO GmbH";"NOR";"26030000154201";"PREVISION";"BXE2201GM";"";"08/09/2026";"08/09/2026";1;0;1;
"AERECO GmbH";"NOR";"26030000154224";"PREVISION";"BXE2202GM";"";"08/09/2026";"08/09/2026";4;0;4;
"AERECO WENTYLACJA Sp. z.o.o";"NOR";"26030000154250";"PREVISION";"BXL888PO";"";"08/09/2026";"08/09/2026";576;0;576;
"AERECO GmbH";"NOR";"26030000154268";"PREVISION";"C1339";"";"08/09/2026";"08/09/2026";40;0;40;
"AERECO GmbH";"";"26030000154317";"PREVISION";"EAF309EX";"";"08/09/2026";"08/09/2026";63;0;63;
"AERECO GmbH";"";"26030000154447";"PREVISION";"EAF323EX";"";"08/09/2026";"08/09/2026";69;0;69;
"AERECO GmbH";"";"26030000154483";"PREVISION";"EAR1245EX";"";"08/09/2026";"08/09/2026";134;0;134;
"AERECO GmbH";"NOR";"26030000154553";"PREVISION";"EAR200GM";"";"08/09/2026";"08/09/2026";720;0;720;
"AERECO GmbH";"NOR";"26030000154575";"PREVISION";"EAR2018GM";"";"08/09/2026";"08/09/2026";96;0;96;
"AERECO GmbH";"NOR";"26030000154601";"PREVISION";"EAR2019GM";"";"08/09/2026";"08/09/2026";360;0;360;
"AERECO GmbH";"";"26030000154637";"PREVISION";"EAR201GM";"";"08/09/2026";"08/09/2026";648;0;648;
"AERECO WENTYLACJA Sp. z.o.o";"NOR";"26030000154662";"PREVISION";"EAR201PO";"";"08/09/2026";"08/09/2026";648;0;648;
"AERECO WENTYLACJA Sp. z.o.o";"NOR";"26030000154797";"PREVISION";"EAR206PO";"";"08/09/2026";"08/09/2026";576;0;576;
"AERECO GmbH";"NOR";"26030000154822";"PREVISION";"EAR282GM";"";"08/09/2026";"08/09/2026";576;0;576;
"AERECO WENTYLACJA Sp. z.o.o";"NOR";"26030000154931";"PREVISION";"EFR174XX";"";"08/09/2026";"08/09/2026";12;0;12;
"AERECO GmbH";"NOR";"26030000155009";"PREVISION";"EHM1275GM";"";"08/09/2026";"08/09/2026";90;0;90;
"AERECO WENTYLACJA Sp. z.o.o";"";"26030000155048";"PREVISION";"EHM1276EX";"";"08/09/2026";"08/09/2026";116;0;116;
"AERECO GmbH";"NOR";"26030000155083";"PREVISION";"EHM1276GM";"";"08/09/2026";"08/09/2026";52;0;52;
"AERECO GmbH";"";"26030000155207";"PREVISION";"EHP1198GM";"";"08/09/2026";"08/09/2026";72;0;72;
"AERECO GmbH";"NOR";"26030000155275";"PREVISION";"EHP1219GM";"";"08/09/2026";"08/09/2026";48;0;48;
"AERECO GmbH";"";"26030000155309";"PREVISION";"EHP1222EX";"";"08/09/2026";"08/09/2026";4;0;4;
"AERECO GmbH";"";"26030000155348";"PREVISION";"EHP1875GM";"";"08/09/2026";"08/09/2026";1080;0;1080;
"ALDES S.p.A.";"";"26030000155375";"PREVISION";"EHT780EX";"";"08/09/2026";"08/09/2026";68;0;68;
"AERECO GmbH";"NOR";"26030000155406";"PREVISION";"EHT780GM";"";"08/09/2026";"08/09/2026";80;0;80;
"AERECO WENTYLACJA Sp. z.o.o";"NOR";"26030000155434";"PREVISION";"EHT780PO";"";"08/09/2026";"08/09/2026";720;0;720;
"ALDES S.p.A.";"";"26030000155454";"PREVISION";"EHT969EX";"";"08/09/2026";"08/09/2026";5;0;5;
"AERECO WENTYLACJA Sp. z.o.o";"NOR";"26030000155476";"PREVISION";"EMM1189PO";"";"08/09/2026";"08/09/2026";216;0;216;
"AERECO WENTYLACJA Sp. z.o.o";"NOR";"26030000155482";"PREVISION";"EMM1484EX";"";"08/09/2026";"08/09/2026";1080;0;1080;
"AERECO WENTYLACJA Sp. z.o.o";"NOR";"26030000155512";"PREVISION";"EMM707PO";"";"08/09/2026";"08/09/2026";864;0;864;
"AERECO WENTYLACJA Sp. z.o.o";"NOR";"26030000155557";"PREVISION";"EMM716PO";"";"08/09/2026";"08/09/2026";1080;0;1080;
"AERECO Ventilation AB";"";"26030000155636";"PREVISION";"ETF1865EX";"";"08/09/2026";"08/09/2026";4;0;4;
"AERECO Ventilation AB";"NOR";"26030000155675";"PREVISION";"ETH1853EX";"";"08/09/2026";"08/09/2026";153;0;153;
"AERECO Ventilation AB";"";"26030000155698";"PREVISION";"ETH1858EX";"";"08/09/2026";"08/09/2026";23;0;23;
"AERECO Ventilation AB";"NOR";"26030000155708";"PREVISION";"ETH1984EX";"";"08/09/2026";"08/09/2026";832;0;832;
"AERECO GmbH";"";"26030000155772";"PREVISION";"ETH2104GM";"";"08/09/2026";"08/09/2026";225;0;225;
"AERECO GmbH";"NOR";"26030000155831";"PREVISION";"FBE1089GM";"";"08/09/2026";"08/09/2026";121;0;121;
"AERECO GmbH";"";"26030000155887";"PREVISION";"G2H1064EX";"";"08/09/2026";"08/09/2026";10;0;10;
"AERECO GmbH";"NOR";"26030000155928";"PREVISION";"K3168";"";"08/09/2026";"08/09/2026";163;0;163;
"AERECO GmbH";"NOR";"26030000155967";"PREVISION";"K3338";"";"08/09/2026";"08/09/2026";98;0;98;
"AERECO GmbH";"";"26030000156006";"PREVISION";"SE3203";"";"08/09/2026";"08/09/2026";22;0;22;
"AERECO WENTYLACJA Sp. z.o.o";"NOR";"26030000156040";"PREVISION";"V2A032EX";"";"08/09/2026";"08/09/2026";7;0;7;
"AERECO GmbH";"";"26030000156071";"PREVISION";"V2A032GM";"";"08/09/2026";"08/09/2026";3;0;3;
"AERECO WENTYLACJA Sp. z.o.o";"";"26030000156207";"PREVISION";"VB42165EX";"";"08/09/2026";"08/09/2026";5;0;5;
"AERECO GmbH";"";"26030000156224";"PREVISION";"VBP2173EX";"";"08/09/2026";"08/09/2026";1;0;1;
"AERECO WENTYLACJA Sp. z.o.o";"NOR";"26030000156244";"PREVISION";"VBP2173PO";"";"08/09/2026";"08/09/2026";90;0;90;
"AERECO WENTYLACJA Sp. z.o.o";"NOR";"26030000110201";"PREVISION";"11011516";"";"14/09/2026";"14/09/2026";720;0;720;
"AERECO WENTYLACJA Sp. z.o.o";"MTS";"26030000111925";"PREVISION";"11016309";"";"14/09/2026";"14/09/2026";720;0;720;
"AERECO WENTYLACJA Sp. z.o.o";"NOR";"26030000150693";"PREVISION";"11819090";"";"15/09/2026";"15/09/2026";180;0;180;
"AERECO WENTYLACJA Sp. z.o.o";"NOR";"26030000150717";"PREVISION";"11819091";"";"15/09/2026";"15/09/2026";720;0;720;
"AERECO GmbH";"";"26030000150777";"PREVISION";"A3772E";"";"15/09/2026";"15/09/2026";234;0;234;
"AERECO GmbH";"";"26030000150809";"PREVISION";"A4260";"";"15/09/2026";"15/09/2026";35;0;35;
"AERECO GmbH";"NOR";"26030000150849";"PREVISION";"A4581E01";"";"15/09/2026";"15/09/2026";22;0;22;
"AERECO GmbH";"";"26030000150880";"PREVISION";"A5650E01";"";"15/09/2026";"15/09/2026";3;0;3;
"AERECO GmbH";"NOR";"26030000150928";"PREVISION";"AEA086XX";"";"15/09/2026";"15/09/2026";1;0;1;
"AERECO WENTYLACJA Sp. z.o.o";"";"26030000150954";"PREVISION";"AEA098XX";"";"15/09/2026";"15/09/2026";163;0;163;
"AERECO GmbH";"";"26030000150989";"PREVISION";"AEA103XX";"";"15/09/2026";"15/09/2026";1;0;1;
"AERECO GmbH";"NOR";"26030000151032";"PREVISION";"AEA1152XX";"";"15/09/2026";"15/09/2026";1080;0;1080;
"AERECO GmbH";"NOR";"26030000151070";"PREVISION";"AEA1216GM";"";"15/09/2026";"15/09/2026";64;0;64;
"AERECO GmbH";"NOR";"26030000151105";"PREVISION";"AEA1217GM";"";"15/09/2026";"15/09/2026";80;0;80;
"AERECO WENTYLACJA Sp. z.o.o";"NOR";"26030000151200";"PREVISION";"AEA1242XX";"";"15/09/2026";"15/09/2026";48;0;48;
"AERECO WENTYLACJA Sp. z.o.o";"NOR";"26030000151229";"PREVISION";"AEA1243XX";"";"15/09/2026";"15/09/2026";1440;0;1440;
"AERECO GmbH";"";"26030000151259";"PREVISION";"AEA1335EX";"";"15/09/2026";"15/09/2026";7;0;7;
"AERECO GmbH";"";"26030000151298";"PREVISION";"AEA1339EX";"";"15/09/2026";"15/09/2026";30;0;30;
"AERECO GmbH";"";"26030000151329";"PREVISION";"AEA1426XX";"";"15/09/2026";"15/09/2026";11;0;11;
"AERECO GmbH";"NOR";"26030000151369";"PREVISION";"AEA1429XX";"";"15/09/2026";"15/09/2026";22;0;22;
"AERECO GmbH";"";"26030000151397";"PREVISION";"AEA156XX";"";"15/09/2026";"15/09/2026";1;0;1;
"AERECO GmbH";"";"26030000151415";"PREVISION";"AEA157XX";"";"15/09/2026";"15/09/2026";3;0;3;
"AERECO GmbH";"";"26030000151446";"PREVISION";"AEA1954XX";"";"15/09/2026";"15/09/2026";19;0;19;
"AERECO Ventilation AB";"";"26030000151486";"PREVISION";"AEA1955XX";"";"15/09/2026";"15/09/2026";17;0;17;
"AERECO Ventilation AB";"";"26030000151522";"PREVISION";"AEA1958XX";"";"15/09/2026";"15/09/2026";78;0;78;
"AERECO GmbH";"NOR";"26030000151562";"PREVISION";"AEA1992XX";"";"15/09/2026";"15/09/2026";181;0;181;
"AERECO GmbH";"";"26030000151669";"PREVISION";"AEA2115XX";"";"15/09/2026";"15/09/2026";70;0;70;
"AERECO GmbH";"NOR";"26030000151709";"PREVISION";"AEA301XX";"";"15/09/2026";"15/09/2026";153;0;153;
"AERECO GmbH";"";"26030000151761";"PREVISION";"AEA400GM";"";"15/09/2026";"15/09/2026";3;0;3;
"AERECO GmbH";"";"26030000151801";"PREVISION";"AEA453XX";"";"15/09/2026";"15/09/2026";44;0;44;
"AERECO GmbH";"NOR";"26030000151866";"PREVISION";"AEA731XX";"";"15/09/2026";"15/09/2026";1809;0;1809;
"AERECO GmbH";"NOR";"26030000151892";"PREVISION";"AEA733XX";"";"15/09/2026";"15/09/2026";7;0;7;
"AERECO GmbH";"NOR";"26030000151905";"PREVISION";"AEA774XX";"";"15/09/2026";"15/09/2026";1;0;1;
"AERECO GmbH";"NOR";"26030000151931";"PREVISION";"AEA775XX";"";"15/09/2026";"15/09/2026";116;0;116;
"AERECO GmbH";"";"26030000151960";"PREVISION";"AEA776XX";"";"15/09/2026";"15/09/2026";6;0;6;
"AERECO GmbH";"";"26030000152000";"PREVISION";"AEA778XX";"";"15/09/2026";"15/09/2026";88;0;88;
"AERECO GmbH";"";"26030000152035";"PREVISION";"AEA808XX";"";"15/09/2026";"15/09/2026";1;0;1;
"AERECO GmbH";"NOR";"26030000152069";"PREVISION";"AEA809XX";"";"15/09/2026";"15/09/2026";22;0;22;
"AERECO GmbH";"";"26030000152123";"PREVISION";"AEA834XX";"";"15/09/2026";"15/09/2026";2;0;2;
"AERECO GmbH";"";"26030000152171";"PREVISION";"AEA877XX";"";"15/09/2026";"15/09/2026";2;0;2;
"AERECO GmbH";"NOR";"26030000152197";"PREVISION";"AEA942EX";"";"15/09/2026";"15/09/2026";107;0;107;
"AERECO GmbH";"";"26030000152237";"PREVISION";"AEA967XX";"";"15/09/2026";"15/09/2026";42;0;42;
"AERECO GmbH";"";"26030000152277";"PREVISION";"AEA968XX";"";"15/09/2026";"15/09/2026";9;0;9;
"AERECO GmbH";"NOR";"26030000152334";"PREVISION";"AVE056XX";"";"15/09/2026";"15/09/2026";12;0;12;
"AERECO GmbH";"NOR";"26030000152391";"PREVISION";"B3382";"";"15/09/2026";"15/09/2026";5;0;5;
"AERECO GmbH";"";"26030000152431";"PREVISION";"B3651";"";"15/09/2026";"15/09/2026";17;0;17;
"AERECO Ventilation AB";"NOR";"26030000152471";"PREVISION";"B6794";"";"15/09/2026";"15/09/2026";43;0;43;
"AERECO Ventilation AB";"";"26030000152511";"PREVISION";"B6796";"";"15/09/2026";"15/09/2026";19;0;19;
"AERECO GmbH";"NOR";"26030000152538";"PREVISION";"BFE2009GM";"";"15/09/2026";"15/09/2026";1;0;1;
"AERECO GmbH";"NOR";"26030000152564";"PREVISION";"BFE2068GM";"";"15/09/2026";"15/09/2026";5;0;5;
"AERECO GmbH";"NOR";"26030000152622";"PREVISION";"BFX1931GM";"";"15/09/2026";"15/09/2026";47;0;47;
"AERECO GmbH";"";"26030000152655";"PREVISION";"BXC1889EX";"";"15/09/2026";"15/09/2026";4;0;4;
"AERECO GmbH";"NOR";"26030000152723";"PREVISION";"BXC1890GM";"";"15/09/2026";"15/09/2026";288;0;288;
"AERECO GmbH";"NOR";"26030000152752";"PREVISION";"BXC1891EX";"";"15/09/2026";"15/09/2026";18;0;18;
"AERECO WENTYLACJA Sp. z.o.o";"NOR";"26030000152885";"PREVISION";"BXC1899EX";"";"15/09/2026";"15/09/2026";80;0;80;
"AERECO WENTYLACJA Sp. z.o.o";"NOR";"26030000152923";"PREVISION";"BXC1900EX";"";"15/09/2026";"15/09/2026";288;0;288;
"AERECO WENTYLACJA Sp. z.o.o";"NOR";"26030000152970";"PREVISION";"BXC1901EX";"";"15/09/2026";"15/09/2026";13;0;13;
"AERECO GmbH";"NOR";"26030000153001";"PREVISION";"BXC1901GM";"";"15/09/2026";"15/09/2026";25;0;25;
"AERECO WENTYLACJA Sp. z.o.o";"";"26030000153038";"PREVISION";"BXC1902EX";"";"15/09/2026";"15/09/2026";12;0;12;
"AERECO WENTYLACJA Sp. z.o.o";"NOR";"26030000153076";"PREVISION";"BXC1903EX";"";"15/09/2026";"15/09/2026";42;0;42;
"AERECO GmbH";"NOR";"26030000153109";"PREVISION";"BXC1903GM";"";"15/09/2026";"15/09/2026";29;0;29;
"AERECO WENTYLACJA Sp. z.o.o";"NOR";"26030000153139";"PREVISION";"BXC1905EX";"";"15/09/2026";"15/09/2026";26;0;26;
"AERECO GmbH";"NOR";"26030000153170";"PREVISION";"BXC1905GM";"";"15/09/2026";"15/09/2026";2;0;2;
"AERECO WENTYLACJA Sp. z.o.o";"";"26030000153193";"PREVISION";"BXC1906EX";"";"15/09/2026";"15/09/2026";1;0;1;
"AERECO WENTYLACJA Sp. z.o.o";"NOR";"26030000153216";"PREVISION";"BXC1907EX";"";"15/09/2026";"15/09/2026";1728;0;1728;
"AERECO WENTYLACJA Sp. z.o.o";"NOR";"26030000153247";"PREVISION";"BXC1908EX";"";"15/09/2026";"15/09/2026";219;0;219;
"AERECO GmbH";"";"26030000153281";"PREVISION";"BXC1910EX";"";"15/09/2026";"15/09/2026";25;0;25;
"AERECO WENTYLACJA Sp. z.o.o";"";"26030000153310";"PREVISION";"BXC1912EX";"";"15/09/2026";"15/09/2026";6;0;6;
"AERECO WENTYLACJA Sp. z.o.o";"NOR";"26030000153343";"PREVISION";"BXC1915EX";"";"15/09/2026";"15/09/2026";22;0;22;
"AERECO GmbH";"NOR";"26030000153375";"PREVISION";"BXC1922GM";"";"15/09/2026";"15/09/2026";25;0;25;
"AERECO GmbH";"NOR";"26030000153410";"PREVISION";"BXC1923GM";"";"15/09/2026";"15/09/2026";12;0;12;
"AERECO GmbH";"NOR";"26030000153441";"PREVISION";"BXC1924GM";"";"15/09/2026";"15/09/2026";12;0;12;
"AERECO GmbH";"NOR";"26030000153476";"PREVISION";"BXC1925GM";"";"15/09/2026";"15/09/2026";39;0;39;
"AERECO GmbH";"NOR";"26030000153515";"PREVISION";"BXC2138GM";"";"15/09/2026";"15/09/2026";32;0;32;
"AERECO GmbH";"";"26030000153552";"PREVISION";"BXC2139GM";"";"15/09/2026";"15/09/2026";19;0;19;
"AERECO GmbH";"NOR";"26030000153587";"PREVISION";"BXC2142GM";"";"15/09/2026";"15/09/2026";1;0;1;
"AERECO GmbH";"NOR";"26030000153665";"PREVISION";"BXE2053GM";"";"15/09/2026";"15/09/2026";10;0;10;
"AERECO GmbH";"NOR";"26030000153696";"PREVISION";"BXE2055GM";"";"15/09/2026";"15/09/2026";1;0;1;
"AERECO GmbH";"NOR";"26030000153761";"PREVISION";"BXE2065GM";"";"15/09/2026";"15/09/2026";2;0;2;
"AERECO GmbH";"NOR";"26030000153809";"PREVISION";"BXE2066GM";"";"15/09/2026";"15/09/2026";1;0;1;
"AERECO GmbH";"NOR";"26030000153886";"PREVISION";"BXE2073GM";"";"15/09/2026";"15/09/2026";1;0;1;
"AERECO GmbH";"NOR";"26030000153948";"PREVISION";"BXE2077GM";"";"15/09/2026";"15/09/2026";9;0;9;
"AERECO GmbH";"NOR";"26030000154024";"PREVISION";"BXE2078GM";"";"15/09/2026";"15/09/2026";14;0;14;
"AERECO GmbH";"NOR";"26030000154056";"PREVISION";"BXE2079GM";"";"15/09/2026";"15/09/2026";15;0;15;
"AERECO GmbH";"NOR";"26030000154092";"PREVISION";"BXE2080GM";"";"15/09/2026";"15/09/2026";2;0;2;
"AERECO GmbH";"NOR";"26030000154129";"PREVISION";"BXE2189GM";"";"15/09/2026";"15/09/2026";1;0;1;
"AERECO GmbH";"NOR";"26030000154150";"PREVISION";"BXE2192GM";"";"15/09/2026";"15/09/2026";1;0;1;
"AERECO GmbH";"";"26030000154176";"PREVISION";"BXE2194GM";"";"15/09/2026";"15/09/2026";1;0;1;
"AERECO GmbH";"NOR";"26030000154202";"PREVISION";"BXE2201GM";"";"15/09/2026";"15/09/2026";1;0;1;
"AERECO GmbH";"NOR";"26030000154225";"PREVISION";"BXE2202GM";"";"15/09/2026";"15/09/2026";4;0;4;
"AERECO GmbH";"NOR";"26030000154269";"PREVISION";"C1339";"";"15/09/2026";"15/09/2026";40;0;40;
"AERECO GmbH";"";"26030000154318";"PREVISION";"EAF309EX";"";"15/09/2026";"15/09/2026";63;0;63;
"AERECO GmbH";"";"26030000154448";"PREVISION";"EAF323EX";"";"15/09/2026";"15/09/2026";69;0;69;
"AERECO GmbH";"";"26030000154484";"PREVISION";"EAR1245EX";"";"15/09/2026";"15/09/2026";134;0;134;
"AERECO GmbH";"NOR";"26030000154576";"PREVISION";"EAR2018GM";"";"15/09/2026";"15/09/2026";96;0;96;
"OOO VIVA LOGISTICS";"NOR";"26030000154621";"PREVISION";"EAR201EX";"";"15/09/2026";"15/09/2026";648;0;648;
"AERECO WENTYLACJA Sp. z.o.o";"NOR";"26030000154663";"PREVISION";"EAR201PO";"";"15/09/2026";"15/09/2026";648;0;648;
"AERECO GmbH";"";"26030000154773";"PREVISION";"EAR206GM";"";"15/09/2026";"15/09/2026";576;0;576;
"AERECO WENTYLACJA Sp. z.o.o";"NOR";"26030000154798";"PREVISION";"EAR206PO";"";"15/09/2026";"15/09/2026";1152;0;1152;
"AERECO WENTYLACJA Sp. z.o.o";"NOR";"26030000154932";"PREVISION";"EFR174XX";"";"15/09/2026";"15/09/2026";12;0;12;
"AERECO GmbH";"NOR";"26030000155010";"PREVISION";"EHM1275GM";"";"15/09/2026";"15/09/2026";90;0;90;
"AERECO WENTYLACJA Sp. z.o.o";"";"26030000155049";"PREVISION";"EHM1276EX";"";"15/09/2026";"15/09/2026";116;0;116;
"AERECO GmbH";"NOR";"26030000155084";"PREVISION";"EHM1276GM";"";"15/09/2026";"15/09/2026";52;0;52;
"AERECO GmbH";"";"26030000155208";"PREVISION";"EHP1198GM";"";"15/09/2026";"15/09/2026";72;0;72;
"AERECO GmbH";"NOR";"26030000155276";"PREVISION";"EHP1219GM";"";"15/09/2026";"15/09/2026";48;0;48;
"AERECO GmbH";"";"26030000155310";"PREVISION";"EHP1222EX";"";"15/09/2026";"15/09/2026";4;0;4;
"AERECO GmbH";"NOR";"26030000155332";"PREVISION";"EHP1874GM";"";"15/09/2026";"15/09/2026";1080;0;1080;
"ALDES S.p.A.";"";"26030000155376";"PREVISION";"EHT780EX";"";"15/09/2026";"15/09/2026";68;0;68;
"AERECO GmbH";"NOR";"26030000155407";"PREVISION";"EHT780GM";"";"15/09/2026";"15/09/2026";80;0;80;
"ALDES S.p.A.";"";"26030000155455";"PREVISION";"EHT969EX";"";"15/09/2026";"15/09/2026";5;0;5;
"AERECO WENTYLACJA Sp. z.o.o";"NOR";"26030000155477";"PREVISION";"EMM1189PO";"";"15/09/2026";"15/09/2026";216;0;216;
"AERECO WENTYLACJA Sp. z.o.o";"NOR";"26030000155558";"PREVISION";"EMM716PO";"";"15/09/2026";"15/09/2026";1080;0;1080;
"AERECO Ventilation AB";"";"26030000155637";"PREVISION";"ETF1865EX";"";"15/09/2026";"15/09/2026";4;0;4;
"AERECO Ventilation AB";"NOR";"26030000155676";"PREVISION";"ETH1853EX";"";"15/09/2026";"15/09/2026";153;0;153;
"AERECO Ventilation AB";"";"26030000155699";"PREVISION";"ETH1858EX";"";"15/09/2026";"15/09/2026";23;0;23;
"AERECO GmbH";"";"26030000155773";"PREVISION";"ETH2104GM";"";"15/09/2026";"15/09/2026";225;0;225;
"AERECO GmbH";"NOR";"26030000155832";"PREVISION";"FBE1089GM";"";"15/09/2026";"15/09/2026";121;0;121;
"AERECO GmbH";"";"26030000155888";"PREVISION";"G2H1064EX";"";"15/09/2026";"15/09/2026";10;0;10;
"AERECO GmbH";"NOR";"26030000155929";"PREVISION";"K3168";"";"15/09/2026";"15/09/2026";163;0;163;
"AERECO GmbH";"NOR";"26030000155968";"PREVISION";"K3338";"";"15/09/2026";"15/09/2026";98;0;98;
"AERECO GmbH";"";"26030000156007";"PREVISION";"SE3203";"";"15/09/2026";"15/09/2026";22;0;22;
"AERECO WENTYLACJA Sp. z.o.o";"NOR";"26030000156041";"PREVISION";"V2A032EX";"";"15/09/2026";"15/09/2026";7;0;7;
"AERECO GmbH";"";"26030000156072";"PREVISION";"V2A032GM";"";"15/09/2026";"15/09/2026";3;0;3;
"AERECO WENTYLACJA Sp. z.o.o";"";"26030000156208";"PREVISION";"VB42165EX";"";"15/09/2026";"15/09/2026";5;0;5;
"AERECO GmbH";"";"26030000156225";"PREVISION";"VBP2173EX";"";"15/09/2026";"15/09/2026";1;0;1;
"AERECO WENTYLACJA Sp. z.o.o";"NOR";"26030000110202";"PREVISION";"11011516";"";"21/09/2026";"21/09/2026";720;0;720;
"AERECO WENTYLACJA Sp. z.o.o";"MTS";"26030000111926";"PREVISION";"11016309";"";"21/09/2026";"21/09/2026";720;0;720;
"AERECO WENTYLACJA Sp. z.o.o";"NOR";"26030000111961";"PREVISION";"11016310";"";"21/09/2026";"21/09/2026";480;0;480;
"AERECO WENTYLACJA Sp. z.o.o";"MTS";"26030000111989";"PREVISION";"11016312";"";"21/09/2026";"21/09/2026";300;0;300;
"ALDES Venticontrol S.A.";"MTS";"AR2601483";"COMMANDE";"BDS458AL";"F426-10180";"20/03/2026";"21/09/2026";1008;0;1008;
"AERECO WENTYLACJA Sp. z.o.o";"NOR";"26030000150674";"PREVISION";"11016310";"";"22/09/2026";"22/09/2026";576;0;576;
"AERECO WENTYLACJA Sp. z.o.o";"NOR";"26030000150694";"PREVISION";"11819090";"";"22/09/2026";"22/09/2026";180;0;180;
"AERECO WENTYLACJA Sp. z.o.o";"NOR";"26030000150718";"PREVISION";"11819091";"";"22/09/2026";"22/09/2026";720;0;720;
"AERECO GmbH";"";"26030000150778";"PREVISION";"A3772E";"";"22/09/2026";"22/09/2026";234;0;234;
"AERECO GmbH";"";"26030000150810";"PREVISION";"A4260";"";"22/09/2026";"22/09/2026";35;0;35;
"AERECO GmbH";"NOR";"26030000150850";"PREVISION";"A4581E01";"";"22/09/2026";"22/09/2026";22;0;22;
"AERECO GmbH";"";"26030000150881";"PREVISION";"A5650E01";"";"22/09/2026";"22/09/2026";3;0;3;
"AERECO GmbH";"NOR";"26030000150929";"PREVISION";"AEA086XX";"";"22/09/2026";"22/09/2026";1;0;1;
"AERECO WENTYLACJA Sp. z.o.o";"";"26030000150955";"PREVISION";"AEA098XX";"";"22/09/2026";"22/09/2026";163;0;163;
"AERECO GmbH";"";"26030000150990";"PREVISION";"AEA103XX";"";"22/09/2026";"22/09/2026";1;0;1;
"AERECO GmbH";"NOR";"26030000151010";"PREVISION";"AEA1151XX";"";"22/09/2026";"22/09/2026";1080;0;1080;
"AERECO GmbH";"NOR";"26030000151033";"PREVISION";"AEA1152XX";"";"22/09/2026";"22/09/2026";1080;0;1080;
"AERECO GmbH";"NOR";"26030000151071";"PREVISION";"AEA1216GM";"";"22/09/2026";"22/09/2026";64;0;64;
"AERECO GmbH";"NOR";"26030000151106";"PREVISION";"AEA1217GM";"";"22/09/2026";"22/09/2026";80;0;80;
"AERECO GmbH";"NOR";"26030000151170";"PREVISION";"AEA1241XX";"";"22/09/2026";"22/09/2026";1809;0;1809;
"AERECO WENTYLACJA Sp. z.o.o";"NOR";"26030000151201";"PREVISION";"AEA1242XX";"";"22/09/2026";"22/09/2026";48;0;48;
"AERECO GmbH";"";"26030000151260";"PREVISION";"AEA1335EX";"";"22/09/2026";"22/09/2026";7;0;7;
"AERECO GmbH";"";"26030000151299";"PREVISION";"AEA1339EX";"";"22/09/2026";"22/09/2026";30;0;30;
"AERECO GmbH";"";"26030000151330";"PREVISION";"AEA1426XX";"";"22/09/2026";"22/09/2026";11;0;11;
"AERECO GmbH";"NOR";"26030000151370";"PREVISION";"AEA1429XX";"";"22/09/2026";"22/09/2026";22;0;22;
"AERECO GmbH";"";"26030000151398";"PREVISION";"AEA156XX";"";"22/09/2026";"22/09/2026";1;0;1;
"AERECO GmbH";"";"26030000151416";"PREVISION";"AEA157XX";"";"22/09/2026";"22/09/2026";3;0;3;
"AERECO GmbH";"";"26030000151447";"PREVISION";"AEA1954XX";"";"22/09/2026";"22/09/2026";19;0;19;
"AERECO Ventilation AB";"";"26030000151487";"PREVISION";"AEA1955XX";"";"22/09/2026";"22/09/2026";17;0;17;
"AERECO Ventilation AB";"";"26030000151523";"PREVISION";"AEA1958XX";"";"22/09/2026";"22/09/2026";78;0;78;
"AERECO GmbH";"NOR";"26030000151563";"PREVISION";"AEA1992XX";"";"22/09/2026";"22/09/2026";181;0;181;
"AERECO GmbH";"";"26030000151670";"PREVISION";"AEA2115XX";"";"22/09/2026";"22/09/2026";70;0;70;
"AERECO GmbH";"NOR";"26030000151710";"PREVISION";"AEA301XX";"";"22/09/2026";"22/09/2026";153;0;153;
"AERECO GmbH";"";"26030000151762";"PREVISION";"AEA400GM";"";"22/09/2026";"22/09/2026";3;0;3;
"AERECO GmbH";"";"26030000151802";"PREVISION";"AEA453XX";"";"22/09/2026";"22/09/2026";44;0;44;
"AERECO GmbH";"NOR";"26030000151867";"PREVISION";"AEA731XX";"";"22/09/2026";"22/09/2026";1809;0;1809;
"AERECO GmbH";"NOR";"26030000151893";"PREVISION";"AEA733XX";"";"22/09/2026";"22/09/2026";7;0;7;
"AERECO GmbH";"NOR";"26030000151906";"PREVISION";"AEA774XX";"";"22/09/2026";"22/09/2026";1;0;1;
"AERECO GmbH";"NOR";"26030000151932";"PREVISION";"AEA775XX";"";"22/09/2026";"22/09/2026";116;0;116;
"AERECO GmbH";"";"26030000151961";"PREVISION";"AEA776XX";"";"22/09/2026";"22/09/2026";6;0;6;
"AERECO GmbH";"";"26030000152001";"PREVISION";"AEA778XX";"";"22/09/2026";"22/09/2026";88;0;88;
"AERECO GmbH";"";"26030000152036";"PREVISION";"AEA808XX";"";"22/09/2026";"22/09/2026";1;0;1;
"AERECO GmbH";"NOR";"26030000152070";"PREVISION";"AEA809XX";"";"22/09/2026";"22/09/2026";22;0;22;
"AERECO GmbH";"";"26030000152124";"PREVISION";"AEA834XX";"";"22/09/2026";"22/09/2026";2;0;2;
"AERECO GmbH";"";"26030000152172";"PREVISION";"AEA877XX";"";"22/09/2026";"22/09/2026";2;0;2;
"AERECO GmbH";"NOR";"26030000152198";"PREVISION";"AEA942EX";"";"22/09/2026";"22/09/2026";107;0;107;
"AERECO GmbH";"";"26030000152238";"PREVISION";"AEA967XX";"";"22/09/2026";"22/09/2026";42;0;42;
"AERECO GmbH";"";"26030000152278";"PREVISION";"AEA968XX";"";"22/09/2026";"22/09/2026";9;0;9;
"AERECO GmbH";"NOR";"26030000152335";"PREVISION";"AVE056XX";"";"22/09/2026";"22/09/2026";12;0;12;
"AERECO GmbH";"NOR";"26030000152392";"PREVISION";"B3382";"";"22/09/2026";"22/09/2026";5;0;5;
"AERECO GmbH";"";"26030000152432";"PREVISION";"B3651";"";"22/09/2026";"22/09/2026";17;0;17;
"AERECO Ventilation AB";"NOR";"26030000152472";"PREVISION";"B6794";"";"22/09/2026";"22/09/2026";43;0;43;
"AERECO Ventilation AB";"";"26030000152512";"PREVISION";"B6796";"";"22/09/2026";"22/09/2026";19;0;19;
"AERECO GmbH";"NOR";"26030000152539";"PREVISION";"BFE2009GM";"";"22/09/2026";"22/09/2026";1;0;1;
"AERECO GmbH";"NOR";"26030000152565";"PREVISION";"BFE2068GM";"";"22/09/2026";"22/09/2026";5;0;5;
"AERECO GmbH";"NOR";"26030000152623";"PREVISION";"BFX1931GM";"";"22/09/2026";"22/09/2026";47;0;47;
"AERECO GmbH";"";"26030000152656";"PREVISION";"BXC1889EX";"";"22/09/2026";"22/09/2026";4;0;4;
"AERECO GmbH";"NOR";"26030000152724";"PREVISION";"BXC1890GM";"";"22/09/2026";"22/09/2026";288;0;288;
"AERECO GmbH";"NOR";"26030000152753";"PREVISION";"BXC1891EX";"";"22/09/2026";"22/09/2026";18;0;18;
"AERECO GmbH";"NOR";"26030000152813";"PREVISION";"BXC1893GM";"";"22/09/2026";"22/09/2026";288;0;288;
"AERECO WENTYLACJA Sp. z.o.o";"NOR";"26030000152886";"PREVISION";"BXC1899EX";"";"22/09/2026";"22/09/2026";80;0;80;
"AERECO WENTYLACJA Sp. z.o.o";"NOR";"26030000152924";"PREVISION";"BXC1900EX";"";"22/09/2026";"22/09/2026";288;0;288;
"AERECO GmbH";"NOR";"26030000152947";"PREVISION";"BXC1900GM";"";"22/09/2026";"22/09/2026";288;0;288;
"AERECO WENTYLACJA Sp. z.o.o";"NOR";"26030000152971";"PREVISION";"BXC1901EX";"";"22/09/2026";"22/09/2026";13;0;13;
"AERECO GmbH";"NOR";"26030000153002";"PREVISION";"BXC1901GM";"";"22/09/2026";"22/09/2026";25;0;25;
"AERECO WENTYLACJA Sp. z.o.o";"";"26030000153039";"PREVISION";"BXC1902EX";"";"22/09/2026";"22/09/2026";12;0;12;
"AERECO WENTYLACJA Sp. z.o.o";"NOR";"26030000153077";"PREVISION";"BXC1903EX";"";"22/09/2026";"22/09/2026";42;0;42;
"AERECO GmbH";"NOR";"26030000153110";"PREVISION";"BXC1903GM";"";"22/09/2026";"22/09/2026";29;0;29;
"AERECO WENTYLACJA Sp. z.o.o";"NOR";"26030000153140";"PREVISION";"BXC1905EX";"";"22/09/2026";"22/09/2026";26;0;26;
"AERECO GmbH";"NOR";"26030000153171";"PREVISION";"BXC1905GM";"";"22/09/2026";"22/09/2026";2;0;2;
"AERECO WENTYLACJA Sp. z.o.o";"";"26030000153194";"PREVISION";"BXC1906EX";"";"22/09/2026";"22/09/2026";1;0;1;
"AERECO WENTYLACJA Sp. z.o.o";"NOR";"26030000153217";"PREVISION";"BXC1907EX";"";"22/09/2026";"22/09/2026";1152;0;1152;
"AERECO WENTYLACJA Sp. z.o.o";"NOR";"26030000153248";"PREVISION";"BXC1908EX";"";"22/09/2026";"22/09/2026";219;0;219;
"AERECO GmbH";"";"26030000153282";"PREVISION";"BXC1910EX";"";"22/09/2026";"22/09/2026";25;0;25;
"AERECO WENTYLACJA Sp. z.o.o";"";"26030000153311";"PREVISION";"BXC1912EX";"";"22/09/2026";"22/09/2026";6;0;6;
"AERECO WENTYLACJA Sp. z.o.o";"NOR";"26030000153344";"PREVISION";"BXC1915EX";"";"22/09/2026";"22/09/2026";22;0;22;
"AERECO GmbH";"NOR";"26030000153376";"PREVISION";"BXC1922GM";"";"22/09/2026";"22/09/2026";25;0;25;
"AERECO GmbH";"NOR";"26030000153411";"PREVISION";"BXC1923GM";"";"22/09/2026";"22/09/2026";12;0;12;
"AERECO GmbH";"NOR";"26030000153442";"PREVISION";"BXC1924GM";"";"22/09/2026";"22/09/2026";12;0;12;
"AERECO GmbH";"NOR";"26030000153477";"PREVISION";"BXC1925GM";"";"22/09/2026";"22/09/2026";39;0;39;
"AERECO GmbH";"NOR";"26030000153516";"PREVISION";"BXC2138GM";"";"22/09/2026";"22/09/2026";32;0;32;
"AERECO GmbH";"";"26030000153553";"PREVISION";"BXC2139GM";"";"22/09/2026";"22/09/2026";19;0;19;
"AERECO GmbH";"NOR";"26030000153588";"PREVISION";"BXC2142GM";"";"22/09/2026";"22/09/2026";1;0;1;
"AERECO GmbH";"NOR";"26030000153666";"PREVISION";"BXE2053GM";"";"22/09/2026";"22/09/2026";10;0;10;
"AERECO GmbH";"NOR";"26030000153697";"PREVISION";"BXE2055GM";"";"22/09/2026";"22/09/2026";1;0;1;
"AERECO GmbH";"NOR";"26030000153762";"PREVISION";"BXE2065GM";"";"22/09/2026";"22/09/2026";2;0;2;
"AERECO GmbH";"NOR";"26030000153810";"PREVISION";"BXE2066GM";"";"22/09/2026";"22/09/2026";1;0;1;
"AERECO GmbH";"NOR";"26030000153887";"PREVISION";"BXE2073GM";"";"22/09/2026";"22/09/2026";1;0;1;
"AERECO GmbH";"NOR";"26030000153949";"PREVISION";"BXE2077GM";"";"22/09/2026";"22/09/2026";9;0;9;
"AERECO GmbH";"NOR";"26030000154025";"PREVISION";"BXE2078GM";"";"22/09/2026";"22/09/2026";14;0;14;
"AERECO GmbH";"NOR";"26030000154057";"PREVISION";"BXE2079GM";"";"22/09/2026";"22/09/2026";15;0;15;
"AERECO GmbH";"NOR";"26030000154093";"PREVISION";"BXE2080GM";"";"22/09/2026";"22/09/2026";2;0;2;
"AERECO GmbH";"NOR";"26030000154130";"PREVISION";"BXE2189GM";"";"22/09/2026";"22/09/2026";1;0;1;
"AERECO GmbH";"NOR";"26030000154151";"PREVISION";"BXE2192GM";"";"22/09/2026";"22/09/2026";1;0;1;
"AERECO GmbH";"";"26030000154177";"PREVISION";"BXE2194GM";"";"22/09/2026";"22/09/2026";1;0;1;
"AERECO GmbH";"NOR";"26030000154203";"PREVISION";"BXE2201GM";"";"22/09/2026";"22/09/2026";1;0;1;
"AERECO GmbH";"NOR";"26030000154226";"PREVISION";"BXE2202GM";"";"22/09/2026";"22/09/2026";4;0;4;
"AERECO GmbH";"NOR";"26030000154270";"PREVISION";"C1339";"";"22/09/2026";"22/09/2026";40;0;40;
"AERECO GmbH";"";"26030000154319";"PREVISION";"EAF309EX";"";"22/09/2026";"22/09/2026";63;0;63;
"AERECO GmbH";"";"26030000154449";"PREVISION";"EAF323EX";"";"22/09/2026";"22/09/2026";69;0;69;
"AERECO GmbH";"";"26030000154485";"PREVISION";"EAR1245EX";"";"22/09/2026";"22/09/2026";134;0;134;
"AERECO GmbH";"NOR";"26030000154554";"PREVISION";"EAR200GM";"";"22/09/2026";"22/09/2026";720;0;720;
"AERECO GmbH";"NOR";"26030000154577";"PREVISION";"EAR2018GM";"";"22/09/2026";"22/09/2026";96;0;96;
"OOO VIVA LOGISTICS";"NOR";"26030000154622";"PREVISION";"EAR201EX";"";"22/09/2026";"22/09/2026";648;0;648;
"AERECO GmbH";"";"26030000154638";"PREVISION";"EAR201GM";"";"22/09/2026";"22/09/2026";648;0;648;
"AERECO WENTYLACJA Sp. z.o.o";"NOR";"26030000154664";"PREVISION";"EAR201PO";"";"22/09/2026";"22/09/2026";648;0;648;
"AERECO WENTYLACJA Sp. z.o.o";"NOR";"26030000154799";"PREVISION";"EAR206PO";"";"22/09/2026";"22/09/2026";576;0;576;
"AERECO WENTYLACJA Sp. z.o.o";"NOR";"26030000154933";"PREVISION";"EFR174XX";"";"22/09/2026";"22/09/2026";12;0;12;
"AERECO GmbH";"NOR";"26030000155011";"PREVISION";"EHM1275GM";"";"22/09/2026";"22/09/2026";90;0;90;
"AERECO WENTYLACJA Sp. z.o.o";"";"26030000155050";"PREVISION";"EHM1276EX";"";"22/09/2026";"22/09/2026";116;0;116;
"AERECO GmbH";"NOR";"26030000155085";"PREVISION";"EHM1276GM";"";"22/09/2026";"22/09/2026";52;0;52;
"AERECO GmbH";"";"26030000155209";"PREVISION";"EHP1198GM";"";"22/09/2026";"22/09/2026";72;0;72;
"AERECO GmbH";"NOR";"26030000155277";"PREVISION";"EHP1219GM";"";"22/09/2026";"22/09/2026";48;0;48;
"AERECO GmbH";"";"26030000155311";"PREVISION";"EHP1222EX";"";"22/09/2026";"22/09/2026";4;0;4;
"AERECO GmbH";"";"26030000155349";"PREVISION";"EHP1875GM";"";"22/09/2026";"22/09/2026";1080;0;1080;
"ALDES S.p.A.";"";"26030000155377";"PREVISION";"EHT780EX";"";"22/09/2026";"22/09/2026";68;0;68;
"AERECO GmbH";"NOR";"26030000155408";"PREVISION";"EHT780GM";"";"22/09/2026";"22/09/2026";80;0;80;
"AERECO WENTYLACJA Sp. z.o.o";"NOR";"26030000155435";"PREVISION";"EHT780PO";"";"22/09/2026";"22/09/2026";720;0;720;
"ALDES S.p.A.";"";"26030000155456";"PREVISION";"EHT969EX";"";"22/09/2026";"22/09/2026";5;0;5;
"AERECO WENTYLACJA Sp. z.o.o";"NOR";"26030000155478";"PREVISION";"EMM1189PO";"";"22/09/2026";"22/09/2026";216;0;216;
"AERECO WENTYLACJA Sp. z.o.o";"NOR";"26030000155513";"PREVISION";"EMM707PO";"";"22/09/2026";"22/09/2026";864;0;864;
"AERECO WENTYLACJA Sp. z.o.o";"NOR";"26030000155559";"PREVISION";"EMM716PO";"";"22/09/2026";"22/09/2026";1080;0;1080;
"AERECO Ventilation AB";"";"26030000155638";"PREVISION";"ETF1865EX";"";"22/09/2026";"22/09/2026";4;0;4;
"AERECO Ventilation AB";"NOR";"26030000155677";"PREVISION";"ETH1853EX";"";"22/09/2026";"22/09/2026";153;0;153;
"AERECO Ventilation AB";"";"26030000155700";"PREVISION";"ETH1858EX";"";"22/09/2026";"22/09/2026";23;0;23;
"AERECO Ventilation AB";"NOR";"26030000155709";"PREVISION";"ETH1984EX";"";"22/09/2026";"22/09/2026";576;0;576;
"AERECO GmbH";"";"26030000155774";"PREVISION";"ETH2104GM";"";"22/09/2026";"22/09/2026";225;0;225;
"AERECO GmbH";"NOR";"26030000155833";"PREVISION";"FBE1089GM";"";"22/09/2026";"22/09/2026";121;0;121;
"AERECO GmbH";"";"26030000155889";"PREVISION";"G2H1064EX";"";"22/09/2026";"22/09/2026";10;0;10;
"AERECO GmbH";"NOR";"26030000155930";"PREVISION";"K3168";"";"22/09/2026";"22/09/2026";163;0;163;
"AERECO GmbH";"NOR";"26030000155969";"PREVISION";"K3338";"";"22/09/2026";"22/09/2026";98;0;98;
"AERECO GmbH";"";"26030000156008";"PREVISION";"SE3203";"";"22/09/2026";"22/09/2026";22;0;22;
"AERECO WENTYLACJA Sp. z.o.o";"NOR";"26030000156042";"PREVISION";"V2A032EX";"";"22/09/2026";"22/09/2026";7;0;7;
"AERECO GmbH";"";"26030000156073";"PREVISION";"V2A032GM";"";"22/09/2026";"22/09/2026";3;0;3;
"AERECO WENTYLACJA Sp. z.o.o";"";"26030000156209";"PREVISION";"VB42165EX";"";"22/09/2026";"22/09/2026";5;0;5;
"AERECO GmbH";"";"26030000156226";"PREVISION";"VBP2173EX";"";"22/09/2026";"22/09/2026";1;0;1;
"AERECO WENTYLACJA Sp. z.o.o";"NOR";"26030000156245";"PREVISION";"VBP2173PO";"";"22/09/2026";"22/09/2026";90;0;90;
"AERECO WENTYLACJA Sp. z.o.o";"MTS";"26030000111894";"PREVISION";"11016308";"";"28/09/2026";"28/09/2026";1200;0;1200;
"AERECO WENTYLACJA Sp. z.o.o";"MTS";"26030000111990";"PREVISION";"11016312";"";"28/09/2026";"28/09/2026";300;0;300;
"AERECO WENTYLACJA Sp. z.o.o";"";"26030000112689";"PREVISION";"11019095";"";"28/09/2026";"28/09/2026";240;0;240;
"AERECO WENTYLACJA Sp. z.o.o";"MTS";"26030000150659";"PREVISION";"11016309";"";"29/09/2026";"29/09/2026";115;0;115;
"AERECO WENTYLACJA Sp. z.o.o";"NOR";"26030000150719";"PREVISION";"11819091";"";"29/09/2026";"29/09/2026";720;0;720;
"AERECO GmbH";"";"26030000150779";"PREVISION";"A3772E";"";"29/09/2026";"29/09/2026";133;0;133;
"AERECO GmbH";"";"26030000150811";"PREVISION";"A4260";"";"29/09/2026";"29/09/2026";20;0;20;
"AERECO GmbH";"NOR";"26030000150851";"PREVISION";"A4581E01";"";"29/09/2026";"29/09/2026";14;0;14;
"AERECO GmbH";"";"26030000150882";"PREVISION";"A5650E01";"";"29/09/2026";"29/09/2026";2;0;2;
"AERECO WENTYLACJA Sp. z.o.o";"";"26030000150956";"PREVISION";"AEA098XX";"";"29/09/2026";"29/09/2026";90;0;90;
"AERECO GmbH";"NOR";"26030000150973";"PREVISION";"AEA100XX";"";"29/09/2026";"29/09/2026";24;0;24;
"AERECO GmbH";"NOR";"26030000150996";"PREVISION";"AEA1150XX";"";"29/09/2026";"29/09/2026";1080;0;1080;
"AERECO GmbH";"NOR";"26030000151011";"PREVISION";"AEA1151XX";"";"29/09/2026";"29/09/2026";1080;0;1080;
"AERECO GmbH";"NOR";"26030000151072";"PREVISION";"AEA1216GM";"";"29/09/2026";"29/09/2026";42;0;42;
"AERECO GmbH";"NOR";"26030000151107";"PREVISION";"AEA1217GM";"";"29/09/2026";"29/09/2026";52;0;52;
"AERECO WENTYLACJA Sp. z.o.o";"NOR";"26030000151202";"PREVISION";"AEA1242XX";"";"29/09/2026";"29/09/2026";27;0;27;
"AERECO WENTYLACJA Sp. z.o.o";"NOR";"26030000151230";"PREVISION";"AEA1243XX";"";"29/09/2026";"29/09/2026";1440;0;1440;
"AERECO GmbH";"";"26030000151261";"PREVISION";"AEA1335EX";"";"29/09/2026";"29/09/2026";4;0;4;
"AERECO GmbH";"";"26030000151300";"PREVISION";"AEA1339EX";"";"29/09/2026";"29/09/2026";19;0;19;
"AERECO GmbH";"";"26030000151331";"PREVISION";"AEA1426XX";"";"29/09/2026";"29/09/2026";7;0;7;
"AERECO GmbH";"NOR";"26030000151371";"PREVISION";"AEA1429XX";"";"29/09/2026";"29/09/2026";14;0;14;
"AERECO GmbH";"";"26030000151417";"PREVISION";"AEA157XX";"";"29/09/2026";"29/09/2026";3;0;3;
"AERECO GmbH";"";"26030000151448";"PREVISION";"AEA1954XX";"";"29/09/2026";"29/09/2026";10;0;10;
"AERECO Ventilation AB";"";"26030000151488";"PREVISION";"AEA1955XX";"";"29/09/2026";"29/09/2026";9;0;9;
"AERECO Ventilation AB";"";"26030000151524";"PREVISION";"AEA1958XX";"";"29/09/2026";"29/09/2026";43;0;43;
"AERECO GmbH";"NOR";"26030000151564";"PREVISION";"AEA1992XX";"";"29/09/2026";"29/09/2026";100;0;100;
"AERECO GmbH";"";"26030000151671";"PREVISION";"AEA2115XX";"";"29/09/2026";"29/09/2026";46;0;46;
"AERECO GmbH";"NOR";"26030000151711";"PREVISION";"AEA301XX";"";"29/09/2026";"29/09/2026";87;0;87;
"AERECO GmbH";"";"26030000151763";"PREVISION";"AEA400GM";"";"29/09/2026";"29/09/2026";2;0;2;
"AERECO GmbH";"";"26030000151803";"PREVISION";"AEA453XX";"";"29/09/2026";"29/09/2026";27;0;27;
"AERECO GmbH";"NOR";"26030000151868";"PREVISION";"AEA731XX";"";"29/09/2026";"29/09/2026";1809;0;1809;
"AERECO GmbH";"NOR";"26030000151894";"PREVISION";"AEA733XX";"";"29/09/2026";"29/09/2026";13;0;13;
"AERECO GmbH";"NOR";"26030000151933";"PREVISION";"AEA775XX";"";"29/09/2026";"29/09/2026";104;0;104;
"AERECO GmbH";"";"26030000151962";"PREVISION";"AEA776XX";"";"29/09/2026";"29/09/2026";3;0;3;
"AERECO GmbH";"";"26030000152002";"PREVISION";"AEA778XX";"";"29/09/2026";"29/09/2026";67;0;67;
"AERECO GmbH";"";"26030000152037";"PREVISION";"AEA808XX";"";"29/09/2026";"29/09/2026";1;0;1;
"AERECO GmbH";"NOR";"26030000152071";"PREVISION";"AEA809XX";"";"29/09/2026";"29/09/2026";13;0;13;
"AERECO GmbH";"NOR";"26030000152104";"PREVISION";"AEA833XX";"";"29/09/2026";"29/09/2026";1440;0;1440;
"AERECO GmbH";"";"26030000152125";"PREVISION";"AEA834XX";"";"29/09/2026";"29/09/2026";1;0;1;
"AERECO GmbH";"";"26030000152173";"PREVISION";"AEA877XX";"";"29/09/2026";"29/09/2026";1;0;1;
"AERECO GmbH";"NOR";"26030000152199";"PREVISION";"AEA942EX";"";"29/09/2026";"29/09/2026";70;0;70;
"AERECO GmbH";"";"26030000152239";"PREVISION";"AEA967XX";"";"29/09/2026";"29/09/2026";23;0;23;
"AERECO GmbH";"";"26030000152279";"PREVISION";"AEA968XX";"";"29/09/2026";"29/09/2026";5;0;5;
"AERECO GmbH";"NOR";"26030000152336";"PREVISION";"AVE056XX";"";"29/09/2026";"29/09/2026";25;0;25;
"AERECO GmbH";"NOR";"26030000152393";"PREVISION";"B3382";"";"29/09/2026";"29/09/2026";3;0;3;
"AERECO GmbH";"";"26030000152433";"PREVISION";"B3651";"";"29/09/2026";"29/09/2026";9;0;9;
"AERECO Ventilation AB";"NOR";"26030000152473";"PREVISION";"B6794";"";"29/09/2026";"29/09/2026";26;0;26;
"AERECO Ventilation AB";"";"26030000152513";"PREVISION";"B6796";"";"29/09/2026";"29/09/2026";10;0;10;
"AERECO GmbH";"NOR";"26030000152566";"PREVISION";"BFE2068GM";"";"29/09/2026";"29/09/2026";3;0;3;
"AERECO GmbH";"NOR";"26030000152624";"PREVISION";"BFX1931GM";"";"29/09/2026";"29/09/2026";31;0;31;
"AERECO GmbH";"";"26030000152657";"PREVISION";"BXC1889EX";"";"29/09/2026";"29/09/2026";2;0;2;
"AERECO GmbH";"NOR";"26030000152725";"PREVISION";"BXC1890GM";"";"29/09/2026";"29/09/2026";288;0;288;
"AERECO GmbH";"NOR";"26030000152754";"PREVISION";"BXC1891EX";"";"29/09/2026";"29/09/2026";11;0;11;
"AERECO WENTYLACJA Sp. z.o.o";"NOR";"26030000152887";"PREVISION";"BXC1899EX";"";"29/09/2026";"29/09/2026";45;0;45;
"AERECO WENTYLACJA Sp. z.o.o";"NOR";"26030000152925";"PREVISION";"BXC1900EX";"";"29/09/2026";"29/09/2026";288;0;288;
"AERECO GmbH";"NOR";"26030000152948";"PREVISION";"BXC1900GM";"";"29/09/2026";"29/09/2026";288;0;288;
"AERECO WENTYLACJA Sp. z.o.o";"NOR";"26030000152972";"PREVISION";"BXC1901EX";"";"29/09/2026";"29/09/2026";7;0;7;
"AERECO GmbH";"NOR";"26030000153003";"PREVISION";"BXC1901GM";"";"29/09/2026";"29/09/2026";16;0;16;
"AERECO WENTYLACJA Sp. z.o.o";"";"26030000153040";"PREVISION";"BXC1902EX";"";"29/09/2026";"29/09/2026";6;0;6;
"AERECO WENTYLACJA Sp. z.o.o";"NOR";"26030000153078";"PREVISION";"BXC1903EX";"";"29/09/2026";"29/09/2026";22;0;22;
"AERECO GmbH";"NOR";"26030000153111";"PREVISION";"BXC1903GM";"";"29/09/2026";"29/09/2026";19;0;19;
"AERECO WENTYLACJA Sp. z.o.o";"NOR";"26030000153141";"PREVISION";"BXC1905EX";"";"29/09/2026";"29/09/2026";11;0;11;
"AERECO GmbH";"NOR";"26030000153172";"PREVISION";"BXC1905GM";"";"29/09/2026";"29/09/2026";1;0;1;
"AERECO WENTYLACJA Sp. z.o.o";"NOR";"26030000153218";"PREVISION";"BXC1907EX";"";"29/09/2026";"29/09/2026";1152;0;1152;
"AERECO WENTYLACJA Sp. z.o.o";"NOR";"26030000153249";"PREVISION";"BXC1908EX";"";"29/09/2026";"29/09/2026";141;0;141;
"AERECO GmbH";"";"26030000153283";"PREVISION";"BXC1910EX";"";"29/09/2026";"29/09/2026";16;0;16;
"AERECO WENTYLACJA Sp. z.o.o";"";"26030000153312";"PREVISION";"BXC1912EX";"";"29/09/2026";"29/09/2026";3;0;3;
"AERECO WENTYLACJA Sp. z.o.o";"NOR";"26030000153345";"PREVISION";"BXC1915EX";"";"29/09/2026";"29/09/2026";12;0;12;
"AERECO GmbH";"NOR";"26030000153377";"PREVISION";"BXC1922GM";"";"29/09/2026";"29/09/2026";16;0;16;
"AERECO GmbH";"NOR";"26030000153412";"PREVISION";"BXC1923GM";"";"29/09/2026";"29/09/2026";8;0;8;
"AERECO GmbH";"NOR";"26030000153443";"PREVISION";"BXC1924GM";"";"29/09/2026";"29/09/2026";8;0;8;
"AERECO GmbH";"NOR";"26030000153478";"PREVISION";"BXC1925GM";"";"29/09/2026";"29/09/2026";25;0;25;
"AERECO GmbH";"NOR";"26030000153517";"PREVISION";"BXC2138GM";"";"29/09/2026";"29/09/2026";21;0;21;
"AERECO GmbH";"";"26030000153554";"PREVISION";"BXC2139GM";"";"29/09/2026";"29/09/2026";12;0;12;
"AERECO GmbH";"NOR";"26030000153589";"PREVISION";"BXC2142GM";"";"29/09/2026";"29/09/2026";1;0;1;
"AERECO GmbH";"NOR";"26030000153667";"PREVISION";"BXE2053GM";"";"29/09/2026";"29/09/2026";6;0;6;
"AERECO GmbH";"NOR";"26030000153763";"PREVISION";"BXE2065GM";"";"29/09/2026";"29/09/2026";1;0;1;
"AERECO GmbH";"NOR";"26030000153950";"PREVISION";"BXE2077GM";"";"29/09/2026";"29/09/2026";6;0;6;
"AERECO GmbH";"NOR";"26030000154026";"PREVISION";"BXE2078GM";"";"29/09/2026";"29/09/2026";9;0;9;
"AERECO GmbH";"NOR";"26030000154058";"PREVISION";"BXE2079GM";"";"29/09/2026";"29/09/2026";9;0;9;
"AERECO GmbH";"NOR";"26030000154094";"PREVISION";"BXE2080GM";"";"29/09/2026";"29/09/2026";1;0;1;
"AERECO GmbH";"NOR";"26030000154152";"PREVISION";"BXE2192GM";"";"29/09/2026";"29/09/2026";1;0;1;
"AERECO GmbH";"";"26030000154178";"PREVISION";"BXE2194GM";"";"29/09/2026";"29/09/2026";1;0;1;
"AERECO GmbH";"NOR";"26030000154227";"PREVISION";"BXE2202GM";"";"29/09/2026";"29/09/2026";3;0;3;
"AERECO GmbH";"NOR";"26030000154271";"PREVISION";"C1339";"";"29/09/2026";"29/09/2026";26;0;26;
"AERECO GmbH";"";"26030000154320";"PREVISION";"EAF309EX";"";"29/09/2026";"29/09/2026";36;0;36;
"AERECO GmbH";"";"26030000154450";"PREVISION";"EAF323EX";"";"29/09/2026";"29/09/2026";38;0;38;
"AERECO GmbH";"";"26030000154486";"PREVISION";"EAR1245EX";"";"29/09/2026";"29/09/2026";57;0;57;
"AERECO GmbH";"NOR";"26030000154578";"PREVISION";"EAR2018GM";"";"29/09/2026";"29/09/2026";63;0;63;
"OOO VIVA LOGISTICS";"NOR";"26030000154623";"PREVISION";"EAR201EX";"";"29/09/2026";"29/09/2026";648;0;648;
"AERECO WENTYLACJA Sp. z.o.o";"NOR";"26030000154665";"PREVISION";"EAR201PO";"";"29/09/2026";"29/09/2026";518;0;518;
"AERECO WENTYLACJA Sp. z.o.o";"NOR";"26030000154800";"PREVISION";"EAR206PO";"";"29/09/2026";"29/09/2026";576;0;576;
"AERECO WENTYLACJA Sp. z.o.o";"NOR";"26030000154934";"PREVISION";"EFR174XX";"";"29/09/2026";"29/09/2026";7;0;7;
"AERECO GmbH";"NOR";"26030000155012";"PREVISION";"EHM1275GM";"";"29/09/2026";"29/09/2026";59;0;59;
"AERECO WENTYLACJA Sp. z.o.o";"";"26030000155051";"PREVISION";"EHM1276EX";"";"29/09/2026";"29/09/2026";65;0;65;
"AERECO GmbH";"NOR";"26030000155086";"PREVISION";"EHM1276GM";"";"29/09/2026";"29/09/2026";34;0;34;
"AERECO GmbH";"";"26030000155210";"PREVISION";"EHP1198GM";"";"29/09/2026";"29/09/2026";47;0;47;
"AERECO GmbH";"NOR";"26030000155278";"PREVISION";"EHP1219GM";"";"29/09/2026";"29/09/2026";31;0;31;
"AERECO GmbH";"";"26030000155312";"PREVISION";"EHP1222EX";"";"29/09/2026";"29/09/2026";2;0;2;
"AERECO GmbH";"NOR";"26030000155333";"PREVISION";"EHP1874GM";"";"29/09/2026";"29/09/2026";1080;0;1080;
"ALDES S.p.A.";"";"26030000155378";"PREVISION";"EHT780EX";"";"29/09/2026";"29/09/2026";37;0;37;
"AERECO GmbH";"NOR";"26030000155409";"PREVISION";"EHT780GM";"";"29/09/2026";"29/09/2026";52;0;52;
"ALDES S.p.A.";"";"26030000155457";"PREVISION";"EHT969EX";"";"29/09/2026";"29/09/2026";2;0;2;
"AERECO WENTYLACJA Sp. z.o.o";"NOR";"26030000155560";"PREVISION";"EMM716PO";"";"29/09/2026";"29/09/2026";1080;0;1080;
"AERECO Ventilation AB";"";"26030000155621";"PREVISION";"ETF1864EX";"";"29/09/2026";"29/09/2026";3;0;3;
"AERECO Ventilation AB";"";"26030000155639";"PREVISION";"ETF1865EX";"";"29/09/2026";"29/09/2026";2;0;2;
"AERECO Ventilation AB";"NOR";"26030000155678";"PREVISION";"ETH1853EX";"";"29/09/2026";"29/09/2026";90;0;90;
"AERECO GmbH";"";"26030000155775";"PREVISION";"ETH2104GM";"";"29/09/2026";"29/09/2026";225;0;225;
"AERECO GmbH";"NOR";"26030000155834";"PREVISION";"FBE1089GM";"";"29/09/2026";"29/09/2026";79;0;79;
"AERECO GmbH";"";"26030000155890";"PREVISION";"G2H1064EX";"";"29/09/2026";"29/09/2026";6;0;6;
"AERECO GmbH";"NOR";"26030000155931";"PREVISION";"K3168";"";"29/09/2026";"29/09/2026";104;0;104;
"AERECO GmbH";"NOR";"26030000155970";"PREVISION";"K3338";"";"29/09/2026";"29/09/2026";63;0;63;
"AERECO GmbH";"";"26030000156009";"PREVISION";"SE3203";"";"29/09/2026";"29/09/2026";4;0;4;
"AERECO WENTYLACJA Sp. z.o.o";"NOR";"26030000156043";"PREVISION";"V2A032EX";"";"29/09/2026";"29/09/2026";4;0;4;
"AERECO GmbH";"";"26030000156074";"PREVISION";"V2A032GM";"";"29/09/2026";"29/09/2026";2;0;2;
"AERECO GmbH";"";"26030000156227";"PREVISION";"VBP2173EX";"";"29/09/2026";"29/09/2026";1;0;1;
"AERECO WENTYLACJA Sp. z.o.o";"NOR";"26030000110203";"PREVISION";"11011516";"";"05/10/2026";"05/10/2026";720;0;720;
"AERECO WENTYLACJA Sp. z.o.o";"MTS";"26030000111895";"PREVISION";"11016308";"";"05/10/2026";"05/10/2026";1200;0;1200;
"AERECO WENTYLACJA Sp. z.o.o";"MTS";"26030000111928";"PREVISION";"11016309";"";"05/10/2026";"05/10/2026";720;0;720;
"AERECO WENTYLACJA Sp. z.o.o";"MTS";"26030000111927";"PREVISION";"11016309";"";"05/10/2026";"05/10/2026";720;0;720;
"AERECO WENTYLACJA Sp. z.o.o";"NOR";"26030000111962";"PREVISION";"11016310";"";"05/10/2026";"05/10/2026";480;0;480;
"AERECO WENTYLACJA Sp. z.o.o";"MTS";"26030000150660";"PREVISION";"11016309";"";"06/10/2026";"06/10/2026";115;0;115;
"AERECO WENTYLACJA Sp. z.o.o";"NOR";"26030000150675";"PREVISION";"11016310";"";"06/10/2026";"06/10/2026";576;0;576;
"AERECO WENTYLACJA Sp. z.o.o";"NOR";"26030000150720";"PREVISION";"11819091";"";"06/10/2026";"06/10/2026";720;0;720;
"AERECO GmbH";"";"26030000150780";"PREVISION";"A3772E";"";"06/10/2026";"06/10/2026";133;0;133;
"AERECO GmbH";"";"26030000150812";"PREVISION";"A4260";"";"06/10/2026";"06/10/2026";20;0;20;
"AERECO GmbH";"NOR";"26030000150852";"PREVISION";"A4581E01";"";"06/10/2026";"06/10/2026";14;0;14;
"AERECO GmbH";"";"26030000150883";"PREVISION";"A5650E01";"";"06/10/2026";"06/10/2026";2;0;2;
"AERECO GmbH";"NOR";"26030000150914";"PREVISION";"AEA064XX";"";"06/10/2026";"06/10/2026";800;0;800;
"AERECO WENTYLACJA Sp. z.o.o";"";"26030000150957";"PREVISION";"AEA098XX";"";"06/10/2026";"06/10/2026";90;0;90;
"AERECO GmbH";"NOR";"26030000150974";"PREVISION";"AEA100XX";"";"06/10/2026";"06/10/2026";24;0;24;
"AERECO GmbH";"NOR";"26030000151034";"PREVISION";"AEA1152XX";"";"06/10/2026";"06/10/2026";1080;0;1080;
"AERECO GmbH";"NOR";"26030000151073";"PREVISION";"AEA1216GM";"";"06/10/2026";"06/10/2026";42;0;42;
"AERECO GmbH";"NOR";"26030000151108";"PREVISION";"AEA1217GM";"";"06/10/2026";"06/10/2026";52;0;52;
"AERECO GmbH";"NOR";"26030000151171";"PREVISION";"AEA1241XX";"";"06/10/2026";"06/10/2026";1809;0;1809;
"AERECO WENTYLACJA Sp. z.o.o";"NOR";"26030000151203";"PREVISION";"AEA1242XX";"";"06/10/2026";"06/10/2026";27;0;27;
"AERECO GmbH";"";"26030000151262";"PREVISION";"AEA1335EX";"";"06/10/2026";"06/10/2026";4;0;4;
"AERECO GmbH";"";"26030000151301";"PREVISION";"AEA1339EX";"";"06/10/2026";"06/10/2026";19;0;19;
"AERECO GmbH";"";"26030000151332";"PREVISION";"AEA1426XX";"";"06/10/2026";"06/10/2026";7;0;7;
"AERECO GmbH";"NOR";"26030000151372";"PREVISION";"AEA1429XX";"";"06/10/2026";"06/10/2026";14;0;14;
"AERECO GmbH";"";"26030000151418";"PREVISION";"AEA157XX";"";"06/10/2026";"06/10/2026";3;0;3;
"AERECO GmbH";"";"26030000151449";"PREVISION";"AEA1954XX";"";"06/10/2026";"06/10/2026";10;0;10;
"AERECO Ventilation AB";"";"26030000151489";"PREVISION";"AEA1955XX";"";"06/10/2026";"06/10/2026";9;0;9;
"AERECO Ventilation AB";"";"26030000151525";"PREVISION";"AEA1958XX";"";"06/10/2026";"06/10/2026";43;0;43;
"AERECO GmbH";"NOR";"26030000151565";"PREVISION";"AEA1992XX";"";"06/10/2026";"06/10/2026";100;0;100;
"AERECO GmbH";"";"26030000151672";"PREVISION";"AEA2115XX";"";"06/10/2026";"06/10/2026";46;0;46;
"AERECO GmbH";"NOR";"26030000151712";"PREVISION";"AEA301XX";"";"06/10/2026";"06/10/2026";87;0;87;
"AERECO GmbH";"NOR";"26030000151731";"PREVISION";"AEA317XX";"";"06/10/2026";"06/10/2026";400;0;400;
"AERECO GmbH";"";"26030000151764";"PREVISION";"AEA400GM";"";"06/10/2026";"06/10/2026";2;0;2;
"AERECO GmbH";"";"26030000151804";"PREVISION";"AEA453XX";"";"06/10/2026";"06/10/2026";27;0;27;
"AERECO GmbH";"NOR";"26030000151869";"PREVISION";"AEA731XX";"";"06/10/2026";"06/10/2026";1809;0;1809;
"AERECO GmbH";"NOR";"26030000151895";"PREVISION";"AEA733XX";"";"06/10/2026";"06/10/2026";13;0;13;
"AERECO GmbH";"NOR";"26030000151934";"PREVISION";"AEA775XX";"";"06/10/2026";"06/10/2026";104;0;104;
"AERECO GmbH";"";"26030000151963";"PREVISION";"AEA776XX";"";"06/10/2026";"06/10/2026";3;0;3;
"AERECO GmbH";"";"26030000152003";"PREVISION";"AEA778XX";"";"06/10/2026";"06/10/2026";67;0;67;
"AERECO GmbH";"";"26030000152038";"PREVISION";"AEA808XX";"";"06/10/2026";"06/10/2026";1;0;1;
"AERECO GmbH";"NOR";"26030000152072";"PREVISION";"AEA809XX";"";"06/10/2026";"06/10/2026";13;0;13;
"AERECO GmbH";"";"26030000152126";"PREVISION";"AEA834XX";"";"06/10/2026";"06/10/2026";1;0;1;
"AERECO GmbH";"";"26030000152174";"PREVISION";"AEA877XX";"";"06/10/2026";"06/10/2026";1;0;1;
"AERECO GmbH";"NOR";"26030000152200";"PREVISION";"AEA942EX";"";"06/10/2026";"06/10/2026";70;0;70;
"AERECO GmbH";"";"26030000152240";"PREVISION";"AEA967XX";"";"06/10/2026";"06/10/2026";23;0;23;
"AERECO GmbH";"";"26030000152280";"PREVISION";"AEA968XX";"";"06/10/2026";"06/10/2026";5;0;5;
"AERECO GmbH";"NOR";"26030000152307";"PREVISION";"AVE055XX";"";"06/10/2026";"06/10/2026";900;0;900;
"AERECO GmbH";"NOR";"26030000152337";"PREVISION";"AVE056XX";"";"06/10/2026";"06/10/2026";25;0;25;
"AERECO GmbH";"NOR";"26030000152394";"PREVISION";"B3382";"";"06/10/2026";"06/10/2026";3;0;3;
"AERECO GmbH";"";"26030000152434";"PREVISION";"B3651";"";"06/10/2026";"06/10/2026";9;0;9;
"AERECO Ventilation AB";"NOR";"26030000152474";"PREVISION";"B6794";"";"06/10/2026";"06/10/2026";26;0;26;
"AERECO Ventilation AB";"";"26030000152514";"PREVISION";"B6796";"";"06/10/2026";"06/10/2026";10;0;10;
"AERECO GmbH";"NOR";"26030000152567";"PREVISION";"BFE2068GM";"";"06/10/2026";"06/10/2026";3;0;3;
"AERECO GmbH";"NOR";"26030000152625";"PREVISION";"BFX1931GM";"";"06/10/2026";"06/10/2026";31;0;31;
"AERECO GmbH";"";"26030000152658";"PREVISION";"BXC1889EX";"";"06/10/2026";"06/10/2026";2;0;2;
"AERECO GmbH";"NOR";"26030000152726";"PREVISION";"BXC1890GM";"";"06/10/2026";"06/10/2026";288;0;288;
"AERECO GmbH";"NOR";"26030000152755";"PREVISION";"BXC1891EX";"";"06/10/2026";"06/10/2026";11;0;11;
"AERECO GmbH";"NOR";"26030000152814";"PREVISION";"BXC1893GM";"";"06/10/2026";"06/10/2026";288;0;288;
"AERECO WENTYLACJA Sp. z.o.o";"NOR";"26030000152888";"PREVISION";"BXC1899EX";"";"06/10/2026";"06/10/2026";45;0;45;
"AERECO WENTYLACJA Sp. z.o.o";"NOR";"26030000152926";"PREVISION";"BXC1900EX";"";"06/10/2026";"06/10/2026";288;0;288;
"AERECO WENTYLACJA Sp. z.o.o";"NOR";"26030000152973";"PREVISION";"BXC1901EX";"";"06/10/2026";"06/10/2026";7;0;7;
"AERECO GmbH";"NOR";"26030000153004";"PREVISION";"BXC1901GM";"";"06/10/2026";"06/10/2026";16;0;16;
"AERECO WENTYLACJA Sp. z.o.o";"";"26030000153041";"PREVISION";"BXC1902EX";"";"06/10/2026";"06/10/2026";6;0;6;
"AERECO WENTYLACJA Sp. z.o.o";"NOR";"26030000153079";"PREVISION";"BXC1903EX";"";"06/10/2026";"06/10/2026";22;0;22;
"AERECO GmbH";"NOR";"26030000153112";"PREVISION";"BXC1903GM";"";"06/10/2026";"06/10/2026";19;0;19;
"AERECO WENTYLACJA Sp. z.o.o";"NOR";"26030000153142";"PREVISION";"BXC1905EX";"";"06/10/2026";"06/10/2026";11;0;11;
"AERECO GmbH";"NOR";"26030000153173";"PREVISION";"BXC1905GM";"";"06/10/2026";"06/10/2026";1;0;1;
"AERECO WENTYLACJA Sp. z.o.o";"NOR";"26030000153219";"PREVISION";"BXC1907EX";"";"06/10/2026";"06/10/2026";1152;0;1152;
"AERECO WENTYLACJA Sp. z.o.o";"NOR";"26030000153250";"PREVISION";"BXC1908EX";"";"06/10/2026";"06/10/2026";141;0;141;
"AERECO GmbH";"";"26030000153284";"PREVISION";"BXC1910EX";"";"06/10/2026";"06/10/2026";16;0;16;
"AERECO WENTYLACJA Sp. z.o.o";"";"26030000153313";"PREVISION";"BXC1912EX";"";"06/10/2026";"06/10/2026";3;0;3;
"AERECO WENTYLACJA Sp. z.o.o";"NOR";"26030000153346";"PREVISION";"BXC1915EX";"";"06/10/2026";"06/10/2026";12;0;12;
"AERECO GmbH";"NOR";"26030000153378";"PREVISION";"BXC1922GM";"";"06/10/2026";"06/10/2026";16;0;16;
"AERECO GmbH";"NOR";"26030000153413";"PREVISION";"BXC1923GM";"";"06/10/2026";"06/10/2026";8;0;8;
"AERECO GmbH";"NOR";"26030000153444";"PREVISION";"BXC1924GM";"";"06/10/2026";"06/10/2026";8;0;8;
"AERECO GmbH";"NOR";"26030000153479";"PREVISION";"BXC1925GM";"";"06/10/2026";"06/10/2026";25;0;25;
"AERECO Ventilation AB";"";"26030000153496";"PREVISION";"BXC1927XO";"";"06/10/2026";"06/10/2026";96;0;96;
"AERECO GmbH";"NOR";"26030000153518";"PREVISION";"BXC2138GM";"";"06/10/2026";"06/10/2026";21;0;21;
"AERECO GmbH";"";"26030000153555";"PREVISION";"BXC2139GM";"";"06/10/2026";"06/10/2026";12;0;12;
"AERECO GmbH";"NOR";"26030000153590";"PREVISION";"BXC2142GM";"";"06/10/2026";"06/10/2026";1;0;1;
"AERECO GmbH";"NOR";"26030000153668";"PREVISION";"BXE2053GM";"";"06/10/2026";"06/10/2026";6;0;6;
"AERECO GmbH";"NOR";"26030000153702";"PREVISION";"BXE2056GM";"";"06/10/2026";"06/10/2026";108;0;108;
"AERECO GmbH";"NOR";"26030000153764";"PREVISION";"BXE2065GM";"";"06/10/2026";"06/10/2026";1;0;1;
"AERECO GmbH";"NOR";"26030000153951";"PREVISION";"BXE2077GM";"";"06/10/2026";"06/10/2026";6;0;6;
"AERECO GmbH";"NOR";"26030000154027";"PREVISION";"BXE2078GM";"";"06/10/2026";"06/10/2026";9;0;9;
"AERECO GmbH";"NOR";"26030000154059";"PREVISION";"BXE2079GM";"";"06/10/2026";"06/10/2026";9;0;9;
"AERECO GmbH";"NOR";"26030000154095";"PREVISION";"BXE2080GM";"";"06/10/2026";"06/10/2026";1;0;1;
"AERECO GmbH";"NOR";"26030000154153";"PREVISION";"BXE2192GM";"";"06/10/2026";"06/10/2026";1;0;1;
"AERECO GmbH";"";"26030000154179";"PREVISION";"BXE2194GM";"";"06/10/2026";"06/10/2026";1;0;1;
"AERECO GmbH";"NOR";"26030000154228";"PREVISION";"BXE2202GM";"";"06/10/2026";"06/10/2026";3;0;3;
"AERECO WENTYLACJA Sp. z.o.o";"NOR";"26030000154251";"PREVISION";"BXL888PO";"";"06/10/2026";"06/10/2026";576;0;576;
"AERECO GmbH";"NOR";"26030000154272";"PREVISION";"C1339";"";"06/10/2026";"06/10/2026";26;0;26;
"AERECO GmbH";"NOR";"26030000154291";"PREVISION";"CAL261EX";"";"06/10/2026";"06/10/2026";1000;0;1000;
"AERECO GmbH";"";"26030000154321";"PREVISION";"EAF309EX";"";"06/10/2026";"06/10/2026";36;0;36;
"AERECO GmbH";"";"26030000154451";"PREVISION";"EAF323EX";"";"06/10/2026";"06/10/2026";38;0;38;
"AERECO GmbH";"";"26030000154487";"PREVISION";"EAR1245EX";"";"06/10/2026";"06/10/2026";57;0;57;
"AERECO GmbH";"NOR";"26030000154555";"PREVISION";"EAR200GM";"";"06/10/2026";"06/10/2026";720;0;720;
"AERECO GmbH";"NOR";"26030000154579";"PREVISION";"EAR2018GM";"";"06/10/2026";"06/10/2026";63;0;63;
"AERECO GmbH";"NOR";"26030000154602";"PREVISION";"EAR2019GM";"";"06/10/2026";"06/10/2026";360;0;360;
"AERECO WENTYLACJA Sp. z.o.o";"NOR";"26030000154801";"PREVISION";"EAR206PO";"";"06/10/2026";"06/10/2026";576;0;576;
"AERECO WENTYLACJA Sp. z.o.o";"NOR";"26030000154935";"PREVISION";"EFR174XX";"";"06/10/2026";"06/10/2026";7;0;7;
"AERECO GmbH";"NOR";"26030000155013";"PREVISION";"EHM1275GM";"";"06/10/2026";"06/10/2026";59;0;59;
"AERECO WENTYLACJA Sp. z.o.o";"";"26030000155052";"PREVISION";"EHM1276EX";"";"06/10/2026";"06/10/2026";65;0;65;
"AERECO GmbH";"NOR";"26030000155087";"PREVISION";"EHM1276GM";"";"06/10/2026";"06/10/2026";34;0;34;
"AERECO GmbH";"";"26030000155211";"PREVISION";"EHP1198GM";"";"06/10/2026";"06/10/2026";47;0;47;
"AERECO GmbH";"NOR";"26030000155279";"PREVISION";"EHP1219GM";"";"06/10/2026";"06/10/2026";31;0;31;
"AERECO GmbH";"";"26030000155313";"PREVISION";"EHP1222EX";"";"06/10/2026";"06/10/2026";2;0;2;
"AERECO GmbH";"";"26030000155350";"PREVISION";"EHP1875GM";"";"06/10/2026";"06/10/2026";1080;0;1080;
"ALDES S.p.A.";"";"26030000155379";"PREVISION";"EHT780EX";"";"06/10/2026";"06/10/2026";37;0;37;
"AERECO GmbH";"NOR";"26030000155410";"PREVISION";"EHT780GM";"";"06/10/2026";"06/10/2026";52;0;52;
"AERECO WENTYLACJA Sp. z.o.o";"NOR";"26030000155436";"PREVISION";"EHT780PO";"";"06/10/2026";"06/10/2026";720;0;720;
"ALDES S.p.A.";"";"26030000155458";"PREVISION";"EHT969EX";"";"06/10/2026";"06/10/2026";2;0;2;
"AERECO WENTYLACJA Sp. z.o.o";"NOR";"26030000155514";"PREVISION";"EMM707PO";"";"06/10/2026";"06/10/2026";864;0;864;
"AERECO WENTYLACJA Sp. z.o.o";"NOR";"26030000155561";"PREVISION";"EMM716PO";"";"06/10/2026";"06/10/2026";1080;0;1080;
"AERECO Ventilation AB";"";"26030000155622";"PREVISION";"ETF1864EX";"";"06/10/2026";"06/10/2026";3;0;3;
"AERECO Ventilation AB";"";"26030000155640";"PREVISION";"ETF1865EX";"";"06/10/2026";"06/10/2026";2;0;2;
"AERECO Ventilation AB";"NOR";"26030000155679";"PREVISION";"ETH1853EX";"";"06/10/2026";"06/10/2026";90;0;90;
"AERECO GmbH";"NOR";"26030000155835";"PREVISION";"FBE1089GM";"";"06/10/2026";"06/10/2026";79;0;79;
"AERECO GmbH";"";"26030000155891";"PREVISION";"G2H1064EX";"";"06/10/2026";"06/10/2026";6;0;6;
"AERECO GmbH";"NOR";"26030000155932";"PREVISION";"K3168";"";"06/10/2026";"06/10/2026";104;0;104;
"AERECO GmbH";"NOR";"26030000155971";"PREVISION";"K3338";"";"06/10/2026";"06/10/2026";63;0;63;
"AERECO GmbH";"";"26030000156010";"PREVISION";"SE3203";"";"06/10/2026";"06/10/2026";4;0;4;
"AERECO WENTYLACJA Sp. z.o.o";"NOR";"26030000156044";"PREVISION";"V2A032EX";"";"06/10/2026";"06/10/2026";4;0;4;
"AERECO GmbH";"";"26030000156075";"PREVISION";"V2A032GM";"";"06/10/2026";"06/10/2026";2;0;2;
"AERECO GmbH";"";"26030000156228";"PREVISION";"VBP2173EX";"";"06/10/2026";"06/10/2026";1;0;1;
"AERECO WENTYLACJA Sp. z.o.o";"NOR";"26030000156246";"PREVISION";"VBP2173PO";"";"06/10/2026";"06/10/2026";90;0;90;
"AERECO WENTYLACJA Sp. z.o.o";"NOR";"26030000110204";"PREVISION";"11011516";"";"12/10/2026";"12/10/2026";720;0;720;
"AERECO WENTYLACJA Sp. z.o.o";"MTS";"26030000111991";"PREVISION";"11016312";"";"12/10/2026";"12/10/2026";300;0;300;
"AERECO WENTYLACJA Sp. z.o.o";"MTS";"26030000150661";"PREVISION";"11016309";"";"13/10/2026";"13/10/2026";115;0;115;
"AERECO WENTYLACJA Sp. z.o.o";"NOR";"26030000150721";"PREVISION";"11819091";"";"13/10/2026";"13/10/2026";720;0;720;
"AERECO GmbH";"";"26030000150781";"PREVISION";"A3772E";"";"13/10/2026";"13/10/2026";133;0;133;
"AERECO GmbH";"";"26030000150813";"PREVISION";"A4260";"";"13/10/2026";"13/10/2026";20;0;20;
"AERECO GmbH";"NOR";"26030000150853";"PREVISION";"A4581E01";"";"13/10/2026";"13/10/2026";14;0;14;
"AERECO GmbH";"";"26030000150884";"PREVISION";"A5650E01";"";"13/10/2026";"13/10/2026";2;0;2;
"AERECO WENTYLACJA Sp. z.o.o";"";"26030000150958";"PREVISION";"AEA098XX";"";"13/10/2026";"13/10/2026";90;0;90;
"AERECO GmbH";"NOR";"26030000150975";"PREVISION";"AEA100XX";"";"13/10/2026";"13/10/2026";24;0;24;
"AERECO GmbH";"NOR";"26030000151012";"PREVISION";"AEA1151XX";"";"13/10/2026";"13/10/2026";1080;0;1080;
"AERECO GmbH";"NOR";"26030000151035";"PREVISION";"AEA1152XX";"";"13/10/2026";"13/10/2026";1080;0;1080;
"AERECO GmbH";"NOR";"26030000151074";"PREVISION";"AEA1216GM";"";"13/10/2026";"13/10/2026";42;0;42;
"AERECO GmbH";"NOR";"26030000151109";"PREVISION";"AEA1217GM";"";"13/10/2026";"13/10/2026";52;0;52;
"AERECO GmbH";"NOR";"26030000151172";"PREVISION";"AEA1241XX";"";"13/10/2026";"13/10/2026";1809;0;1809;
"AERECO WENTYLACJA Sp. z.o.o";"NOR";"26030000151204";"PREVISION";"AEA1242XX";"";"13/10/2026";"13/10/2026";27;0;27;
"AERECO GmbH";"";"26030000151263";"PREVISION";"AEA1335EX";"";"13/10/2026";"13/10/2026";4;0;4;
"AERECO GmbH";"";"26030000151302";"PREVISION";"AEA1339EX";"";"13/10/2026";"13/10/2026";19;0;19;
"AERECO GmbH";"";"26030000151333";"PREVISION";"AEA1426XX";"";"13/10/2026";"13/10/2026";7;0;7;
"AERECO GmbH";"NOR";"26030000151373";"PREVISION";"AEA1429XX";"";"13/10/2026";"13/10/2026";14;0;14;
"AERECO GmbH";"";"26030000151419";"PREVISION";"AEA157XX";"";"13/10/2026";"13/10/2026";3;0;3;
"AERECO GmbH";"";"26030000151450";"PREVISION";"AEA1954XX";"";"13/10/2026";"13/10/2026";10;0;10;
"AERECO Ventilation AB";"";"26030000151490";"PREVISION";"AEA1955XX";"";"13/10/2026";"13/10/2026";9;0;9;
"AERECO Ventilation AB";"";"26030000151526";"PREVISION";"AEA1958XX";"";"13/10/2026";"13/10/2026";43;0;43;
"AERECO GmbH";"NOR";"26030000151566";"PREVISION";"AEA1992XX";"";"13/10/2026";"13/10/2026";100;0;100;
"AERECO GmbH";"";"26030000151673";"PREVISION";"AEA2115XX";"";"13/10/2026";"13/10/2026";46;0;46;
"AERECO GmbH";"NOR";"26030000151713";"PREVISION";"AEA301XX";"";"13/10/2026";"13/10/2026";87;0;87;
"AERECO GmbH";"";"26030000151765";"PREVISION";"AEA400GM";"";"13/10/2026";"13/10/2026";2;0;2;
"AERECO GmbH";"";"26030000151805";"PREVISION";"AEA453XX";"";"13/10/2026";"13/10/2026";27;0;27;
"AERECO GmbH";"NOR";"26030000151896";"PREVISION";"AEA733XX";"";"13/10/2026";"13/10/2026";13;0;13;
"AERECO GmbH";"NOR";"26030000151935";"PREVISION";"AEA775XX";"";"13/10/2026";"13/10/2026";104;0;104;
"AERECO GmbH";"";"26030000151964";"PREVISION";"AEA776XX";"";"13/10/2026";"13/10/2026";3;0;3;
"AERECO GmbH";"";"26030000152004";"PREVISION";"AEA778XX";"";"13/10/2026";"13/10/2026";67;0;67;
"AERECO GmbH";"";"26030000152039";"PREVISION";"AEA808XX";"";"13/10/2026";"13/10/2026";1;0;1;
"AERECO GmbH";"NOR";"26030000152073";"PREVISION";"AEA809XX";"";"13/10/2026";"13/10/2026";13;0;13;
"AERECO GmbH";"NOR";"26030000152092";"PREVISION";"AEA827XX";"";"13/10/2026";"13/10/2026";1809;0;1809;
"AERECO GmbH";"";"26030000152127";"PREVISION";"AEA834XX";"";"13/10/2026";"13/10/2026";1;0;1;
"AERECO GmbH";"NOR";"26030000152147";"PREVISION";"AEA851XX";"";"13/10/2026";"13/10/2026";720;0;720;
"AERECO WENTYLACJA Sp. z.o.o";"NOR";"26030000152157";"PREVISION";"AEA852XX";"";"13/10/2026";"13/10/2026";1440;0;1440;
"AERECO GmbH";"";"26030000152175";"PREVISION";"AEA877XX";"";"13/10/2026";"13/10/2026";1;0;1;
"AERECO GmbH";"NOR";"26030000152201";"PREVISION";"AEA942EX";"";"13/10/2026";"13/10/2026";70;0;70;
"AERECO GmbH";"";"26030000152241";"PREVISION";"AEA967XX";"";"13/10/2026";"13/10/2026";23;0;23;
"AERECO GmbH";"";"26030000152281";"PREVISION";"AEA968XX";"";"13/10/2026";"13/10/2026";5;0;5;
"AERECO GmbH";"NOR";"26030000152338";"PREVISION";"AVE056XX";"";"13/10/2026";"13/10/2026";25;0;25;
"AERECO GmbH";"NOR";"26030000152395";"PREVISION";"B3382";"";"13/10/2026";"13/10/2026";3;0;3;
"AERECO GmbH";"";"26030000152435";"PREVISION";"B3651";"";"13/10/2026";"13/10/2026";9;0;9;
"AERECO Ventilation AB";"NOR";"26030000152475";"PREVISION";"B6794";"";"13/10/2026";"13/10/2026";26;0;26;
"AERECO Ventilation AB";"";"26030000152515";"PREVISION";"B6796";"";"13/10/2026";"13/10/2026";10;0;10;
"AERECO GmbH";"NOR";"26030000152568";"PREVISION";"BFE2068GM";"";"13/10/2026";"13/10/2026";3;0;3;
"AERECO GmbH";"NOR";"26030000152626";"PREVISION";"BFX1931GM";"";"13/10/2026";"13/10/2026";31;0;31;
"AERECO GmbH";"";"26030000152659";"PREVISION";"BXC1889EX";"";"13/10/2026";"13/10/2026";2;0;2;
"AERECO GmbH";"NOR";"26030000152727";"PREVISION";"BXC1890GM";"";"13/10/2026";"13/10/2026";288;0;288;
"AERECO GmbH";"NOR";"26030000152756";"PREVISION";"BXC1891EX";"";"13/10/2026";"13/10/2026";11;0;11;
"AERECO WENTYLACJA Sp. z.o.o";"NOR";"26030000152889";"PREVISION";"BXC1899EX";"";"13/10/2026";"13/10/2026";45;0;45;
"AERECO WENTYLACJA Sp. z.o.o";"NOR";"26030000152927";"PREVISION";"BXC1900EX";"";"13/10/2026";"13/10/2026";288;0;288;
"AERECO WENTYLACJA Sp. z.o.o";"NOR";"26030000152974";"PREVISION";"BXC1901EX";"";"13/10/2026";"13/10/2026";7;0;7;
"AERECO GmbH";"NOR";"26030000153005";"PREVISION";"BXC1901GM";"";"13/10/2026";"13/10/2026";16;0;16;
"AERECO WENTYLACJA Sp. z.o.o";"";"26030000153042";"PREVISION";"BXC1902EX";"";"13/10/2026";"13/10/2026";6;0;6;
"AERECO WENTYLACJA Sp. z.o.o";"NOR";"26030000153080";"PREVISION";"BXC1903EX";"";"13/10/2026";"13/10/2026";22;0;22;
"AERECO GmbH";"NOR";"26030000153113";"PREVISION";"BXC1903GM";"";"13/10/2026";"13/10/2026";19;0;19;
"AERECO WENTYLACJA Sp. z.o.o";"NOR";"26030000153143";"PREVISION";"BXC1905EX";"";"13/10/2026";"13/10/2026";11;0;11;
"AERECO GmbH";"NOR";"26030000153174";"PREVISION";"BXC1905GM";"";"13/10/2026";"13/10/2026";1;0;1;
"AERECO WENTYLACJA Sp. z.o.o";"NOR";"26030000153220";"PREVISION";"BXC1907EX";"";"13/10/2026";"13/10/2026";1152;0;1152;
"AERECO WENTYLACJA Sp. z.o.o";"NOR";"26030000153251";"PREVISION";"BXC1908EX";"";"13/10/2026";"13/10/2026";141;0;141;
"AERECO GmbH";"";"26030000153285";"PREVISION";"BXC1910EX";"";"13/10/2026";"13/10/2026";16;0;16;
"AERECO WENTYLACJA Sp. z.o.o";"";"26030000153314";"PREVISION";"BXC1912EX";"";"13/10/2026";"13/10/2026";3;0;3;
"AERECO WENTYLACJA Sp. z.o.o";"NOR";"26030000153347";"PREVISION";"BXC1915EX";"";"13/10/2026";"13/10/2026";12;0;12;
"AERECO GmbH";"NOR";"26030000153379";"PREVISION";"BXC1922GM";"";"13/10/2026";"13/10/2026";16;0;16;
"AERECO GmbH";"NOR";"26030000153414";"PREVISION";"BXC1923GM";"";"13/10/2026";"13/10/2026";8;0;8;
"AERECO GmbH";"NOR";"26030000153445";"PREVISION";"BXC1924GM";"";"13/10/2026";"13/10/2026";8;0;8;
"AERECO GmbH";"NOR";"26030000153480";"PREVISION";"BXC1925GM";"";"13/10/2026";"13/10/2026";25;0;25;
"AERECO GmbH";"NOR";"26030000153519";"PREVISION";"BXC2138GM";"";"13/10/2026";"13/10/2026";21;0;21;
"AERECO GmbH";"";"26030000153556";"PREVISION";"BXC2139GM";"";"13/10/2026";"13/10/2026";12;0;12;
"AERECO GmbH";"NOR";"26030000153591";"PREVISION";"BXC2142GM";"";"13/10/2026";"13/10/2026";1;0;1;
"AERECO GmbH";"NOR";"26030000153669";"PREVISION";"BXE2053GM";"";"13/10/2026";"13/10/2026";6;0;6;
"AERECO GmbH";"NOR";"26030000153765";"PREVISION";"BXE2065GM";"";"13/10/2026";"13/10/2026";1;0;1;
"AERECO GmbH";"NOR";"26030000153952";"PREVISION";"BXE2077GM";"";"13/10/2026";"13/10/2026";6;0;6;
"AERECO GmbH";"NOR";"26030000154028";"PREVISION";"BXE2078GM";"";"13/10/2026";"13/10/2026";9;0;9;
"AERECO GmbH";"NOR";"26030000154060";"PREVISION";"BXE2079GM";"";"13/10/2026";"13/10/2026";9;0;9;
"AERECO GmbH";"NOR";"26030000154096";"PREVISION";"BXE2080GM";"";"13/10/2026";"13/10/2026";1;0;1;
"AERECO GmbH";"NOR";"26030000154154";"PREVISION";"BXE2192GM";"";"13/10/2026";"13/10/2026";1;0;1;
"AERECO GmbH";"";"26030000154180";"PREVISION";"BXE2194GM";"";"13/10/2026";"13/10/2026";1;0;1;
"AERECO GmbH";"NOR";"26030000154229";"PREVISION";"BXE2202GM";"";"13/10/2026";"13/10/2026";3;0;3;
"AERECO GmbH";"NOR";"26030000154273";"PREVISION";"C1339";"";"13/10/2026";"13/10/2026";26;0;26;
"AERECO GmbH";"";"26030000154322";"PREVISION";"EAF309EX";"";"13/10/2026";"13/10/2026";36;0;36;
"AERECO GmbH";"";"26030000154452";"PREVISION";"EAF323EX";"";"13/10/2026";"13/10/2026";38;0;38;
"AERECO GmbH";"";"26030000154488";"PREVISION";"EAR1245EX";"";"13/10/2026";"13/10/2026";57;0;57;
"AERECO GmbH";"NOR";"26030000154580";"PREVISION";"EAR2018GM";"";"13/10/2026";"13/10/2026";63;0;63;
"OOO VIVA LOGISTICS";"NOR";"26030000154624";"PREVISION";"EAR201EX";"";"13/10/2026";"13/10/2026";648;0;648;
"AERECO GmbH";"";"26030000154639";"PREVISION";"EAR201GM";"";"13/10/2026";"13/10/2026";648;0;648;
"AERECO WENTYLACJA Sp. z.o.o";"NOR";"26030000154666";"PREVISION";"EAR201PO";"";"13/10/2026";"13/10/2026";648;0;648;
"AERECO WENTYLACJA Sp. z.o.o";"NOR";"26030000154802";"PREVISION";"EAR206PO";"";"13/10/2026";"13/10/2026";576;0;576;
"AERECO GmbH";"NOR";"26030000154823";"PREVISION";"EAR282GM";"";"13/10/2026";"13/10/2026";576;0;576;
"AERECO WENTYLACJA Sp. z.o.o";"NOR";"26030000154936";"PREVISION";"EFR174XX";"";"13/10/2026";"13/10/2026";7;0;7;
"AERECO GmbH";"NOR";"26030000155014";"PREVISION";"EHM1275GM";"";"13/10/2026";"13/10/2026";59;0;59;
"AERECO WENTYLACJA Sp. z.o.o";"";"26030000155053";"PREVISION";"EHM1276EX";"";"13/10/2026";"13/10/2026";65;0;65;
"AERECO GmbH";"NOR";"26030000155088";"PREVISION";"EHM1276GM";"";"13/10/2026";"13/10/2026";34;0;34;
"AERECO GmbH";"";"26030000155212";"PREVISION";"EHP1198GM";"";"13/10/2026";"13/10/2026";47;0;47;
"AERECO GmbH";"NOR";"26030000155280";"PREVISION";"EHP1219GM";"";"13/10/2026";"13/10/2026";31;0;31;
"AERECO GmbH";"";"26030000155314";"PREVISION";"EHP1222EX";"";"13/10/2026";"13/10/2026";2;0;2;
"AERECO GmbH";"NOR";"26030000155334";"PREVISION";"EHP1874GM";"";"13/10/2026";"13/10/2026";1080;0;1080;
"ALDES S.p.A.";"";"26030000155380";"PREVISION";"EHT780EX";"";"13/10/2026";"13/10/2026";37;0;37;
"AERECO GmbH";"NOR";"26030000155411";"PREVISION";"EHT780GM";"";"13/10/2026";"13/10/2026";52;0;52;
"ALDES S.p.A.";"";"26030000155459";"PREVISION";"EHT969EX";"";"13/10/2026";"13/10/2026";2;0;2;
"AERECO WENTYLACJA Sp. z.o.o";"NOR";"26030000155483";"PREVISION";"EMM1484EX";"";"13/10/2026";"13/10/2026";1080;0;1080;
"AERECO WENTYLACJA Sp. z.o.o";"NOR";"26030000155515";"PREVISION";"EMM707PO";"";"13/10/2026";"13/10/2026";864;0;864;
"AERECO WENTYLACJA Sp. z.o.o";"NOR";"26030000155562";"PREVISION";"EMM716PO";"";"13/10/2026";"13/10/2026";1080;0;1080;
"AERECO Ventilation AB";"";"26030000155623";"PREVISION";"ETF1864EX";"";"13/10/2026";"13/10/2026";3;0;3;
"AERECO Ventilation AB";"";"26030000155641";"PREVISION";"ETF1865EX";"";"13/10/2026";"13/10/2026";2;0;2;
"AERECO Ventilation AB";"NOR";"26030000155680";"PREVISION";"ETH1853EX";"";"13/10/2026";"13/10/2026";90;0;90;
"AERECO Ventilation AB";"NOR";"26030000155710";"PREVISION";"ETH1984EX";"";"13/10/2026";"13/10/2026";832;0;832;
"AERECO GmbH";"";"26030000155776";"PREVISION";"ETH2104GM";"";"13/10/2026";"13/10/2026";225;0;225;
"AERECO GmbH";"NOR";"26030000155836";"PREVISION";"FBE1089GM";"";"13/10/2026";"13/10/2026";79;0;79;
"AERECO GmbH";"";"26030000155892";"PREVISION";"G2H1064EX";"";"13/10/2026";"13/10/2026";6;0;6;
"AERECO GmbH";"NOR";"26030000155933";"PREVISION";"K3168";"";"13/10/2026";"13/10/2026";104;0;104;
"AERECO GmbH";"NOR";"26030000155972";"PREVISION";"K3338";"";"13/10/2026";"13/10/2026";63;0;63;
"AERECO GmbH";"";"26030000156011";"PREVISION";"SE3203";"";"13/10/2026";"13/10/2026";4;0;4;
"AERECO WENTYLACJA Sp. z.o.o";"NOR";"26030000156045";"PREVISION";"V2A032EX";"";"13/10/2026";"13/10/2026";4;0;4;
"AERECO GmbH";"";"26030000156076";"PREVISION";"V2A032GM";"";"13/10/2026";"13/10/2026";2;0;2;
"AERECO GmbH";"";"26030000156229";"PREVISION";"VBP2173EX";"";"13/10/2026";"13/10/2026";1;0;1;
"AERECO WENTYLACJA Sp. z.o.o";"MTS";"26030000111896";"PREVISION";"11016308";"";"19/10/2026";"19/10/2026";1200;0;1200;
"AERECO WENTYLACJA Sp. z.o.o";"MTS";"26030000111929";"PREVISION";"11016309";"";"19/10/2026";"19/10/2026";720;0;720;
"AERECO WENTYLACJA Sp. z.o.o";"NOR";"26030000111963";"PREVISION";"11016310";"";"19/10/2026";"19/10/2026";480;0;480;
"ALDES Venticontrol S.A.";"MTS";"AR2601486";"COMMANDE";"BDC1694AL";"F426-10183";"21/03/2026";"19/10/2026";432;0;432;
"AERECO WENTYLACJA Sp. z.o.o";"MTS";"26030000150662";"PREVISION";"11016309";"";"20/10/2026";"20/10/2026";115;0;115;
"AERECO WENTYLACJA Sp. z.o.o";"NOR";"26030000150676";"PREVISION";"11016310";"";"20/10/2026";"20/10/2026";576;0;576;
"AERECO WENTYLACJA Sp. z.o.o";"NOR";"26030000150722";"PREVISION";"11819091";"";"20/10/2026";"20/10/2026";720;0;720;
"AERECO GmbH";"";"26030000150782";"PREVISION";"A3772E";"";"20/10/2026";"20/10/2026";133;0;133;
"AERECO GmbH";"";"26030000150814";"PREVISION";"A4260";"";"20/10/2026";"20/10/2026";20;0;20;
"AERECO GmbH";"NOR";"26030000150854";"PREVISION";"A4581E01";"";"20/10/2026";"20/10/2026";14;0;14;
"AERECO GmbH";"";"26030000150885";"PREVISION";"A5650E01";"";"20/10/2026";"20/10/2026";2;0;2;
"AERECO WENTYLACJA Sp. z.o.o";"";"26030000150959";"PREVISION";"AEA098XX";"";"20/10/2026";"20/10/2026";90;0;90;
"AERECO GmbH";"NOR";"26030000150976";"PREVISION";"AEA100XX";"";"20/10/2026";"20/10/2026";24;0;24;
"AERECO GmbH";"NOR";"26030000151075";"PREVISION";"AEA1216GM";"";"20/10/2026";"20/10/2026";42;0;42;
"AERECO GmbH";"NOR";"26030000151110";"PREVISION";"AEA1217GM";"";"20/10/2026";"20/10/2026";52;0;52;
"AERECO WENTYLACJA Sp. z.o.o";"NOR";"26030000151205";"PREVISION";"AEA1242XX";"";"20/10/2026";"20/10/2026";27;0;27;
"AERECO WENTYLACJA Sp. z.o.o";"NOR";"26030000151231";"PREVISION";"AEA1243XX";"";"20/10/2026";"20/10/2026";1440;0;1440;
"AERECO GmbH";"";"26030000151264";"PREVISION";"AEA1335EX";"";"20/10/2026";"20/10/2026";4;0;4;
"AERECO GmbH";"";"26030000151303";"PREVISION";"AEA1339EX";"";"20/10/2026";"20/10/2026";19;0;19;
"AERECO GmbH";"";"26030000151334";"PREVISION";"AEA1426XX";"";"20/10/2026";"20/10/2026";7;0;7;
"AERECO GmbH";"NOR";"26030000151374";"PREVISION";"AEA1429XX";"";"20/10/2026";"20/10/2026";14;0;14;
"AERECO GmbH";"";"26030000151420";"PREVISION";"AEA157XX";"";"20/10/2026";"20/10/2026";3;0;3;
"AERECO GmbH";"";"26030000151451";"PREVISION";"AEA1954XX";"";"20/10/2026";"20/10/2026";10;0;10;
"AERECO Ventilation AB";"";"26030000151491";"PREVISION";"AEA1955XX";"";"20/10/2026";"20/10/2026";9;0;9;
"AERECO Ventilation AB";"";"26030000151527";"PREVISION";"AEA1958XX";"";"20/10/2026";"20/10/2026";43;0;43;
"AERECO GmbH";"NOR";"26030000151567";"PREVISION";"AEA1992XX";"";"20/10/2026";"20/10/2026";100;0;100;
"AERECO GmbH";"";"26030000151674";"PREVISION";"AEA2115XX";"";"20/10/2026";"20/10/2026";46;0;46;
"AERECO GmbH";"NOR";"26030000151714";"PREVISION";"AEA301XX";"";"20/10/2026";"20/10/2026";87;0;87;
"AERECO GmbH";"";"26030000151766";"PREVISION";"AEA400GM";"";"20/10/2026";"20/10/2026";2;0;2;
"AERECO GmbH";"";"26030000151806";"PREVISION";"AEA453XX";"";"20/10/2026";"20/10/2026";27;0;27;
"AERECO GmbH";"NOR";"26030000151870";"PREVISION";"AEA731XX";"";"20/10/2026";"20/10/2026";1809;0;1809;
"AERECO GmbH";"NOR";"26030000151897";"PREVISION";"AEA733XX";"";"20/10/2026";"20/10/2026";13;0;13;
"AERECO GmbH";"NOR";"26030000151936";"PREVISION";"AEA775XX";"";"20/10/2026";"20/10/2026";104;0;104;
"AERECO GmbH";"";"26030000151965";"PREVISION";"AEA776XX";"";"20/10/2026";"20/10/2026";3;0;3;
"AERECO GmbH";"";"26030000152005";"PREVISION";"AEA778XX";"";"20/10/2026";"20/10/2026";67;0;67;
"AERECO GmbH";"";"26030000152040";"PREVISION";"AEA808XX";"";"20/10/2026";"20/10/2026";1;0;1;
"AERECO GmbH";"NOR";"26030000152074";"PREVISION";"AEA809XX";"";"20/10/2026";"20/10/2026";13;0;13;
"AERECO GmbH";"";"26030000152128";"PREVISION";"AEA834XX";"";"20/10/2026";"20/10/2026";1;0;1;
"AERECO GmbH";"";"26030000152176";"PREVISION";"AEA877XX";"";"20/10/2026";"20/10/2026";1;0;1;
"AERECO GmbH";"NOR";"26030000152202";"PREVISION";"AEA942EX";"";"20/10/2026";"20/10/2026";70;0;70;
"AERECO GmbH";"";"26030000152242";"PREVISION";"AEA967XX";"";"20/10/2026";"20/10/2026";23;0;23;
"AERECO GmbH";"";"26030000152282";"PREVISION";"AEA968XX";"";"20/10/2026";"20/10/2026";5;0;5;
"AERECO GmbH";"NOR";"26030000152339";"PREVISION";"AVE056XX";"";"20/10/2026";"20/10/2026";25;0;25;
"AERECO GmbH";"NOR";"26030000152396";"PREVISION";"B3382";"";"20/10/2026";"20/10/2026";3;0;3;
"AERECO GmbH";"";"26030000152436";"PREVISION";"B3651";"";"20/10/2026";"20/10/2026";9;0;9;
"AERECO Ventilation AB";"NOR";"26030000152476";"PREVISION";"B6794";"";"20/10/2026";"20/10/2026";26;0;26;
"AERECO Ventilation AB";"";"26030000152516";"PREVISION";"B6796";"";"20/10/2026";"20/10/2026";10;0;10;
"AERECO GmbH";"NOR";"26030000152569";"PREVISION";"BFE2068GM";"";"20/10/2026";"20/10/2026";3;0;3;
"AERECO GmbH";"NOR";"26030000152627";"PREVISION";"BFX1931GM";"";"20/10/2026";"20/10/2026";31;0;31;
"AERECO GmbH";"";"26030000152660";"PREVISION";"BXC1889EX";"";"20/10/2026";"20/10/2026";2;0;2;
"AERECO GmbH";"NOR";"26030000152728";"PREVISION";"BXC1890GM";"";"20/10/2026";"20/10/2026";288;0;288;
"AERECO GmbH";"NOR";"26030000152757";"PREVISION";"BXC1891EX";"";"20/10/2026";"20/10/2026";11;0;11;
"AERECO GmbH";"NOR";"26030000152815";"PREVISION";"BXC1893GM";"";"20/10/2026";"20/10/2026";288;0;288;
"AERECO WENTYLACJA Sp. z.o.o";"NOR";"26030000152890";"PREVISION";"BXC1899EX";"";"20/10/2026";"20/10/2026";45;0;45;
"AERECO GmbH";"NOR";"26030000152949";"PREVISION";"BXC1900GM";"";"20/10/2026";"20/10/2026";288;0;288;
"AERECO WENTYLACJA Sp. z.o.o";"NOR";"26030000152975";"PREVISION";"BXC1901EX";"";"20/10/2026";"20/10/2026";7;0;7;
"AERECO GmbH";"NOR";"26030000153006";"PREVISION";"BXC1901GM";"";"20/10/2026";"20/10/2026";16;0;16;
"AERECO WENTYLACJA Sp. z.o.o";"";"26030000153043";"PREVISION";"BXC1902EX";"";"20/10/2026";"20/10/2026";6;0;6;
"AERECO WENTYLACJA Sp. z.o.o";"NOR";"26030000153081";"PREVISION";"BXC1903EX";"";"20/10/2026";"20/10/2026";22;0;22;
"AERECO GmbH";"NOR";"26030000153114";"PREVISION";"BXC1903GM";"";"20/10/2026";"20/10/2026";19;0;19;
"AERECO WENTYLACJA Sp. z.o.o";"NOR";"26030000153144";"PREVISION";"BXC1905EX";"";"20/10/2026";"20/10/2026";11;0;11;
"AERECO GmbH";"NOR";"26030000153175";"PREVISION";"BXC1905GM";"";"20/10/2026";"20/10/2026";1;0;1;
"AERECO WENTYLACJA Sp. z.o.o";"NOR";"26030000153221";"PREVISION";"BXC1907EX";"";"20/10/2026";"20/10/2026";1152;0;1152;
"AERECO WENTYLACJA Sp. z.o.o";"NOR";"26030000153252";"PREVISION";"BXC1908EX";"";"20/10/2026";"20/10/2026";141;0;141;
"AERECO GmbH";"";"26030000153286";"PREVISION";"BXC1910EX";"";"20/10/2026";"20/10/2026";16;0;16;
"AERECO WENTYLACJA Sp. z.o.o";"";"26030000153315";"PREVISION";"BXC1912EX";"";"20/10/2026";"20/10/2026";3;0;3;
"AERECO WENTYLACJA Sp. z.o.o";"NOR";"26030000153348";"PREVISION";"BXC1915EX";"";"20/10/2026";"20/10/2026";12;0;12;
"AERECO GmbH";"NOR";"26030000153380";"PREVISION";"BXC1922GM";"";"20/10/2026";"20/10/2026";16;0;16;
"AERECO GmbH";"NOR";"26030000153415";"PREVISION";"BXC1923GM";"";"20/10/2026";"20/10/2026";8;0;8;
"AERECO GmbH";"NOR";"26030000153446";"PREVISION";"BXC1924GM";"";"20/10/2026";"20/10/2026";8;0;8;
"AERECO GmbH";"NOR";"26030000153481";"PREVISION";"BXC1925GM";"";"20/10/2026";"20/10/2026";25;0;25;
"AERECO GmbH";"NOR";"26030000153520";"PREVISION";"BXC2138GM";"";"20/10/2026";"20/10/2026";21;0;21;
"AERECO GmbH";"";"26030000153557";"PREVISION";"BXC2139GM";"";"20/10/2026";"20/10/2026";12;0;12;
"AERECO GmbH";"NOR";"26030000153592";"PREVISION";"BXC2142GM";"";"20/10/2026";"20/10/2026";1;0;1;
"AERECO GmbH";"NOR";"26030000153670";"PREVISION";"BXE2053GM";"";"20/10/2026";"20/10/2026";6;0;6;
"AERECO GmbH";"NOR";"26030000153766";"PREVISION";"BXE2065GM";"";"20/10/2026";"20/10/2026";1;0;1;
"AERECO GmbH";"NOR";"26030000153953";"PREVISION";"BXE2077GM";"";"20/10/2026";"20/10/2026";6;0;6;
"AERECO GmbH";"NOR";"26030000154029";"PREVISION";"BXE2078GM";"";"20/10/2026";"20/10/2026";9;0;9;
"AERECO GmbH";"NOR";"26030000154061";"PREVISION";"BXE2079GM";"";"20/10/2026";"20/10/2026";9;0;9;
"AERECO GmbH";"NOR";"26030000154097";"PREVISION";"BXE2080GM";"";"20/10/2026";"20/10/2026";1;0;1;
"AERECO GmbH";"NOR";"26030000154155";"PREVISION";"BXE2192GM";"";"20/10/2026";"20/10/2026";1;0;1;
"AERECO GmbH";"";"26030000154181";"PREVISION";"BXE2194GM";"";"20/10/2026";"20/10/2026";1;0;1;
"AERECO GmbH";"NOR";"26030000154230";"PREVISION";"BXE2202GM";"";"20/10/2026";"20/10/2026";3;0;3;
"AERECO GmbH";"NOR";"26030000154274";"PREVISION";"C1339";"";"20/10/2026";"20/10/2026";26;0;26;
"AERECO GmbH";"";"26030000154323";"PREVISION";"EAF309EX";"";"20/10/2026";"20/10/2026";36;0;36;
"AERECO GmbH";"";"26030000154453";"PREVISION";"EAF323EX";"";"20/10/2026";"20/10/2026";38;0;38;
"AERECO GmbH";"";"26030000154489";"PREVISION";"EAR1245EX";"";"20/10/2026";"20/10/2026";57;0;57;
"AERECO GmbH";"NOR";"26030000154556";"PREVISION";"EAR200GM";"";"20/10/2026";"20/10/2026";720;0;720;
"AERECO GmbH";"NOR";"26030000154581";"PREVISION";"EAR2018GM";"";"20/10/2026";"20/10/2026";63;0;63;
"AERECO GmbH";"NOR";"26030000154603";"PREVISION";"EAR2019GM";"";"20/10/2026";"20/10/2026";360;0;360;
"OOO VIVA LOGISTICS";"NOR";"26030000154625";"PREVISION";"EAR201EX";"";"20/10/2026";"20/10/2026";648;0;648;
"AERECO WENTYLACJA Sp. z.o.o";"NOR";"26030000154667";"PREVISION";"EAR201PO";"";"20/10/2026";"20/10/2026";648;0;648;
"AERECO WENTYLACJA Sp. z.o.o";"NOR";"26030000154803";"PREVISION";"EAR206PO";"";"20/10/2026";"20/10/2026";576;0;576;
"AERECO WENTYLACJA Sp. z.o.o";"NOR";"26030000154937";"PREVISION";"EFR174XX";"";"20/10/2026";"20/10/2026";7;0;7;
"AERECO GmbH";"NOR";"26030000155015";"PREVISION";"EHM1275GM";"";"20/10/2026";"20/10/2026";59;0;59;
"AERECO WENTYLACJA Sp. z.o.o";"";"26030000155054";"PREVISION";"EHM1276EX";"";"20/10/2026";"20/10/2026";65;0;65;
"AERECO GmbH";"NOR";"26030000155089";"PREVISION";"EHM1276GM";"";"20/10/2026";"20/10/2026";34;0;34;
"AERECO GmbH";"";"26030000155213";"PREVISION";"EHP1198GM";"";"20/10/2026";"20/10/2026";47;0;47;
"AERECO GmbH";"NOR";"26030000155281";"PREVISION";"EHP1219GM";"";"20/10/2026";"20/10/2026";31;0;31;
"AERECO GmbH";"";"26030000155315";"PREVISION";"EHP1222EX";"";"20/10/2026";"20/10/2026";2;0;2;
"ALDES S.p.A.";"";"26030000155381";"PREVISION";"EHT780EX";"";"20/10/2026";"20/10/2026";37;0;37;
"AERECO GmbH";"NOR";"26030000155412";"PREVISION";"EHT780GM";"";"20/10/2026";"20/10/2026";52;0;52;
"AERECO WENTYLACJA Sp. z.o.o";"NOR";"26030000155437";"PREVISION";"EHT780PO";"";"20/10/2026";"20/10/2026";720;0;720;
"ALDES S.p.A.";"";"26030000155460";"PREVISION";"EHT969EX";"";"20/10/2026";"20/10/2026";2;0;2;
"AERECO Ventilation AB";"";"26030000155624";"PREVISION";"ETF1864EX";"";"20/10/2026";"20/10/2026";3;0;3;
"AERECO Ventilation AB";"";"26030000155642";"PREVISION";"ETF1865EX";"";"20/10/2026";"20/10/2026";2;0;2;
"AERECO Ventilation AB";"NOR";"26030000155681";"PREVISION";"ETH1853EX";"";"20/10/2026";"20/10/2026";90;0;90;
"AERECO GmbH";"NOR";"26030000155837";"PREVISION";"FBE1089GM";"";"20/10/2026";"20/10/2026";79;0;79;
"AERECO GmbH";"";"26030000155893";"PREVISION";"G2H1064EX";"";"20/10/2026";"20/10/2026";6;0;6;
"AERECO GmbH";"NOR";"26030000155934";"PREVISION";"K3168";"";"20/10/2026";"20/10/2026";104;0;104;
"AERECO GmbH";"NOR";"26030000155973";"PREVISION";"K3338";"";"20/10/2026";"20/10/2026";63;0;63;
"AERECO GmbH";"";"26030000156012";"PREVISION";"SE3203";"";"20/10/2026";"20/10/2026";4;0;4;
"AERECO WENTYLACJA Sp. z.o.o";"NOR";"26030000156046";"PREVISION";"V2A032EX";"";"20/10/2026";"20/10/2026";4;0;4;
"AERECO GmbH";"";"26030000156077";"PREVISION";"V2A032GM";"";"20/10/2026";"20/10/2026";2;0;2;
"AERECO GmbH";"";"26030000156230";"PREVISION";"VBP2173EX";"";"20/10/2026";"20/10/2026";1;0;1;
"AERECO WENTYLACJA Sp. z.o.o";"NOR";"26030000156247";"PREVISION";"VBP2173PO";"";"20/10/2026";"20/10/2026";90;0;90;
"AERECO WENTYLACJA Sp. z.o.o";"MTS";"26030000111930";"PREVISION";"11016309";"";"26/10/2026";"26/10/2026";720;0;720;
"AERECO WENTYLACJA Sp. z.o.o";"MTS";"26030000111992";"PREVISION";"11016312";"";"26/10/2026";"26/10/2026";300;0;300;
"AERECO WENTYLACJA Sp. z.o.o";"NOR";"26030000150723";"PREVISION";"11819091";"";"27/10/2026";"27/10/2026";720;0;720;
"AERECO GmbH";"";"26030000150783";"PREVISION";"A3772E";"";"27/10/2026";"27/10/2026";133;0;133;
"AERECO GmbH";"";"26030000150815";"PREVISION";"A4260";"";"27/10/2026";"27/10/2026";20;0;20;
"AERECO GmbH";"NOR";"26030000150855";"PREVISION";"A4581E01";"";"27/10/2026";"27/10/2026";14;0;14;
"AERECO GmbH";"";"26030000150886";"PREVISION";"A5650E01";"";"27/10/2026";"27/10/2026";2;0;2;
"AERECO WENTYLACJA Sp. z.o.o";"";"26030000150960";"PREVISION";"AEA098XX";"";"27/10/2026";"27/10/2026";90;0;90;
"AERECO GmbH";"NOR";"26030000150977";"PREVISION";"AEA100XX";"";"27/10/2026";"27/10/2026";24;0;24;
"AERECO GmbH";"NOR";"26030000151076";"PREVISION";"AEA1216GM";"";"27/10/2026";"27/10/2026";42;0;42;
"AERECO GmbH";"NOR";"26030000151111";"PREVISION";"AEA1217GM";"";"27/10/2026";"27/10/2026";52;0;52;
"AERECO GmbH";"NOR";"26030000151173";"PREVISION";"AEA1241XX";"";"27/10/2026";"27/10/2026";1809;0;1809;
"AERECO WENTYLACJA Sp. z.o.o";"NOR";"26030000151206";"PREVISION";"AEA1242XX";"";"27/10/2026";"27/10/2026";27;0;27;
"AERECO GmbH";"";"26030000151265";"PREVISION";"AEA1335EX";"";"27/10/2026";"27/10/2026";4;0;4;
"AERECO GmbH";"";"26030000151304";"PREVISION";"AEA1339EX";"";"27/10/2026";"27/10/2026";19;0;19;
"AERECO GmbH";"";"26030000151335";"PREVISION";"AEA1426XX";"";"27/10/2026";"27/10/2026";7;0;7;
"AERECO GmbH";"NOR";"26030000151375";"PREVISION";"AEA1429XX";"";"27/10/2026";"27/10/2026";14;0;14;
"AERECO GmbH";"";"26030000151421";"PREVISION";"AEA157XX";"";"27/10/2026";"27/10/2026";3;0;3;
"AERECO GmbH";"";"26030000151452";"PREVISION";"AEA1954XX";"";"27/10/2026";"27/10/2026";10;0;10;
"AERECO Ventilation AB";"";"26030000151492";"PREVISION";"AEA1955XX";"";"27/10/2026";"27/10/2026";9;0;9;
"AERECO Ventilation AB";"";"26030000151528";"PREVISION";"AEA1958XX";"";"27/10/2026";"27/10/2026";43;0;43;
"AERECO GmbH";"NOR";"26030000151568";"PREVISION";"AEA1992XX";"";"27/10/2026";"27/10/2026";100;0;100;
"AERECO GmbH";"";"26030000151675";"PREVISION";"AEA2115XX";"";"27/10/2026";"27/10/2026";46;0;46;
"AERECO GmbH";"NOR";"26030000151715";"PREVISION";"AEA301XX";"";"27/10/2026";"27/10/2026";87;0;87;
"AERECO GmbH";"";"26030000151767";"PREVISION";"AEA400GM";"";"27/10/2026";"27/10/2026";2;0;2;
"AERECO GmbH";"";"26030000151807";"PREVISION";"AEA453XX";"";"27/10/2026";"27/10/2026";27;0;27;
"AERECO GmbH";"NOR";"26030000151898";"PREVISION";"AEA733XX";"";"27/10/2026";"27/10/2026";13;0;13;
"AERECO GmbH";"NOR";"26030000151937";"PREVISION";"AEA775XX";"";"27/10/2026";"27/10/2026";104;0;104;
"AERECO GmbH";"";"26030000151966";"PREVISION";"AEA776XX";"";"27/10/2026";"27/10/2026";3;0;3;
"AERECO GmbH";"";"26030000152006";"PREVISION";"AEA778XX";"";"27/10/2026";"27/10/2026";67;0;67;
"AERECO GmbH";"";"26030000152041";"PREVISION";"AEA808XX";"";"27/10/2026";"27/10/2026";1;0;1;
"AERECO GmbH";"NOR";"26030000152075";"PREVISION";"AEA809XX";"";"27/10/2026";"27/10/2026";13;0;13;
"AERECO GmbH";"";"26030000152129";"PREVISION";"AEA834XX";"";"27/10/2026";"27/10/2026";1;0;1;
"AERECO GmbH";"";"26030000152177";"PREVISION";"AEA877XX";"";"27/10/2026";"27/10/2026";1;0;1;
"AERECO GmbH";"NOR";"26030000152203";"PREVISION";"AEA942EX";"";"27/10/2026";"27/10/2026";70;0;70;
"AERECO GmbH";"";"26030000152243";"PREVISION";"AEA967XX";"";"27/10/2026";"27/10/2026";23;0;23;
"AERECO GmbH";"";"26030000152283";"PREVISION";"AEA968XX";"";"27/10/2026";"27/10/2026";5;0;5;
"AERECO GmbH";"NOR";"26030000152340";"PREVISION";"AVE056XX";"";"27/10/2026";"27/10/2026";25;0;25;
"AERECO GmbH";"NOR";"26030000152397";"PREVISION";"B3382";"";"27/10/2026";"27/10/2026";3;0;3;
"AERECO GmbH";"";"26030000152437";"PREVISION";"B3651";"";"27/10/2026";"27/10/2026";9;0;9;
"AERECO Ventilation AB";"NOR";"26030000152477";"PREVISION";"B6794";"";"27/10/2026";"27/10/2026";26;0;26;
"AERECO Ventilation AB";"";"26030000152517";"PREVISION";"B6796";"";"27/10/2026";"27/10/2026";10;0;10;
"AERECO GmbH";"NOR";"26030000152570";"PREVISION";"BFE2068GM";"";"27/10/2026";"27/10/2026";3;0;3;
"AERECO GmbH";"NOR";"26030000152628";"PREVISION";"BFX1931GM";"";"27/10/2026";"27/10/2026";31;0;31;
"AERECO GmbH";"";"26030000152661";"PREVISION";"BXC1889EX";"";"27/10/2026";"27/10/2026";2;0;2;
"AERECO GmbH";"NOR";"26030000152758";"PREVISION";"BXC1891EX";"";"27/10/2026";"27/10/2026";11;0;11;
"AERECO WENTYLACJA Sp. z.o.o";"NOR";"26030000152891";"PREVISION";"BXC1899EX";"";"27/10/2026";"27/10/2026";45;0;45;
"AERECO WENTYLACJA Sp. z.o.o";"NOR";"26030000152928";"PREVISION";"BXC1900EX";"";"27/10/2026";"27/10/2026";288;0;288;
"AERECO WENTYLACJA Sp. z.o.o";"NOR";"26030000152976";"PREVISION";"BXC1901EX";"";"27/10/2026";"27/10/2026";7;0;7;
"AERECO GmbH";"NOR";"26030000153007";"PREVISION";"BXC1901GM";"";"27/10/2026";"27/10/2026";16;0;16;
"AERECO WENTYLACJA Sp. z.o.o";"";"26030000153044";"PREVISION";"BXC1902EX";"";"27/10/2026";"27/10/2026";6;0;6;
"AERECO WENTYLACJA Sp. z.o.o";"NOR";"26030000153082";"PREVISION";"BXC1903EX";"";"27/10/2026";"27/10/2026";22;0;22;
"AERECO GmbH";"NOR";"26030000153115";"PREVISION";"BXC1903GM";"";"27/10/2026";"27/10/2026";19;0;19;
"AERECO WENTYLACJA Sp. z.o.o";"NOR";"26030000153145";"PREVISION";"BXC1905EX";"";"27/10/2026";"27/10/2026";11;0;11;
"AERECO GmbH";"NOR";"26030000153176";"PREVISION";"BXC1905GM";"";"27/10/2026";"27/10/2026";1;0;1;
"AERECO WENTYLACJA Sp. z.o.o";"NOR";"26030000153222";"PREVISION";"BXC1907EX";"";"27/10/2026";"27/10/2026";1152;0;1152;
"AERECO WENTYLACJA Sp. z.o.o";"NOR";"26030000153253";"PREVISION";"BXC1908EX";"";"27/10/2026";"27/10/2026";141;0;141;
"AERECO GmbH";"";"26030000153287";"PREVISION";"BXC1910EX";"";"27/10/2026";"27/10/2026";16;0;16;
"AERECO WENTYLACJA Sp. z.o.o";"";"26030000153316";"PREVISION";"BXC1912EX";"";"27/10/2026";"27/10/2026";3;0;3;
"AERECO WENTYLACJA Sp. z.o.o";"NOR";"26030000153349";"PREVISION";"BXC1915EX";"";"27/10/2026";"27/10/2026";12;0;12;
"AERECO GmbH";"NOR";"26030000153381";"PREVISION";"BXC1922GM";"";"27/10/2026";"27/10/2026";16;0;16;
"AERECO GmbH";"NOR";"26030000153416";"PREVISION";"BXC1923GM";"";"27/10/2026";"27/10/2026";8;0;8;
"AERECO GmbH";"NOR";"26030000153447";"PREVISION";"BXC1924GM";"";"27/10/2026";"27/10/2026";8;0;8;
"AERECO GmbH";"NOR";"26030000153482";"PREVISION";"BXC1925GM";"";"27/10/2026";"27/10/2026";25;0;25;
"AERECO GmbH";"NOR";"26030000153521";"PREVISION";"BXC2138GM";"";"27/10/2026";"27/10/2026";21;0;21;
"AERECO GmbH";"";"26030000153558";"PREVISION";"BXC2139GM";"";"27/10/2026";"27/10/2026";12;0;12;
"AERECO GmbH";"NOR";"26030000153593";"PREVISION";"BXC2142GM";"";"27/10/2026";"27/10/2026";1;0;1;
"AERECO GmbH";"NOR";"26030000153671";"PREVISION";"BXE2053GM";"";"27/10/2026";"27/10/2026";6;0;6;
"AERECO GmbH";"NOR";"26030000153767";"PREVISION";"BXE2065GM";"";"27/10/2026";"27/10/2026";1;0;1;
"AERECO GmbH";"NOR";"26030000153954";"PREVISION";"BXE2077GM";"";"27/10/2026";"27/10/2026";6;0;6;
"AERECO GmbH";"NOR";"26030000154030";"PREVISION";"BXE2078GM";"";"27/10/2026";"27/10/2026";9;0;9;
"AERECO GmbH";"NOR";"26030000154062";"PREVISION";"BXE2079GM";"";"27/10/2026";"27/10/2026";9;0;9;
"AERECO GmbH";"NOR";"26030000154098";"PREVISION";"BXE2080GM";"";"27/10/2026";"27/10/2026";1;0;1;
"AERECO GmbH";"NOR";"26030000154156";"PREVISION";"BXE2192GM";"";"27/10/2026";"27/10/2026";1;0;1;
"AERECO GmbH";"";"26030000154182";"PREVISION";"BXE2194GM";"";"27/10/2026";"27/10/2026";1;0;1;
"AERECO GmbH";"NOR";"26030000154231";"PREVISION";"BXE2202GM";"";"27/10/2026";"27/10/2026";3;0;3;
"AERECO GmbH";"NOR";"26030000154275";"PREVISION";"C1339";"";"27/10/2026";"27/10/2026";26;0;26;
"AERECO GmbH";"";"26030000154324";"PREVISION";"EAF309EX";"";"27/10/2026";"27/10/2026";36;0;36;
"AERECO GmbH";"";"26030000154454";"PREVISION";"EAF323EX";"";"27/10/2026";"27/10/2026";38;0;38;
"AERECO GmbH";"";"26030000154490";"PREVISION";"EAR1245EX";"";"27/10/2026";"27/10/2026";57;0;57;
"AERECO GmbH";"NOR";"26030000154582";"PREVISION";"EAR2018GM";"";"27/10/2026";"27/10/2026";63;0;63;
"OOO VIVA LOGISTICS";"NOR";"26030000154626";"PREVISION";"EAR201EX";"";"27/10/2026";"27/10/2026";648;0;648;
"AERECO WENTYLACJA Sp. z.o.o";"NOR";"26030000154668";"PREVISION";"EAR201PO";"";"27/10/2026";"27/10/2026";648;0;648;
"AERECO WENTYLACJA Sp. z.o.o";"NOR";"26030000154804";"PREVISION";"EAR206PO";"";"27/10/2026";"27/10/2026";576;0;576;
"AERECO WENTYLACJA Sp. z.o.o";"NOR";"26030000154938";"PREVISION";"EFR174XX";"";"27/10/2026";"27/10/2026";7;0;7;
"AERECO GmbH";"NOR";"26030000155016";"PREVISION";"EHM1275GM";"";"27/10/2026";"27/10/2026";59;0;59;
"AERECO WENTYLACJA Sp. z.o.o";"";"26030000155055";"PREVISION";"EHM1276EX";"";"27/10/2026";"27/10/2026";65;0;65;
"AERECO GmbH";"NOR";"26030000155090";"PREVISION";"EHM1276GM";"";"27/10/2026";"27/10/2026";34;0;34;
"AERECO GmbH";"";"26030000155214";"PREVISION";"EHP1198GM";"";"27/10/2026";"27/10/2026";47;0;47;
"AERECO GmbH";"NOR";"26030000155282";"PREVISION";"EHP1219GM";"";"27/10/2026";"27/10/2026";31;0;31;
"AERECO GmbH";"";"26030000155316";"PREVISION";"EHP1222EX";"";"27/10/2026";"27/10/2026";2;0;2;
"ALDES S.p.A.";"";"26030000155382";"PREVISION";"EHT780EX";"";"27/10/2026";"27/10/2026";37;0;37;
"AERECO GmbH";"NOR";"26030000155413";"PREVISION";"EHT780GM";"";"27/10/2026";"27/10/2026";52;0;52;
"ALDES S.p.A.";"";"26030000155461";"PREVISION";"EHT969EX";"";"27/10/2026";"27/10/2026";2;0;2;
"AERECO WENTYLACJA Sp. z.o.o";"NOR";"26030000155516";"PREVISION";"EMM707PO";"";"27/10/2026";"27/10/2026";864;0;864;
"AERECO WENTYLACJA Sp. z.o.o";"NOR";"26030000155563";"PREVISION";"EMM716PO";"";"27/10/2026";"27/10/2026";1080;0;1080;
"AERECO Ventilation AB";"";"26030000155625";"PREVISION";"ETF1864EX";"";"27/10/2026";"27/10/2026";3;0;3;
"AERECO Ventilation AB";"";"26030000155643";"PREVISION";"ETF1865EX";"";"27/10/2026";"27/10/2026";2;0;2;
"AERECO Ventilation AB";"NOR";"26030000155682";"PREVISION";"ETH1853EX";"";"27/10/2026";"27/10/2026";90;0;90;
"AERECO Ventilation AB";"NOR";"26030000155711";"PREVISION";"ETH1984EX";"";"27/10/2026";"27/10/2026";192;0;192;
"AERECO GmbH";"";"26030000155777";"PREVISION";"ETH2104GM";"";"27/10/2026";"27/10/2026";225;0;225;
"AERECO GmbH";"NOR";"26030000155838";"PREVISION";"FBE1089GM";"";"27/10/2026";"27/10/2026";79;0;79;
"AERECO GmbH";"";"26030000155894";"PREVISION";"G2H1064EX";"";"27/10/2026";"27/10/2026";6;0;6;
"AERECO GmbH";"NOR";"26030000155935";"PREVISION";"K3168";"";"27/10/2026";"27/10/2026";104;0;104;
"AERECO GmbH";"NOR";"26030000155974";"PREVISION";"K3338";"";"27/10/2026";"27/10/2026";63;0;63;
"AERECO GmbH";"";"26030000156013";"PREVISION";"SE3203";"";"27/10/2026";"27/10/2026";4;0;4;
"AERECO WENTYLACJA Sp. z.o.o";"NOR";"26030000156047";"PREVISION";"V2A032EX";"";"27/10/2026";"27/10/2026";4;0;4;
"AERECO GmbH";"";"26030000156078";"PREVISION";"V2A032GM";"";"27/10/2026";"27/10/2026";2;0;2;
"AERECO GmbH";"";"26030000156231";"PREVISION";"VBP2173EX";"";"27/10/2026";"27/10/2026";1;0;1;
"AERECO WENTYLACJA Sp. z.o.o";"NOR";"26030000111964";"PREVISION";"11016310";"";"02/11/2026";"02/11/2026";480;0;480;
"AERECO WENTYLACJA Sp. z.o.o";"MTS";"26030000111993";"PREVISION";"11016312";"";"02/11/2026";"02/11/2026";300;0;300;
"AERECO WENTYLACJA Sp. z.o.o";"NOR";"26030000150695";"PREVISION";"11819090";"";"03/11/2026";"03/11/2026";180;0;180;
"AERECO WENTYLACJA Sp. z.o.o";"NOR";"26030000150724";"PREVISION";"11819091";"";"03/11/2026";"03/11/2026";720;0;720;
"AERECO GmbH";"";"26030000150784";"PREVISION";"A3772E";"";"03/11/2026";"03/11/2026";64;0;64;
"AERECO GmbH";"";"26030000150816";"PREVISION";"A4260";"";"03/11/2026";"03/11/2026";21;0;21;
"AERECO GmbH";"NOR";"26030000150856";"PREVISION";"A4581E01";"";"03/11/2026";"03/11/2026";14;0;14;
"AERECO GmbH";"";"26030000150887";"PREVISION";"A5650E01";"";"03/11/2026";"03/11/2026";2;0;2;
"AERECO GmbH";"NOR";"26030000150915";"PREVISION";"AEA064XX";"";"03/11/2026";"03/11/2026";600;0;600;
"AERECO WENTYLACJA Sp. z.o.o";"";"26030000150961";"PREVISION";"AEA098XX";"";"03/11/2026";"03/11/2026";88;0;88;
"AERECO GmbH";"NOR";"26030000150978";"PREVISION";"AEA100XX";"";"03/11/2026";"03/11/2026";23;0;23;
"AERECO GmbH";"NOR";"26030000150997";"PREVISION";"AEA1150XX";"";"03/11/2026";"03/11/2026";1080;0;1080;
"AERECO GmbH";"NOR";"26030000151013";"PREVISION";"AEA1151XX";"";"03/11/2026";"03/11/2026";1080;0;1080;
"AERECO GmbH";"NOR";"26030000151036";"PREVISION";"AEA1152XX";"";"03/11/2026";"03/11/2026";1080;0;1080;
"AERECO GmbH";"NOR";"26030000151077";"PREVISION";"AEA1216GM";"";"03/11/2026";"03/11/2026";42;0;42;
"AERECO GmbH";"NOR";"26030000151112";"PREVISION";"AEA1217GM";"";"03/11/2026";"03/11/2026";52;0;52;
"AERECO GmbH";"NOR";"26030000151174";"PREVISION";"AEA1241XX";"";"03/11/2026";"03/11/2026";1809;0;1809;
"AERECO WENTYLACJA Sp. z.o.o";"NOR";"26030000151207";"PREVISION";"AEA1242XX";"";"03/11/2026";"03/11/2026";26;0;26;
"AERECO WENTYLACJA Sp. z.o.o";"NOR";"26030000151232";"PREVISION";"AEA1243XX";"";"03/11/2026";"03/11/2026";1440;0;1440;
"AERECO GmbH";"";"26030000151266";"PREVISION";"AEA1335EX";"";"03/11/2026";"03/11/2026";4;0;4;
"AERECO GmbH";"";"26030000151305";"PREVISION";"AEA1339EX";"";"03/11/2026";"03/11/2026";19;0;19;
"AERECO GmbH";"";"26030000151336";"PREVISION";"AEA1426XX";"";"03/11/2026";"03/11/2026";7;0;7;
"AERECO GmbH";"NOR";"26030000151376";"PREVISION";"AEA1429XX";"";"03/11/2026";"03/11/2026";14;0;14;
"AERECO GmbH";"";"26030000151422";"PREVISION";"AEA157XX";"";"03/11/2026";"03/11/2026";2;0;2;
"AERECO GmbH";"";"26030000151453";"PREVISION";"AEA1954XX";"";"03/11/2026";"03/11/2026";10;0;10;
"AERECO Ventilation AB";"";"26030000151493";"PREVISION";"AEA1955XX";"";"03/11/2026";"03/11/2026";9;0;9;
"AERECO Ventilation AB";"";"26030000151529";"PREVISION";"AEA1958XX";"";"03/11/2026";"03/11/2026";42;0;42;
"AERECO GmbH";"NOR";"26030000151569";"PREVISION";"AEA1992XX";"";"03/11/2026";"03/11/2026";98;0;98;
"AERECO GmbH";"";"26030000151676";"PREVISION";"AEA2115XX";"";"03/11/2026";"03/11/2026";46;0;46;
"AERECO GmbH";"NOR";"26030000151716";"PREVISION";"AEA301XX";"";"03/11/2026";"03/11/2026";85;0;85;
"AERECO GmbH";"NOR";"26030000151732";"PREVISION";"AEA317XX";"";"03/11/2026";"03/11/2026";350;0;350;
"AERECO GmbH";"";"26030000151768";"PREVISION";"AEA400GM";"";"03/11/2026";"03/11/2026";2;0;2;
"AERECO GmbH";"";"26030000151808";"PREVISION";"AEA453XX";"";"03/11/2026";"03/11/2026";26;0;26;
"AERECO GmbH";"NOR";"26030000151871";"PREVISION";"AEA731XX";"";"03/11/2026";"03/11/2026";1809;0;1809;
"AERECO GmbH";"NOR";"26030000151899";"PREVISION";"AEA733XX";"";"03/11/2026";"03/11/2026";23;0;23;
"AERECO GmbH";"NOR";"26030000151938";"PREVISION";"AEA775XX";"";"03/11/2026";"03/11/2026";120;0;120;
"AERECO GmbH";"";"26030000151967";"PREVISION";"AEA776XX";"";"03/11/2026";"03/11/2026";4;0;4;
"AERECO GmbH";"";"26030000152007";"PREVISION";"AEA778XX";"";"03/11/2026";"03/11/2026";62;0;62;
"AERECO GmbH";"";"26030000152042";"PREVISION";"AEA808XX";"";"03/11/2026";"03/11/2026";1;0;1;
"AERECO GmbH";"NOR";"26030000152076";"PREVISION";"AEA809XX";"";"03/11/2026";"03/11/2026";13;0;13;
"AERECO GmbH";"NOR";"26030000152105";"PREVISION";"AEA833XX";"";"03/11/2026";"03/11/2026";1440;0;1440;
"AERECO GmbH";"";"26030000152130";"PREVISION";"AEA834XX";"";"03/11/2026";"03/11/2026";1;0;1;
"AERECO GmbH";"";"26030000152178";"PREVISION";"AEA877XX";"";"03/11/2026";"03/11/2026";1;0;1;
"AERECO GmbH";"NOR";"26030000152204";"PREVISION";"AEA942EX";"";"03/11/2026";"03/11/2026";70;0;70;
"AERECO GmbH";"";"26030000152244";"PREVISION";"AEA967XX";"";"03/11/2026";"03/11/2026";22;0;22;
"AERECO GmbH";"";"26030000152284";"PREVISION";"AEA968XX";"";"03/11/2026";"03/11/2026";5;0;5;
"AERECO GmbH";"NOR";"26030000152308";"PREVISION";"AVE055XX";"";"03/11/2026";"03/11/2026";700;0;700;
"AERECO GmbH";"NOR";"26030000152341";"PREVISION";"AVE056XX";"";"03/11/2026";"03/11/2026";15;0;15;
"AERECO GmbH";"NOR";"26030000152398";"PREVISION";"B3382";"";"03/11/2026";"03/11/2026";3;0;3;
"AERECO GmbH";"";"26030000152438";"PREVISION";"B3651";"";"03/11/2026";"03/11/2026";9;0;9;
"AERECO Ventilation AB";"NOR";"26030000152478";"PREVISION";"B6794";"";"03/11/2026";"03/11/2026";31;0;31;
"AERECO Ventilation AB";"";"26030000152518";"PREVISION";"B6796";"";"03/11/2026";"03/11/2026";10;0;10;
"AERECO GmbH";"NOR";"26030000152571";"PREVISION";"BFE2068GM";"";"03/11/2026";"03/11/2026";3;0;3;
"AERECO GmbH";"NOR";"26030000152629";"PREVISION";"BFX1931GM";"";"03/11/2026";"03/11/2026";30;0;30;
"AERECO GmbH";"";"26030000152662";"PREVISION";"BXC1889EX";"";"03/11/2026";"03/11/2026";2;0;2;
"AERECO GmbH";"NOR";"26030000152729";"PREVISION";"BXC1890GM";"";"03/11/2026";"03/11/2026";288;0;288;
"AERECO GmbH";"NOR";"26030000152759";"PREVISION";"BXC1891EX";"";"03/11/2026";"03/11/2026";10;0;10;
"AERECO GmbH";"NOR";"26030000152816";"PREVISION";"BXC1893GM";"";"03/11/2026";"03/11/2026";288;0;288;
"AERECO WENTYLACJA Sp. z.o.o";"NOR";"26030000152892";"PREVISION";"BXC1899EX";"";"03/11/2026";"03/11/2026";48;0;48;
"AERECO WENTYLACJA Sp. z.o.o";"NOR";"26030000152929";"PREVISION";"BXC1900EX";"";"03/11/2026";"03/11/2026";288;0;288;
"AERECO GmbH";"NOR";"26030000152950";"PREVISION";"BXC1900GM";"";"03/11/2026";"03/11/2026";288;0;288;
"AERECO WENTYLACJA Sp. z.o.o";"NOR";"26030000152977";"PREVISION";"BXC1901EX";"";"03/11/2026";"03/11/2026";7;0;7;
"AERECO GmbH";"NOR";"26030000153008";"PREVISION";"BXC1901GM";"";"03/11/2026";"03/11/2026";16;0;16;
"AERECO WENTYLACJA Sp. z.o.o";"";"26030000153045";"PREVISION";"BXC1902EX";"";"03/11/2026";"03/11/2026";6;0;6;
"AERECO WENTYLACJA Sp. z.o.o";"NOR";"26030000153083";"PREVISION";"BXC1903EX";"";"03/11/2026";"03/11/2026";23;0;23;
"AERECO GmbH";"NOR";"26030000153116";"PREVISION";"BXC1903GM";"";"03/11/2026";"03/11/2026";19;0;19;
"AERECO WENTYLACJA Sp. z.o.o";"NOR";"26030000153146";"PREVISION";"BXC1905EX";"";"03/11/2026";"03/11/2026";12;0;12;
"AERECO GmbH";"NOR";"26030000153177";"PREVISION";"BXC1905GM";"";"03/11/2026";"03/11/2026";1;0;1;
"AERECO WENTYLACJA Sp. z.o.o";"NOR";"26030000153223";"PREVISION";"BXC1907EX";"";"03/11/2026";"03/11/2026";1152;0;1152;
"AERECO WENTYLACJA Sp. z.o.o";"NOR";"26030000153254";"PREVISION";"BXC1908EX";"";"03/11/2026";"03/11/2026";89;0;89;
"AERECO GmbH";"";"26030000153288";"PREVISION";"BXC1910EX";"";"03/11/2026";"03/11/2026";16;0;16;
"AERECO WENTYLACJA Sp. z.o.o";"";"26030000153317";"PREVISION";"BXC1912EX";"";"03/11/2026";"03/11/2026";3;0;3;
"AERECO WENTYLACJA Sp. z.o.o";"NOR";"26030000153350";"PREVISION";"BXC1915EX";"";"03/11/2026";"03/11/2026";13;0;13;
"AERECO GmbH";"NOR";"26030000153382";"PREVISION";"BXC1922GM";"";"03/11/2026";"03/11/2026";16;0;16;
"AERECO GmbH";"NOR";"26030000153417";"PREVISION";"BXC1923GM";"";"03/11/2026";"03/11/2026";8;0;8;
"AERECO GmbH";"NOR";"26030000153448";"PREVISION";"BXC1924GM";"";"03/11/2026";"03/11/2026";8;0;8;
"AERECO GmbH";"NOR";"26030000153483";"PREVISION";"BXC1925GM";"";"03/11/2026";"03/11/2026";25;0;25;
"AERECO Ventilation AB";"";"26030000153497";"PREVISION";"BXC1927XO";"";"03/11/2026";"03/11/2026";96;0;96;
"AERECO GmbH";"NOR";"26030000153522";"PREVISION";"BXC2138GM";"";"03/11/2026";"03/11/2026";21;0;21;
"AERECO GmbH";"";"26030000153559";"PREVISION";"BXC2139GM";"";"03/11/2026";"03/11/2026";12;0;12;
"AERECO GmbH";"NOR";"26030000153594";"PREVISION";"BXC2142GM";"";"03/11/2026";"03/11/2026";1;0;1;
"AERECO GmbH";"NOR";"26030000153672";"PREVISION";"BXE2053GM";"";"03/11/2026";"03/11/2026";6;0;6;
"AERECO GmbH";"NOR";"26030000153703";"PREVISION";"BXE2056GM";"";"03/11/2026";"03/11/2026";108;0;108;
"AERECO GmbH";"NOR";"26030000153768";"PREVISION";"BXE2065GM";"";"03/11/2026";"03/11/2026";1;0;1;
"AERECO GmbH";"NOR";"26030000153955";"PREVISION";"BXE2077GM";"";"03/11/2026";"03/11/2026";6;0;6;
"AERECO GmbH";"NOR";"26030000154031";"PREVISION";"BXE2078GM";"";"03/11/2026";"03/11/2026";9;0;9;
"AERECO GmbH";"NOR";"26030000154063";"PREVISION";"BXE2079GM";"";"03/11/2026";"03/11/2026";9;0;9;
"AERECO GmbH";"NOR";"26030000154099";"PREVISION";"BXE2080GM";"";"03/11/2026";"03/11/2026";1;0;1;
"AERECO GmbH";"NOR";"26030000154157";"PREVISION";"BXE2192GM";"";"03/11/2026";"03/11/2026";1;0;1;
"AERECO GmbH";"";"26030000154183";"PREVISION";"BXE2194GM";"";"03/11/2026";"03/11/2026";1;0;1;
"AERECO GmbH";"NOR";"26030000154232";"PREVISION";"BXE2202GM";"";"03/11/2026";"03/11/2026";3;0;3;
"AERECO GmbH";"NOR";"26030000154276";"PREVISION";"C1339";"";"03/11/2026";"03/11/2026";26;0;26;
"AERECO GmbH";"NOR";"26030000154292";"PREVISION";"CAL261EX";"";"03/11/2026";"03/11/2026";800;0;800;
"AERECO GmbH";"";"26030000154325";"PREVISION";"EAF309EX";"";"03/11/2026";"03/11/2026";35;0;35;
"AERECO GmbH";"";"26030000154455";"PREVISION";"EAF323EX";"";"03/11/2026";"03/11/2026";37;0;37;
"AERECO GmbH";"";"26030000154491";"PREVISION";"EAR1245EX";"";"03/11/2026";"03/11/2026";32;0;32;
"AERECO GmbH";"NOR";"26030000154557";"PREVISION";"EAR200GM";"";"03/11/2026";"03/11/2026";720;0;720;
"AERECO GmbH";"NOR";"26030000154583";"PREVISION";"EAR2018GM";"";"03/11/2026";"03/11/2026";63;0;63;
"OOO VIVA LOGISTICS";"NOR";"26030000154627";"PREVISION";"EAR201EX";"";"03/11/2026";"03/11/2026";648;0;648;
"AERECO WENTYLACJA Sp. z.o.o";"NOR";"26030000154669";"PREVISION";"EAR201PO";"";"03/11/2026";"03/11/2026";648;0;648;
"AERECO WENTYLACJA Sp. z.o.o";"NOR";"26030000154805";"PREVISION";"EAR206PO";"";"03/11/2026";"03/11/2026";576;0;576;
"AERECO WENTYLACJA Sp. z.o.o";"NOR";"26030000154939";"PREVISION";"EFR174XX";"";"03/11/2026";"03/11/2026";16;0;16;
"AERECO GmbH";"NOR";"26030000155017";"PREVISION";"EHM1275GM";"";"03/11/2026";"03/11/2026";59;0;59;
"AERECO WENTYLACJA Sp. z.o.o";"";"26030000155056";"PREVISION";"EHM1276EX";"";"03/11/2026";"03/11/2026";67;0;67;
"AERECO GmbH";"NOR";"26030000155091";"PREVISION";"EHM1276GM";"";"03/11/2026";"03/11/2026";34;0;34;
"AERECO GmbH";"";"26030000155215";"PREVISION";"EHP1198GM";"";"03/11/2026";"03/11/2026";47;0;47;
"AERECO GmbH";"NOR";"26030000155283";"PREVISION";"EHP1219GM";"";"03/11/2026";"03/11/2026";31;0;31;
"AERECO GmbH";"";"26030000155317";"PREVISION";"EHP1222EX";"";"03/11/2026";"03/11/2026";2;0;2;
"AERECO GmbH";"NOR";"26030000155335";"PREVISION";"EHP1874GM";"";"03/11/2026";"03/11/2026";1080;0;1080;
"ALDES S.p.A.";"";"26030000155383";"PREVISION";"EHT780EX";"";"03/11/2026";"03/11/2026";36;0;36;
"AERECO GmbH";"NOR";"26030000155414";"PREVISION";"EHT780GM";"";"03/11/2026";"03/11/2026";52;0;52;
"ALDES S.p.A.";"";"26030000155462";"PREVISION";"EHT969EX";"";"03/11/2026";"03/11/2026";2;0;2;
"AERECO WENTYLACJA Sp. z.o.o";"NOR";"26030000155517";"PREVISION";"EMM707PO";"";"03/11/2026";"03/11/2026";864;0;864;
"AERECO WENTYLACJA Sp. z.o.o";"NOR";"26030000155564";"PREVISION";"EMM716PO";"";"03/11/2026";"03/11/2026";1080;0;1080;
"AERECO Ventilation AB";"";"26030000155644";"PREVISION";"ETF1865EX";"";"03/11/2026";"03/11/2026";2;0;2;
"AERECO Ventilation AB";"NOR";"26030000155683";"PREVISION";"ETH1853EX";"";"03/11/2026";"03/11/2026";92;0;92;
"AERECO GmbH";"";"26030000155778";"PREVISION";"ETH2104GM";"";"03/11/2026";"03/11/2026";225;0;225;
"AERECO GmbH";"NOR";"26030000155839";"PREVISION";"FBE1089GM";"";"03/11/2026";"03/11/2026";79;0;79;
"AERECO GmbH";"";"26030000155895";"PREVISION";"G2H1064EX";"";"03/11/2026";"03/11/2026";6;0;6;
"AERECO GmbH";"NOR";"26030000155936";"PREVISION";"K3168";"";"03/11/2026";"03/11/2026";103;0;103;
"AERECO GmbH";"NOR";"26030000155975";"PREVISION";"K3338";"";"03/11/2026";"03/11/2026";63;0;63;
"AERECO GmbH";"";"26030000156014";"PREVISION";"SE3203";"";"03/11/2026";"03/11/2026";14;0;14;
"AERECO WENTYLACJA Sp. z.o.o";"NOR";"26030000156048";"PREVISION";"V2A032EX";"";"03/11/2026";"03/11/2026";4;0;4;
"AERECO GmbH";"";"26030000156079";"PREVISION";"V2A032GM";"";"03/11/2026";"03/11/2026";2;0;2;
"AERECO GmbH";"";"26030000156232";"PREVISION";"VBP2173EX";"";"03/11/2026";"03/11/2026";1;0;1;
"AERECO WENTYLACJA Sp. z.o.o";"MTS";"26030000111897";"PREVISION";"11016308";"";"09/11/2026";"09/11/2026";1200;0;1200;
"AERECO WENTYLACJA Sp. z.o.o";"MTS";"26030000111931";"PREVISION";"11016309";"";"09/11/2026";"09/11/2026";720;0;720;
"AERECO WENTYLACJA Sp. z.o.o";"MTS";"26030000111994";"PREVISION";"11016312";"";"09/11/2026";"09/11/2026";300;0;300;
"AERECO WENTYLACJA Sp. z.o.o";"NOR";"26030000150677";"PREVISION";"11016310";"";"10/11/2026";"10/11/2026";576;0;576;
"AERECO WENTYLACJA Sp. z.o.o";"NOR";"26030000150696";"PREVISION";"11819090";"";"10/11/2026";"10/11/2026";180;0;180;
"AERECO WENTYLACJA Sp. z.o.o";"NOR";"26030000150725";"PREVISION";"11819091";"";"10/11/2026";"10/11/2026";720;0;720;
"AERECO GmbH";"";"26030000150785";"PREVISION";"A3772E";"";"10/11/2026";"10/11/2026";64;0;64;
"AERECO GmbH";"";"26030000150817";"PREVISION";"A4260";"";"10/11/2026";"10/11/2026";21;0;21;
"AERECO GmbH";"NOR";"26030000150857";"PREVISION";"A4581E01";"";"10/11/2026";"10/11/2026";14;0;14;
"AERECO GmbH";"";"26030000150888";"PREVISION";"A5650E01";"";"10/11/2026";"10/11/2026";2;0;2;
"AERECO WENTYLACJA Sp. z.o.o";"";"26030000150962";"PREVISION";"AEA098XX";"";"10/11/2026";"10/11/2026";88;0;88;
"AERECO GmbH";"NOR";"26030000150979";"PREVISION";"AEA100XX";"";"10/11/2026";"10/11/2026";23;0;23;
"AERECO GmbH";"NOR";"26030000151078";"PREVISION";"AEA1216GM";"";"10/11/2026";"10/11/2026";42;0;42;
"AERECO GmbH";"NOR";"26030000151113";"PREVISION";"AEA1217GM";"";"10/11/2026";"10/11/2026";52;0;52;
"AERECO GmbH";"NOR";"26030000151175";"PREVISION";"AEA1241XX";"";"10/11/2026";"10/11/2026";1809;0;1809;
"AERECO WENTYLACJA Sp. z.o.o";"NOR";"26030000151208";"PREVISION";"AEA1242XX";"";"10/11/2026";"10/11/2026";26;0;26;
"AERECO GmbH";"";"26030000151267";"PREVISION";"AEA1335EX";"";"10/11/2026";"10/11/2026";4;0;4;
"AERECO GmbH";"";"26030000151306";"PREVISION";"AEA1339EX";"";"10/11/2026";"10/11/2026";19;0;19;
"AERECO GmbH";"";"26030000151337";"PREVISION";"AEA1426XX";"";"10/11/2026";"10/11/2026";7;0;7;
"AERECO GmbH";"NOR";"26030000151377";"PREVISION";"AEA1429XX";"";"10/11/2026";"10/11/2026";14;0;14;
"AERECO GmbH";"";"26030000151423";"PREVISION";"AEA157XX";"";"10/11/2026";"10/11/2026";2;0;2;
"AERECO GmbH";"";"26030000151454";"PREVISION";"AEA1954XX";"";"10/11/2026";"10/11/2026";10;0;10;
"AERECO Ventilation AB";"";"26030000151494";"PREVISION";"AEA1955XX";"";"10/11/2026";"10/11/2026";9;0;9;
"AERECO Ventilation AB";"";"26030000151530";"PREVISION";"AEA1958XX";"";"10/11/2026";"10/11/2026";42;0;42;
"AERECO GmbH";"NOR";"26030000151570";"PREVISION";"AEA1992XX";"";"10/11/2026";"10/11/2026";98;0;98;
"AERECO GmbH";"";"26030000151677";"PREVISION";"AEA2115XX";"";"10/11/2026";"10/11/2026";46;0;46;
"AERECO GmbH";"NOR";"26030000151717";"PREVISION";"AEA301XX";"";"10/11/2026";"10/11/2026";85;0;85;
"AERECO GmbH";"";"26030000151769";"PREVISION";"AEA400GM";"";"10/11/2026";"10/11/2026";2;0;2;
"AERECO GmbH";"";"26030000151809";"PREVISION";"AEA453XX";"";"10/11/2026";"10/11/2026";26;0;26;
"AERECO GmbH";"NOR";"26030000151900";"PREVISION";"AEA733XX";"";"10/11/2026";"10/11/2026";23;0;23;
"AERECO GmbH";"NOR";"26030000151939";"PREVISION";"AEA775XX";"";"10/11/2026";"10/11/2026";120;0;120;
"AERECO GmbH";"";"26030000151968";"PREVISION";"AEA776XX";"";"10/11/2026";"10/11/2026";4;0;4;
"AERECO GmbH";"";"26030000152008";"PREVISION";"AEA778XX";"";"10/11/2026";"10/11/2026";62;0;62;
"AERECO GmbH";"";"26030000152043";"PREVISION";"AEA808XX";"";"10/11/2026";"10/11/2026";1;0;1;
"AERECO GmbH";"NOR";"26030000152077";"PREVISION";"AEA809XX";"";"10/11/2026";"10/11/2026";13;0;13;
"AERECO GmbH";"NOR";"26030000152093";"PREVISION";"AEA827XX";"";"10/11/2026";"10/11/2026";1809;0;1809;
"AERECO GmbH";"";"26030000152131";"PREVISION";"AEA834XX";"";"10/11/2026";"10/11/2026";1;0;1;
"AERECO GmbH";"NOR";"26030000152148";"PREVISION";"AEA851XX";"";"10/11/2026";"10/11/2026";720;0;720;
"AERECO GmbH";"";"26030000152179";"PREVISION";"AEA877XX";"";"10/11/2026";"10/11/2026";1;0;1;
"AERECO GmbH";"NOR";"26030000152205";"PREVISION";"AEA942EX";"";"10/11/2026";"10/11/2026";70;0;70;
"AERECO GmbH";"";"26030000152245";"PREVISION";"AEA967XX";"";"10/11/2026";"10/11/2026";22;0;22;
"AERECO GmbH";"";"26030000152285";"PREVISION";"AEA968XX";"";"10/11/2026";"10/11/2026";5;0;5;
"AERECO GmbH";"NOR";"26030000152342";"PREVISION";"AVE056XX";"";"10/11/2026";"10/11/2026";15;0;15;
"AERECO GmbH";"NOR";"26030000152399";"PREVISION";"B3382";"";"10/11/2026";"10/11/2026";3;0;3;
"AERECO GmbH";"";"26030000152439";"PREVISION";"B3651";"";"10/11/2026";"10/11/2026";9;0;9;
"AERECO Ventilation AB";"NOR";"26030000152479";"PREVISION";"B6794";"";"10/11/2026";"10/11/2026";31;0;31;
"AERECO Ventilation AB";"";"26030000152519";"PREVISION";"B6796";"";"10/11/2026";"10/11/2026";10;0;10;
"AERECO GmbH";"NOR";"26030000152572";"PREVISION";"BFE2068GM";"";"10/11/2026";"10/11/2026";3;0;3;
"AERECO GmbH";"NOR";"26030000152630";"PREVISION";"BFX1931GM";"";"10/11/2026";"10/11/2026";30;0;30;
"AERECO GmbH";"";"26030000152663";"PREVISION";"BXC1889EX";"";"10/11/2026";"10/11/2026";2;0;2;
"AERECO GmbH";"NOR";"26030000152730";"PREVISION";"BXC1890GM";"";"10/11/2026";"10/11/2026";288;0;288;
"AERECO GmbH";"NOR";"26030000152760";"PREVISION";"BXC1891EX";"";"10/11/2026";"10/11/2026";10;0;10;
"AERECO WENTYLACJA Sp. z.o.o";"NOR";"26030000152893";"PREVISION";"BXC1899EX";"";"10/11/2026";"10/11/2026";48;0;48;
"AERECO WENTYLACJA Sp. z.o.o";"NOR";"26030000152930";"PREVISION";"BXC1900EX";"";"10/11/2026";"10/11/2026";288;0;288;
"AERECO WENTYLACJA Sp. z.o.o";"NOR";"26030000152978";"PREVISION";"BXC1901EX";"";"10/11/2026";"10/11/2026";7;0;7;
"AERECO GmbH";"NOR";"26030000153009";"PREVISION";"BXC1901GM";"";"10/11/2026";"10/11/2026";16;0;16;
"AERECO WENTYLACJA Sp. z.o.o";"";"26030000153046";"PREVISION";"BXC1902EX";"";"10/11/2026";"10/11/2026";6;0;6;
"AERECO WENTYLACJA Sp. z.o.o";"NOR";"26030000153084";"PREVISION";"BXC1903EX";"";"10/11/2026";"10/11/2026";23;0;23;
"AERECO GmbH";"NOR";"26030000153117";"PREVISION";"BXC1903GM";"";"10/11/2026";"10/11/2026";19;0;19;
"AERECO WENTYLACJA Sp. z.o.o";"NOR";"26030000153147";"PREVISION";"BXC1905EX";"";"10/11/2026";"10/11/2026";12;0;12;
"AERECO GmbH";"NOR";"26030000153178";"PREVISION";"BXC1905GM";"";"10/11/2026";"10/11/2026";1;0;1;
"AERECO WENTYLACJA Sp. z.o.o";"NOR";"26030000153224";"PREVISION";"BXC1907EX";"";"10/11/2026";"10/11/2026";1152;0;1152;
"AERECO WENTYLACJA Sp. z.o.o";"NOR";"26030000153255";"PREVISION";"BXC1908EX";"";"10/11/2026";"10/11/2026";89;0;89;
"AERECO GmbH";"";"26030000153289";"PREVISION";"BXC1910EX";"";"10/11/2026";"10/11/2026";16;0;16;
"AERECO WENTYLACJA Sp. z.o.o";"";"26030000153318";"PREVISION";"BXC1912EX";"";"10/11/2026";"10/11/2026";3;0;3;
"AERECO WENTYLACJA Sp. z.o.o";"NOR";"26030000153351";"PREVISION";"BXC1915EX";"";"10/11/2026";"10/11/2026";13;0;13;
"AERECO GmbH";"NOR";"26030000153383";"PREVISION";"BXC1922GM";"";"10/11/2026";"10/11/2026";16;0;16;
"AERECO GmbH";"NOR";"26030000153418";"PREVISION";"BXC1923GM";"";"10/11/2026";"10/11/2026";8;0;8;
"AERECO GmbH";"NOR";"26030000153449";"PREVISION";"BXC1924GM";"";"10/11/2026";"10/11/2026";8;0;8;
"AERECO GmbH";"NOR";"26030000153484";"PREVISION";"BXC1925GM";"";"10/11/2026";"10/11/2026";25;0;25;
"AERECO GmbH";"NOR";"26030000153523";"PREVISION";"BXC2138GM";"";"10/11/2026";"10/11/2026";21;0;21;
"AERECO GmbH";"";"26030000153560";"PREVISION";"BXC2139GM";"";"10/11/2026";"10/11/2026";12;0;12;
"AERECO GmbH";"NOR";"26030000153595";"PREVISION";"BXC2142GM";"";"10/11/2026";"10/11/2026";1;0;1;
"AERECO GmbH";"NOR";"26030000153673";"PREVISION";"BXE2053GM";"";"10/11/2026";"10/11/2026";6;0;6;
"AERECO GmbH";"NOR";"26030000153769";"PREVISION";"BXE2065GM";"";"10/11/2026";"10/11/2026";1;0;1;
"AERECO GmbH";"NOR";"26030000153956";"PREVISION";"BXE2077GM";"";"10/11/2026";"10/11/2026";6;0;6;
"AERECO GmbH";"NOR";"26030000154032";"PREVISION";"BXE2078GM";"";"10/11/2026";"10/11/2026";9;0;9;
"AERECO GmbH";"NOR";"26030000154064";"PREVISION";"BXE2079GM";"";"10/11/2026";"10/11/2026";9;0;9;
"AERECO GmbH";"NOR";"26030000154100";"PREVISION";"BXE2080GM";"";"10/11/2026";"10/11/2026";1;0;1;
"AERECO GmbH";"NOR";"26030000154158";"PREVISION";"BXE2192GM";"";"10/11/2026";"10/11/2026";1;0;1;
"AERECO GmbH";"";"26030000154184";"PREVISION";"BXE2194GM";"";"10/11/2026";"10/11/2026";1;0;1;
"AERECO GmbH";"NOR";"26030000154233";"PREVISION";"BXE2202GM";"";"10/11/2026";"10/11/2026";3;0;3;
"AERECO WENTYLACJA Sp. z.o.o";"NOR";"26030000154252";"PREVISION";"BXL888PO";"";"10/11/2026";"10/11/2026";576;0;576;
"AERECO GmbH";"NOR";"26030000154277";"PREVISION";"C1339";"";"10/11/2026";"10/11/2026";26;0;26;
"AERECO GmbH";"";"26030000154326";"PREVISION";"EAF309EX";"";"10/11/2026";"10/11/2026";35;0;35;
"AERECO GmbH";"";"26030000154456";"PREVISION";"EAF323EX";"";"10/11/2026";"10/11/2026";37;0;37;
"AERECO GmbH";"";"26030000154492";"PREVISION";"EAR1245EX";"";"10/11/2026";"10/11/2026";32;0;32;
"AERECO GmbH";"NOR";"26030000154584";"PREVISION";"EAR2018GM";"";"10/11/2026";"10/11/2026";63;0;63;
"AERECO GmbH";"NOR";"26030000154604";"PREVISION";"EAR2019GM";"";"10/11/2026";"10/11/2026";360;0;360;
"AERECO GmbH";"";"26030000154640";"PREVISION";"EAR201GM";"";"10/11/2026";"10/11/2026";648;0;648;
"AERECO WENTYLACJA Sp. z.o.o";"NOR";"26030000154670";"PREVISION";"EAR201PO";"";"10/11/2026";"10/11/2026";648;0;648;
"AERECO WENTYLACJA Sp. z.o.o";"NOR";"26030000154806";"PREVISION";"EAR206PO";"";"10/11/2026";"10/11/2026";1152;0;1152;
"AERECO GmbH";"NOR";"26030000154824";"PREVISION";"EAR282GM";"";"10/11/2026";"10/11/2026";576;0;576;
"AERECO WENTYLACJA Sp. z.o.o";"NOR";"26030000154940";"PREVISION";"EFR174XX";"";"10/11/2026";"10/11/2026";16;0;16;
"AERECO GmbH";"NOR";"26030000155018";"PREVISION";"EHM1275GM";"";"10/11/2026";"10/11/2026";59;0;59;
"AERECO WENTYLACJA Sp. z.o.o";"";"26030000155057";"PREVISION";"EHM1276EX";"";"10/11/2026";"10/11/2026";67;0;67;
"AERECO GmbH";"NOR";"26030000155092";"PREVISION";"EHM1276GM";"";"10/11/2026";"10/11/2026";34;0;34;
"AERECO GmbH";"";"26030000155216";"PREVISION";"EHP1198GM";"";"10/11/2026";"10/11/2026";47;0;47;
"AERECO GmbH";"NOR";"26030000155284";"PREVISION";"EHP1219GM";"";"10/11/2026";"10/11/2026";31;0;31;
"AERECO GmbH";"";"26030000155318";"PREVISION";"EHP1222EX";"";"10/11/2026";"10/11/2026";2;0;2;
"AERECO GmbH";"";"26030000155351";"PREVISION";"EHP1875GM";"";"10/11/2026";"10/11/2026";1080;0;1080;
"ALDES S.p.A.";"";"26030000155384";"PREVISION";"EHT780EX";"";"10/11/2026";"10/11/2026";36;0;36;
"AERECO GmbH";"NOR";"26030000155415";"PREVISION";"EHT780GM";"";"10/11/2026";"10/11/2026";52;0;52;
"AERECO WENTYLACJA Sp. z.o.o";"NOR";"26030000155438";"PREVISION";"EHT780PO";"";"10/11/2026";"10/11/2026";720;0;720;
"ALDES S.p.A.";"";"26030000155463";"PREVISION";"EHT969EX";"";"10/11/2026";"10/11/2026";2;0;2;
"AERECO WENTYLACJA Sp. z.o.o";"NOR";"26030000155518";"PREVISION";"EMM707PO";"";"10/11/2026";"10/11/2026";864;0;864;
"AERECO WENTYLACJA Sp. z.o.o";"NOR";"26030000155565";"PREVISION";"EMM716PO";"";"10/11/2026";"10/11/2026";1080;0;1080;
"AERECO Ventilation AB";"";"26030000155645";"PREVISION";"ETF1865EX";"";"10/11/2026";"10/11/2026";2;0;2;
"AERECO Ventilation AB";"NOR";"26030000155684";"PREVISION";"ETH1853EX";"";"10/11/2026";"10/11/2026";92;0;92;
"AERECO Ventilation AB";"NOR";"26030000155712";"PREVISION";"ETH1984EX";"";"10/11/2026";"10/11/2026";832;0;832;
"AERECO GmbH";"";"26030000155779";"PREVISION";"ETH2104GM";"";"10/11/2026";"10/11/2026";225;0;225;
"AERECO GmbH";"NOR";"26030000155840";"PREVISION";"FBE1089GM";"";"10/11/2026";"10/11/2026";79;0;79;
"AERECO GmbH";"";"26030000155896";"PREVISION";"G2H1064EX";"";"10/11/2026";"10/11/2026";6;0;6;
"AERECO GmbH";"NOR";"26030000155937";"PREVISION";"K3168";"";"10/11/2026";"10/11/2026";103;0;103;
"AERECO GmbH";"NOR";"26030000155976";"PREVISION";"K3338";"";"10/11/2026";"10/11/2026";63;0;63;
"AERECO GmbH";"";"26030000156015";"PREVISION";"SE3203";"";"10/11/2026";"10/11/2026";14;0;14;
"AERECO WENTYLACJA Sp. z.o.o";"NOR";"26030000156049";"PREVISION";"V2A032EX";"";"10/11/2026";"10/11/2026";4;0;4;
"AERECO GmbH";"";"26030000156080";"PREVISION";"V2A032GM";"";"10/11/2026";"10/11/2026";2;0;2;
"AERECO GmbH";"";"26030000156233";"PREVISION";"VBP2173EX";"";"10/11/2026";"10/11/2026";1;0;1;
"AERECO WENTYLACJA Sp. z.o.o";"NOR";"26030000156248";"PREVISION";"VBP2173PO";"";"10/11/2026";"10/11/2026";90;0;90;
"AERECO WENTYLACJA Sp. z.o.o";"MTS";"26030000111932";"PREVISION";"11016309";"";"16/11/2026";"16/11/2026";720;0;720;
"AERECO WENTYLACJA Sp. z.o.o";"NOR";"26030000111965";"PREVISION";"11016310";"";"16/11/2026";"16/11/2026";480;0;480;
"AERECO WENTYLACJA Sp. z.o.o";"NOR";"26030000150697";"PREVISION";"11819090";"";"17/11/2026";"17/11/2026";180;0;180;
"AERECO WENTYLACJA Sp. z.o.o";"NOR";"26030000150726";"PREVISION";"11819091";"";"17/11/2026";"17/11/2026";720;0;720;
"AERECO GmbH";"";"26030000150786";"PREVISION";"A3772E";"";"17/11/2026";"17/11/2026";64;0;64;
"AERECO GmbH";"";"26030000150818";"PREVISION";"A4260";"";"17/11/2026";"17/11/2026";21;0;21;
"AERECO GmbH";"NOR";"26030000150858";"PREVISION";"A4581E01";"";"17/11/2026";"17/11/2026";14;0;14;
"AERECO GmbH";"";"26030000150889";"PREVISION";"A5650E01";"";"17/11/2026";"17/11/2026";2;0;2;
"AERECO WENTYLACJA Sp. z.o.o";"";"26030000150963";"PREVISION";"AEA098XX";"";"17/11/2026";"17/11/2026";88;0;88;
"AERECO GmbH";"NOR";"26030000150980";"PREVISION";"AEA100XX";"";"17/11/2026";"17/11/2026";23;0;23;
"AERECO GmbH";"NOR";"26030000151037";"PREVISION";"AEA1152XX";"";"17/11/2026";"17/11/2026";1080;0;1080;
"AERECO GmbH";"NOR";"26030000151079";"PREVISION";"AEA1216GM";"";"17/11/2026";"17/11/2026";42;0;42;
"AERECO GmbH";"NOR";"26030000151114";"PREVISION";"AEA1217GM";"";"17/11/2026";"17/11/2026";52;0;52;
"AERECO WENTYLACJA Sp. z.o.o";"NOR";"26030000151209";"PREVISION";"AEA1242XX";"";"17/11/2026";"17/11/2026";26;0;26;
"AERECO WENTYLACJA Sp. z.o.o";"NOR";"26030000151233";"PREVISION";"AEA1243XX";"";"17/11/2026";"17/11/2026";1440;0;1440;
"AERECO GmbH";"";"26030000151268";"PREVISION";"AEA1335EX";"";"17/11/2026";"17/11/2026";4;0;4;
"AERECO GmbH";"";"26030000151307";"PREVISION";"AEA1339EX";"";"17/11/2026";"17/11/2026";19;0;19;
"AERECO GmbH";"";"26030000151338";"PREVISION";"AEA1426XX";"";"17/11/2026";"17/11/2026";7;0;7;
"AERECO GmbH";"NOR";"26030000151378";"PREVISION";"AEA1429XX";"";"17/11/2026";"17/11/2026";14;0;14;
"AERECO GmbH";"";"26030000151424";"PREVISION";"AEA157XX";"";"17/11/2026";"17/11/2026";2;0;2;
"AERECO GmbH";"";"26030000151455";"PREVISION";"AEA1954XX";"";"17/11/2026";"17/11/2026";10;0;10;
"AERECO Ventilation AB";"";"26030000151495";"PREVISION";"AEA1955XX";"";"17/11/2026";"17/11/2026";9;0;9;
"AERECO Ventilation AB";"";"26030000151531";"PREVISION";"AEA1958XX";"";"17/11/2026";"17/11/2026";42;0;42;
"AERECO GmbH";"NOR";"26030000151571";"PREVISION";"AEA1992XX";"";"17/11/2026";"17/11/2026";98;0;98;
"AERECO GmbH";"";"26030000151678";"PREVISION";"AEA2115XX";"";"17/11/2026";"17/11/2026";46;0;46;
"AERECO GmbH";"NOR";"26030000151718";"PREVISION";"AEA301XX";"";"17/11/2026";"17/11/2026";85;0;85;
"AERECO GmbH";"";"26030000151770";"PREVISION";"AEA400GM";"";"17/11/2026";"17/11/2026";2;0;2;
"AERECO GmbH";"";"26030000151810";"PREVISION";"AEA453XX";"";"17/11/2026";"17/11/2026";26;0;26;
"AERECO GmbH";"NOR";"26030000151872";"PREVISION";"AEA731XX";"";"17/11/2026";"17/11/2026";1809;0;1809;
"AERECO GmbH";"NOR";"26030000151901";"PREVISION";"AEA733XX";"";"17/11/2026";"17/11/2026";23;0;23;
"AERECO GmbH";"NOR";"26030000151940";"PREVISION";"AEA775XX";"";"17/11/2026";"17/11/2026";120;0;120;
"AERECO GmbH";"";"26030000151969";"PREVISION";"AEA776XX";"";"17/11/2026";"17/11/2026";4;0;4;
"AERECO GmbH";"";"26030000152009";"PREVISION";"AEA778XX";"";"17/11/2026";"17/11/2026";62;0;62;
"AERECO GmbH";"";"26030000152044";"PREVISION";"AEA808XX";"";"17/11/2026";"17/11/2026";1;0;1;
"AERECO GmbH";"NOR";"26030000152078";"PREVISION";"AEA809XX";"";"17/11/2026";"17/11/2026";13;0;13;
"AERECO GmbH";"";"26030000152132";"PREVISION";"AEA834XX";"";"17/11/2026";"17/11/2026";1;0;1;
"AERECO WENTYLACJA Sp. z.o.o";"NOR";"26030000152158";"PREVISION";"AEA852XX";"";"17/11/2026";"17/11/2026";1440;0;1440;
"AERECO GmbH";"";"26030000152180";"PREVISION";"AEA877XX";"";"17/11/2026";"17/11/2026";1;0;1;
"AERECO GmbH";"NOR";"26030000152206";"PREVISION";"AEA942EX";"";"17/11/2026";"17/11/2026";70;0;70;
"AERECO GmbH";"";"26030000152246";"PREVISION";"AEA967XX";"";"17/11/2026";"17/11/2026";22;0;22;
"AERECO GmbH";"";"26030000152286";"PREVISION";"AEA968XX";"";"17/11/2026";"17/11/2026";5;0;5;
"AERECO GmbH";"NOR";"26030000152343";"PREVISION";"AVE056XX";"";"17/11/2026";"17/11/2026";15;0;15;
"AERECO GmbH";"NOR";"26030000152400";"PREVISION";"B3382";"";"17/11/2026";"17/11/2026";3;0;3;
"AERECO GmbH";"";"26030000152440";"PREVISION";"B3651";"";"17/11/2026";"17/11/2026";9;0;9;
"AERECO Ventilation AB";"NOR";"26030000152480";"PREVISION";"B6794";"";"17/11/2026";"17/11/2026";31;0;31;
"AERECO Ventilation AB";"";"26030000152520";"PREVISION";"B6796";"";"17/11/2026";"17/11/2026";10;0;10;
"AERECO GmbH";"NOR";"26030000152573";"PREVISION";"BFE2068GM";"";"17/11/2026";"17/11/2026";3;0;3;
"AERECO GmbH";"NOR";"26030000152631";"PREVISION";"BFX1931GM";"";"17/11/2026";"17/11/2026";30;0;30;
"AERECO GmbH";"";"26030000152664";"PREVISION";"BXC1889EX";"";"17/11/2026";"17/11/2026";2;0;2;
"AERECO GmbH";"NOR";"26030000152761";"PREVISION";"BXC1891EX";"";"17/11/2026";"17/11/2026";10;0;10;
"AERECO GmbH";"NOR";"26030000152817";"PREVISION";"BXC1893GM";"";"17/11/2026";"17/11/2026";288;0;288;
"AERECO WENTYLACJA Sp. z.o.o";"NOR";"26030000152894";"PREVISION";"BXC1899EX";"";"17/11/2026";"17/11/2026";48;0;48;
"AERECO WENTYLACJA Sp. z.o.o";"NOR";"26030000152931";"PREVISION";"BXC1900EX";"";"17/11/2026";"17/11/2026";288;0;288;
"AERECO GmbH";"NOR";"26030000152951";"PREVISION";"BXC1900GM";"";"17/11/2026";"17/11/2026";2880;0;2880;
"AERECO WENTYLACJA Sp. z.o.o";"NOR";"26030000152979";"PREVISION";"BXC1901EX";"";"17/11/2026";"17/11/2026";7;0;7;
"AERECO GmbH";"NOR";"26030000153010";"PREVISION";"BXC1901GM";"";"17/11/2026";"17/11/2026";16;0;16;
"AERECO WENTYLACJA Sp. z.o.o";"";"26030000153047";"PREVISION";"BXC1902EX";"";"17/11/2026";"17/11/2026";6;0;6;
"AERECO WENTYLACJA Sp. z.o.o";"NOR";"26030000153085";"PREVISION";"BXC1903EX";"";"17/11/2026";"17/11/2026";23;0;23;
"AERECO GmbH";"NOR";"26030000153118";"PREVISION";"BXC1903GM";"";"17/11/2026";"17/11/2026";19;0;19;
"AERECO WENTYLACJA Sp. z.o.o";"NOR";"26030000153148";"PREVISION";"BXC1905EX";"";"17/11/2026";"17/11/2026";12;0;12;
"AERECO GmbH";"NOR";"26030000153179";"PREVISION";"BXC1905GM";"";"17/11/2026";"17/11/2026";1;0;1;
"AERECO WENTYLACJA Sp. z.o.o";"NOR";"26030000153225";"PREVISION";"BXC1907EX";"";"17/11/2026";"17/11/2026";1152;0;1152;
"AERECO WENTYLACJA Sp. z.o.o";"NOR";"26030000153256";"PREVISION";"BXC1908EX";"";"17/11/2026";"17/11/2026";89;0;89;
"AERECO GmbH";"";"26030000153290";"PREVISION";"BXC1910EX";"";"17/11/2026";"17/11/2026";16;0;16;
"AERECO WENTYLACJA Sp. z.o.o";"";"26030000153319";"PREVISION";"BXC1912EX";"";"17/11/2026";"17/11/2026";3;0;3;
"AERECO WENTYLACJA Sp. z.o.o";"NOR";"26030000153352";"PREVISION";"BXC1915EX";"";"17/11/2026";"17/11/2026";13;0;13;
"AERECO GmbH";"NOR";"26030000153384";"PREVISION";"BXC1922GM";"";"17/11/2026";"17/11/2026";16;0;16;
"AERECO GmbH";"NOR";"26030000153419";"PREVISION";"BXC1923GM";"";"17/11/2026";"17/11/2026";8;0;8;
"AERECO GmbH";"NOR";"26030000153450";"PREVISION";"BXC1924GM";"";"17/11/2026";"17/11/2026";8;0;8;
"AERECO GmbH";"NOR";"26030000153485";"PREVISION";"BXC1925GM";"";"17/11/2026";"17/11/2026";25;0;25;
"AERECO GmbH";"NOR";"26030000153524";"PREVISION";"BXC2138GM";"";"17/11/2026";"17/11/2026";21;0;21;
"AERECO GmbH";"";"26030000153561";"PREVISION";"BXC2139GM";"";"17/11/2026";"17/11/2026";12;0;12;
"AERECO GmbH";"NOR";"26030000153596";"PREVISION";"BXC2142GM";"";"17/11/2026";"17/11/2026";1;0;1;
"AERECO GmbH";"NOR";"26030000153674";"PREVISION";"BXE2053GM";"";"17/11/2026";"17/11/2026";6;0;6;
"AERECO GmbH";"NOR";"26030000153770";"PREVISION";"BXE2065GM";"";"17/11/2026";"17/11/2026";1;0;1;
"AERECO GmbH";"NOR";"26030000153957";"PREVISION";"BXE2077GM";"";"17/11/2026";"17/11/2026";6;0;6;
"AERECO GmbH";"NOR";"26030000154033";"PREVISION";"BXE2078GM";"";"17/11/2026";"17/11/2026";9;0;9;
"AERECO GmbH";"NOR";"26030000154065";"PREVISION";"BXE2079GM";"";"17/11/2026";"17/11/2026";9;0;9;
"AERECO GmbH";"NOR";"26030000154101";"PREVISION";"BXE2080GM";"";"17/11/2026";"17/11/2026";1;0;1;
"AERECO GmbH";"NOR";"26030000154159";"PREVISION";"BXE2192GM";"";"17/11/2026";"17/11/2026";1;0;1;
"AERECO GmbH";"";"26030000154185";"PREVISION";"BXE2194GM";"";"17/11/2026";"17/11/2026";1;0;1;
"AERECO GmbH";"NOR";"26030000154234";"PREVISION";"BXE2202GM";"";"17/11/2026";"17/11/2026";3;0;3;
"AERECO GmbH";"NOR";"26030000154278";"PREVISION";"C1339";"";"17/11/2026";"17/11/2026";26;0;26;
"AERECO GmbH";"";"26030000154327";"PREVISION";"EAF309EX";"";"17/11/2026";"17/11/2026";35;0;35;
"AERECO GmbH";"";"26030000154457";"PREVISION";"EAF323EX";"";"17/11/2026";"17/11/2026";37;0;37;
"AERECO GmbH";"";"26030000154493";"PREVISION";"EAR1245EX";"";"17/11/2026";"17/11/2026";32;0;32;
"AERECO GmbH";"NOR";"26030000154558";"PREVISION";"EAR200GM";"";"17/11/2026";"17/11/2026";7200;0;7200;
"AERECO GmbH";"NOR";"26030000154585";"PREVISION";"EAR2018GM";"";"17/11/2026";"17/11/2026";63;0;63;
"OOO VIVA LOGISTICS";"NOR";"26030000154628";"PREVISION";"EAR201EX";"";"17/11/2026";"17/11/2026";648;0;648;
"AERECO WENTYLACJA Sp. z.o.o";"NOR";"26030000154671";"PREVISION";"EAR201PO";"";"17/11/2026";"17/11/2026";648;0;648;
"AERECO GmbH";"";"26030000154774";"PREVISION";"EAR206GM";"";"17/11/2026";"17/11/2026";576;0;576;
"AERECO WENTYLACJA Sp. z.o.o";"NOR";"26030000154807";"PREVISION";"EAR206PO";"";"17/11/2026";"17/11/2026";576;0;576;
"AERECO WENTYLACJA Sp. z.o.o";"NOR";"26030000154941";"PREVISION";"EFR174XX";"";"17/11/2026";"17/11/2026";16;0;16;
"AERECO GmbH";"NOR";"26030000155019";"PREVISION";"EHM1275GM";"";"17/11/2026";"17/11/2026";59;0;59;
"AERECO WENTYLACJA Sp. z.o.o";"";"26030000155058";"PREVISION";"EHM1276EX";"";"17/11/2026";"17/11/2026";67;0;67;
"AERECO GmbH";"NOR";"26030000155093";"PREVISION";"EHM1276GM";"";"17/11/2026";"17/11/2026";34;0;34;
"AERECO GmbH";"";"26030000155217";"PREVISION";"EHP1198GM";"";"17/11/2026";"17/11/2026";47;0;47;
"AERECO GmbH";"NOR";"26030000155285";"PREVISION";"EHP1219GM";"";"17/11/2026";"17/11/2026";31;0;31;
"AERECO GmbH";"";"26030000155319";"PREVISION";"EHP1222EX";"";"17/11/2026";"17/11/2026";2;0;2;
"AERECO GmbH";"NOR";"26030000155336";"PREVISION";"EHP1874GM";"";"17/11/2026";"17/11/2026";1080;0;1080;
"ALDES S.p.A.";"";"26030000155385";"PREVISION";"EHT780EX";"";"17/11/2026";"17/11/2026";36;0;36;
"AERECO GmbH";"NOR";"26030000155416";"PREVISION";"EHT780GM";"";"17/11/2026";"17/11/2026";52;0;52;
"ALDES S.p.A.";"";"26030000155464";"PREVISION";"EHT969EX";"";"17/11/2026";"17/11/2026";2;0;2;
"AERECO WENTYLACJA Sp. z.o.o";"NOR";"26030000155566";"PREVISION";"EMM716PO";"";"17/11/2026";"17/11/2026";1080;0;1080;
"AERECO Ventilation AB";"";"26030000155646";"PREVISION";"ETF1865EX";"";"17/11/2026";"17/11/2026";2;0;2;
"AERECO Ventilation AB";"NOR";"26030000155685";"PREVISION";"ETH1853EX";"";"17/11/2026";"17/11/2026";92;0;92;
"AERECO GmbH";"NOR";"26030000155841";"PREVISION";"FBE1089GM";"";"17/11/2026";"17/11/2026";79;0;79;
"AERECO GmbH";"";"26030000155897";"PREVISION";"G2H1064EX";"";"17/11/2026";"17/11/2026";6;0;6;
"AERECO GmbH";"NOR";"26030000155938";"PREVISION";"K3168";"";"17/11/2026";"17/11/2026";103;0;103;
"AERECO GmbH";"NOR";"26030000155977";"PREVISION";"K3338";"";"17/11/2026";"17/11/2026";63;0;63;
"AERECO GmbH";"";"26030000156016";"PREVISION";"SE3203";"";"17/11/2026";"17/11/2026";14;0;14;
"AERECO WENTYLACJA Sp. z.o.o";"NOR";"26030000156050";"PREVISION";"V2A032EX";"";"17/11/2026";"17/11/2026";4;0;4;
"AERECO GmbH";"";"26030000156081";"PREVISION";"V2A032GM";"";"17/11/2026";"17/11/2026";2;0;2;
"AERECO GmbH";"";"26030000156234";"PREVISION";"VBP2173EX";"";"17/11/2026";"17/11/2026";1;0;1;
"AERECO WENTYLACJA Sp. z.o.o";"MTS";"26030000111898";"PREVISION";"11016308";"";"23/11/2026";"23/11/2026";1200;0;1200;
"AERECO WENTYLACJA Sp. z.o.o";"MTS";"26030000111995";"PREVISION";"11016312";"";"23/11/2026";"23/11/2026";300;0;300;
"ALDES Venticontrol S.A.";"MTS";"AR2601484";"COMMANDE";"BDS458AL";"F426-10181";"21/03/2026";"23/11/2026";1008;0;1008;
"AERECO WENTYLACJA Sp. z.o.o";"NOR";"26030000150678";"PREVISION";"11016310";"";"24/11/2026";"24/11/2026";576;0;576;
"AERECO WENTYLACJA Sp. z.o.o";"NOR";"26030000150698";"PREVISION";"11819090";"";"24/11/2026";"24/11/2026";180;0;180;
"AERECO WENTYLACJA Sp. z.o.o";"NOR";"26030000150727";"PREVISION";"11819091";"";"24/11/2026";"24/11/2026";720;0;720;
"AERECO GmbH";"";"26030000150787";"PREVISION";"A3772E";"";"24/11/2026";"24/11/2026";64;0;64;
"AERECO GmbH";"";"26030000150819";"PREVISION";"A4260";"";"24/11/2026";"24/11/2026";21;0;21;
"AERECO GmbH";"NOR";"26030000150859";"PREVISION";"A4581E01";"";"24/11/2026";"24/11/2026";14;0;14;
"AERECO GmbH";"";"26030000150890";"PREVISION";"A5650E01";"";"24/11/2026";"24/11/2026";2;0;2;
"AERECO WENTYLACJA Sp. z.o.o";"";"26030000150964";"PREVISION";"AEA098XX";"";"24/11/2026";"24/11/2026";88;0;88;
"AERECO GmbH";"NOR";"26030000150981";"PREVISION";"AEA100XX";"";"24/11/2026";"24/11/2026";23;0;23;
"AERECO GmbH";"NOR";"26030000151080";"PREVISION";"AEA1216GM";"";"24/11/2026";"24/11/2026";42;0;42;
"AERECO GmbH";"NOR";"26030000151115";"PREVISION";"AEA1217GM";"";"24/11/2026";"24/11/2026";52;0;52;
"AERECO GmbH";"NOR";"26030000151176";"PREVISION";"AEA1241XX";"";"24/11/2026";"24/11/2026";1809;0;1809;
"AERECO WENTYLACJA Sp. z.o.o";"NOR";"26030000151210";"PREVISION";"AEA1242XX";"";"24/11/2026";"24/11/2026";26;0;26;
"AERECO GmbH";"";"26030000151269";"PREVISION";"AEA1335EX";"";"24/11/2026";"24/11/2026";4;0;4;
"AERECO GmbH";"";"26030000151308";"PREVISION";"AEA1339EX";"";"24/11/2026";"24/11/2026";19;0;19;
"AERECO GmbH";"";"26030000151339";"PREVISION";"AEA1426XX";"";"24/11/2026";"24/11/2026";7;0;7;
"AERECO GmbH";"NOR";"26030000151379";"PREVISION";"AEA1429XX";"";"24/11/2026";"24/11/2026";14;0;14;
"AERECO GmbH";"";"26030000151425";"PREVISION";"AEA157XX";"";"24/11/2026";"24/11/2026";2;0;2;
"AERECO GmbH";"";"26030000151456";"PREVISION";"AEA1954XX";"";"24/11/2026";"24/11/2026";10;0;10;
"AERECO Ventilation AB";"";"26030000151496";"PREVISION";"AEA1955XX";"";"24/11/2026";"24/11/2026";9;0;9;
"AERECO Ventilation AB";"";"26030000151532";"PREVISION";"AEA1958XX";"";"24/11/2026";"24/11/2026";42;0;42;
"AERECO GmbH";"NOR";"26030000151572";"PREVISION";"AEA1992XX";"";"24/11/2026";"24/11/2026";98;0;98;
"AERECO GmbH";"";"26030000151679";"PREVISION";"AEA2115XX";"";"24/11/2026";"24/11/2026";46;0;46;
"AERECO GmbH";"NOR";"26030000151719";"PREVISION";"AEA301XX";"";"24/11/2026";"24/11/2026";85;0;85;
"AERECO GmbH";"";"26030000151771";"PREVISION";"AEA400GM";"";"24/11/2026";"24/11/2026";2;0;2;
"AERECO GmbH";"";"26030000151811";"PREVISION";"AEA453XX";"";"24/11/2026";"24/11/2026";26;0;26;
"AERECO GmbH";"NOR";"26030000151873";"PREVISION";"AEA731XX";"";"24/11/2026";"24/11/2026";1809;0;1809;
"AERECO GmbH";"NOR";"26030000151902";"PREVISION";"AEA733XX";"";"24/11/2026";"24/11/2026";23;0;23;
"AERECO GmbH";"NOR";"26030000151941";"PREVISION";"AEA775XX";"";"24/11/2026";"24/11/2026";120;0;120;
"AERECO GmbH";"";"26030000151970";"PREVISION";"AEA776XX";"";"24/11/2026";"24/11/2026";4;0;4;
"AERECO GmbH";"";"26030000152010";"PREVISION";"AEA778XX";"";"24/11/2026";"24/11/2026";62;0;62;
"AERECO GmbH";"";"26030000152045";"PREVISION";"AEA808XX";"";"24/11/2026";"24/11/2026";1;0;1;
"AERECO GmbH";"NOR";"26030000152079";"PREVISION";"AEA809XX";"";"24/11/2026";"24/11/2026";13;0;13;
"AERECO GmbH";"";"26030000152133";"PREVISION";"AEA834XX";"";"24/11/2026";"24/11/2026";1;0;1;
"AERECO GmbH";"";"26030000152181";"PREVISION";"AEA877XX";"";"24/11/2026";"24/11/2026";1;0;1;
"AERECO GmbH";"NOR";"26030000152207";"PREVISION";"AEA942EX";"";"24/11/2026";"24/11/2026";70;0;70;
"AERECO GmbH";"";"26030000152247";"PREVISION";"AEA967XX";"";"24/11/2026";"24/11/2026";22;0;22;
"AERECO GmbH";"";"26030000152287";"PREVISION";"AEA968XX";"";"24/11/2026";"24/11/2026";5;0;5;
"AERECO GmbH";"NOR";"26030000152344";"PREVISION";"AVE056XX";"";"24/11/2026";"24/11/2026";15;0;15;
"AERECO GmbH";"NOR";"26030000152401";"PREVISION";"B3382";"";"24/11/2026";"24/11/2026";3;0;3;
"AERECO GmbH";"";"26030000152441";"PREVISION";"B3651";"";"24/11/2026";"24/11/2026";9;0;9;
"AERECO Ventilation AB";"NOR";"26030000152481";"PREVISION";"B6794";"";"24/11/2026";"24/11/2026";31;0;31;
"AERECO Ventilation AB";"";"26030000152521";"PREVISION";"B6796";"";"24/11/2026";"24/11/2026";10;0;10;
"AERECO GmbH";"NOR";"26030000152574";"PREVISION";"BFE2068GM";"";"24/11/2026";"24/11/2026";3;0;3;
"AERECO GmbH";"NOR";"26030000152632";"PREVISION";"BFX1931GM";"";"24/11/2026";"24/11/2026";30;0;30;
"AERECO GmbH";"";"26030000152665";"PREVISION";"BXC1889EX";"";"24/11/2026";"24/11/2026";2;0;2;
"AERECO GmbH";"NOR";"26030000152731";"PREVISION";"BXC1890GM";"";"24/11/2026";"24/11/2026";288;0;288;
"AERECO GmbH";"NOR";"26030000152762";"PREVISION";"BXC1891EX";"";"24/11/2026";"24/11/2026";10;0;10;
"AERECO WENTYLACJA Sp. z.o.o";"NOR";"26030000152895";"PREVISION";"BXC1899EX";"";"24/11/2026";"24/11/2026";48;0;48;
"AERECO WENTYLACJA Sp. z.o.o";"NOR";"26030000152932";"PREVISION";"BXC1900EX";"";"24/11/2026";"24/11/2026";288;0;288;
"AERECO WENTYLACJA Sp. z.o.o";"NOR";"26030000152980";"PREVISION";"BXC1901EX";"";"24/11/2026";"24/11/2026";7;0;7;
"AERECO GmbH";"NOR";"26030000153011";"PREVISION";"BXC1901GM";"";"24/11/2026";"24/11/2026";16;0;16;
"AERECO WENTYLACJA Sp. z.o.o";"";"26030000153048";"PREVISION";"BXC1902EX";"";"24/11/2026";"24/11/2026";6;0;6;
"AERECO WENTYLACJA Sp. z.o.o";"NOR";"26030000153086";"PREVISION";"BXC1903EX";"";"24/11/2026";"24/11/2026";23;0;23;
"AERECO GmbH";"NOR";"26030000153119";"PREVISION";"BXC1903GM";"";"24/11/2026";"24/11/2026";19;0;19;
"AERECO WENTYLACJA Sp. z.o.o";"NOR";"26030000153149";"PREVISION";"BXC1905EX";"";"24/11/2026";"24/11/2026";12;0;12;
"AERECO GmbH";"NOR";"26030000153180";"PREVISION";"BXC1905GM";"";"24/11/2026";"24/11/2026";1;0;1;
"AERECO WENTYLACJA Sp. z.o.o";"NOR";"26030000153257";"PREVISION";"BXC1908EX";"";"24/11/2026";"24/11/2026";89;0;89;
"AERECO GmbH";"";"26030000153291";"PREVISION";"BXC1910EX";"";"24/11/2026";"24/11/2026";16;0;16;
"AERECO WENTYLACJA Sp. z.o.o";"";"26030000153320";"PREVISION";"BXC1912EX";"";"24/11/2026";"24/11/2026";3;0;3;
"AERECO WENTYLACJA Sp. z.o.o";"NOR";"26030000153353";"PREVISION";"BXC1915EX";"";"24/11/2026";"24/11/2026";13;0;13;
"AERECO GmbH";"NOR";"26030000153385";"PREVISION";"BXC1922GM";"";"24/11/2026";"24/11/2026";16;0;16;
"AERECO GmbH";"NOR";"26030000153420";"PREVISION";"BXC1923GM";"";"24/11/2026";"24/11/2026";8;0;8;
"AERECO GmbH";"NOR";"26030000153451";"PREVISION";"BXC1924GM";"";"24/11/2026";"24/11/2026";8;0;8;
"AERECO GmbH";"NOR";"26030000153486";"PREVISION";"BXC1925GM";"";"24/11/2026";"24/11/2026";25;0;25;
"AERECO GmbH";"NOR";"26030000153525";"PREVISION";"BXC2138GM";"";"24/11/2026";"24/11/2026";21;0;21;
"AERECO GmbH";"";"26030000153562";"PREVISION";"BXC2139GM";"";"24/11/2026";"24/11/2026";12;0;12;
"AERECO GmbH";"NOR";"26030000153597";"PREVISION";"BXC2142GM";"";"24/11/2026";"24/11/2026";1;0;1;
"AERECO GmbH";"NOR";"26030000153675";"PREVISION";"BXE2053GM";"";"24/11/2026";"24/11/2026";6;0;6;
"AERECO GmbH";"NOR";"26030000153771";"PREVISION";"BXE2065GM";"";"24/11/2026";"24/11/2026";1;0;1;
"AERECO GmbH";"NOR";"26030000153958";"PREVISION";"BXE2077GM";"";"24/11/2026";"24/11/2026";6;0;6;
"AERECO GmbH";"NOR";"26030000154034";"PREVISION";"BXE2078GM";"";"24/11/2026";"24/11/2026";9;0;9;
"AERECO GmbH";"NOR";"26030000154066";"PREVISION";"BXE2079GM";"";"24/11/2026";"24/11/2026";9;0;9;
"AERECO GmbH";"NOR";"26030000154102";"PREVISION";"BXE2080GM";"";"24/11/2026";"24/11/2026";1;0;1;
"AERECO GmbH";"NOR";"26030000154160";"PREVISION";"BXE2192GM";"";"24/11/2026";"24/11/2026";1;0;1;
"AERECO GmbH";"";"26030000154186";"PREVISION";"BXE2194GM";"";"24/11/2026";"24/11/2026";1;0;1;
"AERECO GmbH";"NOR";"26030000154235";"PREVISION";"BXE2202GM";"";"24/11/2026";"24/11/2026";3;0;3;
"AERECO GmbH";"NOR";"26030000154279";"PREVISION";"C1339";"";"24/11/2026";"24/11/2026";26;0;26;
"AERECO GmbH";"";"26030000154328";"PREVISION";"EAF309EX";"";"24/11/2026";"24/11/2026";35;0;35;
"AERECO GmbH";"";"26030000154458";"PREVISION";"EAF323EX";"";"24/11/2026";"24/11/2026";37;0;37;
"AERECO GmbH";"";"26030000154494";"PREVISION";"EAR1245EX";"";"24/11/2026";"24/11/2026";32;0;32;
"AERECO GmbH";"NOR";"26030000154586";"PREVISION";"EAR2018GM";"";"24/11/2026";"24/11/2026";63;0;63;
"AERECO WENTYLACJA Sp. z.o.o";"NOR";"26030000154672";"PREVISION";"EAR201PO";"";"24/11/2026";"24/11/2026";648;0;648;
"AERECO WENTYLACJA Sp. z.o.o";"NOR";"26030000154808";"PREVISION";"EAR206PO";"";"24/11/2026";"24/11/2026";576;0;576;
"AERECO WENTYLACJA Sp. z.o.o";"NOR";"26030000154942";"PREVISION";"EFR174XX";"";"24/11/2026";"24/11/2026";16;0;16;
"AERECO GmbH";"NOR";"26030000155020";"PREVISION";"EHM1275GM";"";"24/11/2026";"24/11/2026";59;0;59;
"AERECO WENTYLACJA Sp. z.o.o";"";"26030000155059";"PREVISION";"EHM1276EX";"";"24/11/2026";"24/11/2026";67;0;67;
"AERECO GmbH";"NOR";"26030000155094";"PREVISION";"EHM1276GM";"";"24/11/2026";"24/11/2026";34;0;34;
"AERECO GmbH";"";"26030000155218";"PREVISION";"EHP1198GM";"";"24/11/2026";"24/11/2026";47;0;47;
"AERECO GmbH";"NOR";"26030000155286";"PREVISION";"EHP1219GM";"";"24/11/2026";"24/11/2026";31;0;31;
"AERECO GmbH";"";"26030000155320";"PREVISION";"EHP1222EX";"";"24/11/2026";"24/11/2026";2;0;2;
"ALDES S.p.A.";"";"26030000155386";"PREVISION";"EHT780EX";"";"24/11/2026";"24/11/2026";36;0;36;
"AERECO GmbH";"NOR";"26030000155417";"PREVISION";"EHT780GM";"";"24/11/2026";"24/11/2026";52;0;52;
"ALDES S.p.A.";"";"26030000155465";"PREVISION";"EHT969EX";"";"24/11/2026";"24/11/2026";2;0;2;
"AERECO WENTYLACJA Sp. z.o.o";"NOR";"26030000155519";"PREVISION";"EMM707PO";"";"24/11/2026";"24/11/2026";864;0;864;
"AERECO WENTYLACJA Sp. z.o.o";"NOR";"26030000155567";"PREVISION";"EMM716PO";"";"24/11/2026";"24/11/2026";1080;0;1080;
"AERECO Ventilation AB";"";"26030000155647";"PREVISION";"ETF1865EX";"";"24/11/2026";"24/11/2026";2;0;2;
"AERECO Ventilation AB";"NOR";"26030000155686";"PREVISION";"ETH1853EX";"";"24/11/2026";"24/11/2026";92;0;92;
"AERECO GmbH";"";"26030000155780";"PREVISION";"ETH2104GM";"";"24/11/2026";"24/11/2026";225;0;225;
"AERECO GmbH";"NOR";"26030000155842";"PREVISION";"FBE1089GM";"";"24/11/2026";"24/11/2026";79;0;79;
"AERECO GmbH";"";"26030000155898";"PREVISION";"G2H1064EX";"";"24/11/2026";"24/11/2026";6;0;6;
"AERECO GmbH";"NOR";"26030000155939";"PREVISION";"K3168";"";"24/11/2026";"24/11/2026";103;0;103;
"AERECO GmbH";"NOR";"26030000155978";"PREVISION";"K3338";"";"24/11/2026";"24/11/2026";63;0;63;
"AERECO GmbH";"";"26030000156017";"PREVISION";"SE3203";"";"24/11/2026";"24/11/2026";14;0;14;
"AERECO WENTYLACJA Sp. z.o.o";"NOR";"26030000156051";"PREVISION";"V2A032EX";"";"24/11/2026";"24/11/2026";4;0;4;
"AERECO GmbH";"";"26030000156082";"PREVISION";"V2A032GM";"";"24/11/2026";"24/11/2026";2;0;2;
"AERECO GmbH";"";"26030000156235";"PREVISION";"VBP2173EX";"";"24/11/2026";"24/11/2026";1;0;1;
"AERECO WENTYLACJA Sp. z.o.o";"NOR";"26030000156249";"PREVISION";"VBP2173PO";"";"24/11/2026";"24/11/2026";90;0;90;
"AERECO WENTYLACJA Sp. z.o.o";"MTS";"26030000111933";"PREVISION";"11016309";"";"30/11/2026";"30/11/2026";720;0;720;
"AERECO WENTYLACJA Sp. z.o.o";"NOR";"26030000150728";"PREVISION";"11819091";"";"01/12/2026";"01/12/2026";720;0;720;
"AERECO GmbH";"";"26030000150788";"PREVISION";"A3772E";"";"01/12/2026";"01/12/2026";40;0;40;
"AERECO GmbH";"";"26030000150820";"PREVISION";"A4260";"";"01/12/2026";"01/12/2026";10;0;10;
"AERECO GmbH";"NOR";"26030000150860";"PREVISION";"A4581E01";"";"01/12/2026";"01/12/2026";8;0;8;
"AERECO GmbH";"";"26030000150891";"PREVISION";"A5650E01";"";"01/12/2026";"01/12/2026";1;0;1;
"AERECO GmbH";"NOR";"26030000150916";"PREVISION";"AEA064XX";"";"01/12/2026";"01/12/2026";400;0;400;
"AERECO WENTYLACJA Sp. z.o.o";"";"26030000150965";"PREVISION";"AEA098XX";"";"01/12/2026";"01/12/2026";40;0;40;
"AERECO GmbH";"NOR";"26030000150982";"PREVISION";"AEA100XX";"";"01/12/2026";"01/12/2026";11;0;11;
"AERECO GmbH";"NOR";"26030000151081";"PREVISION";"AEA1216GM";"";"01/12/2026";"01/12/2026";26;0;26;
"AERECO GmbH";"NOR";"26030000151116";"PREVISION";"AEA1217GM";"";"01/12/2026";"01/12/2026";33;0;33;
"AERECO GmbH";"NOR";"26030000151177";"PREVISION";"AEA1241XX";"";"01/12/2026";"01/12/2026";1809;0;1809;
"AERECO WENTYLACJA Sp. z.o.o";"NOR";"26030000151211";"PREVISION";"AEA1242XX";"";"01/12/2026";"01/12/2026";12;0;12;
"AERECO WENTYLACJA Sp. z.o.o";"NOR";"26030000151234";"PREVISION";"AEA1243XX";"";"01/12/2026";"01/12/2026";1440;0;1440;
"AERECO GmbH";"";"26030000151270";"PREVISION";"AEA1335EX";"";"01/12/2026";"01/12/2026";2;0;2;
"AERECO GmbH";"";"26030000151309";"PREVISION";"AEA1339EX";"";"01/12/2026";"01/12/2026";11;0;11;
"AERECO GmbH";"";"26030000151340";"PREVISION";"AEA1426XX";"";"01/12/2026";"01/12/2026";4;0;4;
"AERECO GmbH";"NOR";"26030000151380";"PREVISION";"AEA1429XX";"";"01/12/2026";"01/12/2026";8;0;8;
"AERECO GmbH";"";"26030000151457";"PREVISION";"AEA1954XX";"";"01/12/2026";"01/12/2026";4;0;4;
"AERECO Ventilation AB";"";"26030000151497";"PREVISION";"AEA1955XX";"";"01/12/2026";"01/12/2026";4;0;4;
"AERECO Ventilation AB";"";"26030000151533";"PREVISION";"AEA1958XX";"";"01/12/2026";"01/12/2026";19;0;19;
"AERECO GmbH";"NOR";"26030000151573";"PREVISION";"AEA1992XX";"";"01/12/2026";"01/12/2026";45;0;45;
"AERECO GmbH";"";"26030000151680";"PREVISION";"AEA2115XX";"";"01/12/2026";"01/12/2026";29;0;29;
"AERECO GmbH";"NOR";"26030000151720";"PREVISION";"AEA301XX";"";"01/12/2026";"01/12/2026";42;0;42;
"AERECO GmbH";"NOR";"26030000151733";"PREVISION";"AEA317XX";"";"01/12/2026";"01/12/2026";200;0;200;
"AERECO GmbH";"";"26030000151772";"PREVISION";"AEA400GM";"";"01/12/2026";"01/12/2026";1;0;1;
"AERECO GmbH";"";"26030000151812";"PREVISION";"AEA453XX";"";"01/12/2026";"01/12/2026";15;0;15;
"AERECO GmbH";"NOR";"26030000151874";"PREVISION";"AEA731XX";"";"01/12/2026";"01/12/2026";1809;0;1809;
"AERECO GmbH";"NOR";"26030000151942";"PREVISION";"AEA775XX";"";"01/12/2026";"01/12/2026";88;0;88;
"AERECO GmbH";"";"26030000151971";"PREVISION";"AEA776XX";"";"01/12/2026";"01/12/2026";1;0;1;
"AERECO GmbH";"";"26030000152011";"PREVISION";"AEA778XX";"";"01/12/2026";"01/12/2026";19;0;19;
"AERECO GmbH";"NOR";"26030000152080";"PREVISION";"AEA809XX";"";"01/12/2026";"01/12/2026";7;0;7;
"AERECO GmbH";"NOR";"26030000152208";"PREVISION";"AEA942EX";"";"01/12/2026";"01/12/2026";44;0;44;
"AERECO GmbH";"";"26030000152248";"PREVISION";"AEA967XX";"";"01/12/2026";"01/12/2026";10;0;10;
"AERECO GmbH";"";"26030000152288";"PREVISION";"AEA968XX";"";"01/12/2026";"01/12/2026";2;0;2;
"AERECO GmbH";"NOR";"26030000152309";"PREVISION";"AVE055XX";"";"01/12/2026";"01/12/2026";400;0;400;
"AERECO GmbH";"NOR";"26030000152345";"PREVISION";"AVE056XX";"";"01/12/2026";"01/12/2026";10;0;10;
"AERECO GmbH";"NOR";"26030000152402";"PREVISION";"B3382";"";"01/12/2026";"01/12/2026";2;0;2;
"AERECO GmbH";"";"26030000152442";"PREVISION";"B3651";"";"01/12/2026";"01/12/2026";4;0;4;
"AERECO Ventilation AB";"NOR";"26030000152482";"PREVISION";"B6794";"";"01/12/2026";"01/12/2026";8;0;8;
"AERECO Ventilation AB";"";"26030000152522";"PREVISION";"B6796";"";"01/12/2026";"01/12/2026";4;0;4;
"AERECO GmbH";"NOR";"26030000152575";"PREVISION";"BFE2068GM";"";"01/12/2026";"01/12/2026";1;0;1;
"AERECO GmbH";"NOR";"26030000152633";"PREVISION";"BFX1931GM";"";"01/12/2026";"01/12/2026";19;0;19;
"AERECO GmbH";"";"26030000152666";"PREVISION";"BXC1889EX";"";"01/12/2026";"01/12/2026";1;0;1;
"AERECO GmbH";"NOR";"26030000152732";"PREVISION";"BXC1890GM";"";"01/12/2026";"01/12/2026";288;0;288;
"AERECO GmbH";"NOR";"26030000152763";"PREVISION";"BXC1891EX";"";"01/12/2026";"01/12/2026";5;0;5;
"AERECO GmbH";"NOR";"26030000152818";"PREVISION";"BXC1893GM";"";"01/12/2026";"01/12/2026";288;0;288;
"AERECO WENTYLACJA Sp. z.o.o";"NOR";"26030000152896";"PREVISION";"BXC1899EX";"";"01/12/2026";"01/12/2026";22;0;22;
"AERECO WENTYLACJA Sp. z.o.o";"NOR";"26030000152933";"PREVISION";"BXC1900EX";"";"01/12/2026";"01/12/2026";288;0;288;
"AERECO GmbH";"NOR";"26030000152952";"PREVISION";"BXC1900GM";"";"01/12/2026";"01/12/2026";288;0;288;
"AERECO WENTYLACJA Sp. z.o.o";"NOR";"26030000152981";"PREVISION";"BXC1901EX";"";"01/12/2026";"01/12/2026";3;0;3;
"AERECO GmbH";"NOR";"26030000153012";"PREVISION";"BXC1901GM";"";"01/12/2026";"01/12/2026";10;0;10;
"AERECO WENTYLACJA Sp. z.o.o";"";"26030000153049";"PREVISION";"BXC1902EX";"";"01/12/2026";"01/12/2026";3;0;3;
"AERECO WENTYLACJA Sp. z.o.o";"NOR";"26030000153087";"PREVISION";"BXC1903EX";"";"01/12/2026";"01/12/2026";8;0;8;
"AERECO GmbH";"NOR";"26030000153120";"PREVISION";"BXC1903GM";"";"01/12/2026";"01/12/2026";12;0;12;
"AERECO WENTYLACJA Sp. z.o.o";"NOR";"26030000153150";"PREVISION";"BXC1905EX";"";"01/12/2026";"01/12/2026";5;0;5;
"AERECO WENTYLACJA Sp. z.o.o";"NOR";"26030000153226";"PREVISION";"BXC1907EX";"";"01/12/2026";"01/12/2026";1152;0;1152;
"AERECO WENTYLACJA Sp. z.o.o";"NOR";"26030000153258";"PREVISION";"BXC1908EX";"";"01/12/2026";"01/12/2026";42;0;42;
"AERECO GmbH";"";"26030000153292";"PREVISION";"BXC1910EX";"";"01/12/2026";"01/12/2026";10;0;10;
"AERECO WENTYLACJA Sp. z.o.o";"";"26030000153321";"PREVISION";"BXC1912EX";"";"01/12/2026";"01/12/2026";1;0;1;
"AERECO WENTYLACJA Sp. z.o.o";"NOR";"26030000153354";"PREVISION";"BXC1915EX";"";"01/12/2026";"01/12/2026";6;0;6;
"AERECO GmbH";"NOR";"26030000153386";"PREVISION";"BXC1922GM";"";"01/12/2026";"01/12/2026";10;0;10;
"AERECO GmbH";"NOR";"26030000153421";"PREVISION";"BXC1923GM";"";"01/12/2026";"01/12/2026";5;0;5;
"AERECO GmbH";"NOR";"26030000153452";"PREVISION";"BXC1924GM";"";"01/12/2026";"01/12/2026";5;0;5;
"AERECO GmbH";"NOR";"26030000153487";"PREVISION";"BXC1925GM";"";"01/12/2026";"01/12/2026";16;0;16;
"AERECO Ventilation AB";"";"26030000153498";"PREVISION";"BXC1927XO";"";"01/12/2026";"01/12/2026";168;0;168;
"AERECO GmbH";"NOR";"26030000153526";"PREVISION";"BXC2138GM";"";"01/12/2026";"01/12/2026";13;0;13;
"AERECO GmbH";"";"26030000153563";"PREVISION";"BXC2139GM";"";"01/12/2026";"01/12/2026";8;0;8;
"AERECO GmbH";"NOR";"26030000153676";"PREVISION";"BXE2053GM";"";"01/12/2026";"01/12/2026";4;0;4;
"AERECO GmbH";"NOR";"26030000153772";"PREVISION";"BXE2065GM";"";"01/12/2026";"01/12/2026";1;0;1;
"AERECO GmbH";"NOR";"26030000153959";"PREVISION";"BXE2077GM";"";"01/12/2026";"01/12/2026";3;0;3;
"AERECO GmbH";"NOR";"26030000154035";"PREVISION";"BXE2078GM";"";"01/12/2026";"01/12/2026";5;0;5;
"AERECO GmbH";"NOR";"26030000154067";"PREVISION";"BXE2079GM";"";"01/12/2026";"01/12/2026";6;0;6;
"AERECO GmbH";"NOR";"26030000154103";"PREVISION";"BXE2080GM";"";"01/12/2026";"01/12/2026";1;0;1;
"AERECO GmbH";"NOR";"26030000154236";"PREVISION";"BXE2202GM";"";"01/12/2026";"01/12/2026";2;0;2;
"AERECO GmbH";"NOR";"26030000154280";"PREVISION";"C1339";"";"01/12/2026";"01/12/2026";16;0;16;
"AERECO GmbH";"NOR";"26030000154293";"PREVISION";"CAL261EX";"";"01/12/2026";"01/12/2026";500;0;500;
"AERECO GmbH";"";"26030000154329";"PREVISION";"EAF309EX";"";"01/12/2026";"01/12/2026";17;0;17;
"AERECO GmbH";"";"26030000154459";"PREVISION";"EAF323EX";"";"01/12/2026";"01/12/2026";17;0;17;
"AERECO GmbH";"";"26030000154495";"PREVISION";"EAR1245EX";"";"01/12/2026";"01/12/2026";20;0;20;
"AERECO GmbH";"NOR";"26030000154587";"PREVISION";"EAR2018GM";"";"01/12/2026";"01/12/2026";40;0;40;
"OOO VIVA LOGISTICS";"NOR";"26030000154629";"PREVISION";"EAR201EX";"";"01/12/2026";"01/12/2026";648;0;648;
"AERECO WENTYLACJA Sp. z.o.o";"NOR";"26030000154673";"PREVISION";"EAR201PO";"";"01/12/2026";"01/12/2026";1296;0;1296;
"AERECO WENTYLACJA Sp. z.o.o";"NOR";"26030000154809";"PREVISION";"EAR206PO";"";"01/12/2026";"01/12/2026";576;0;576;
"AERECO WENTYLACJA Sp. z.o.o";"NOR";"26030000154943";"PREVISION";"EFR174XX";"";"01/12/2026";"01/12/2026";3;0;3;
"AERECO GmbH";"NOR";"26030000155021";"PREVISION";"EHM1275GM";"";"01/12/2026";"01/12/2026";37;0;37;
"AERECO WENTYLACJA Sp. z.o.o";"";"26030000155060";"PREVISION";"EHM1276EX";"";"01/12/2026";"01/12/2026";31;0;31;
"AERECO GmbH";"NOR";"26030000155095";"PREVISION";"EHM1276GM";"";"01/12/2026";"01/12/2026";21;0;21;
"AERECO GmbH";"";"26030000155219";"PREVISION";"EHP1198GM";"";"01/12/2026";"01/12/2026";30;0;30;
"AERECO GmbH";"NOR";"26030000155287";"PREVISION";"EHP1219GM";"";"01/12/2026";"01/12/2026";20;0;20;
"AERECO GmbH";"";"26030000155321";"PREVISION";"EHP1222EX";"";"01/12/2026";"01/12/2026";1;0;1;
"ALDES S.p.A.";"";"26030000155387";"PREVISION";"EHT780EX";"";"01/12/2026";"01/12/2026";16;0;16;
"AERECO GmbH";"NOR";"26030000155418";"PREVISION";"EHT780GM";"";"01/12/2026";"01/12/2026";33;0;33;
"ALDES S.p.A.";"";"26030000155466";"PREVISION";"EHT969EX";"";"01/12/2026";"01/12/2026";1;0;1;
"AERECO WENTYLACJA Sp. z.o.o";"NOR";"26030000155520";"PREVISION";"EMM707PO";"";"01/12/2026";"01/12/2026";864;0;864;
"AERECO WENTYLACJA Sp. z.o.o";"NOR";"26030000155568";"PREVISION";"EMM716PO";"";"01/12/2026";"01/12/2026";2160;0;2160;
"AERECO Ventilation AB";"";"26030000155648";"PREVISION";"ETF1865EX";"";"01/12/2026";"01/12/2026";1;0;1;
"AERECO Ventilation AB";"NOR";"26030000155687";"PREVISION";"ETH1853EX";"";"01/12/2026";"01/12/2026";50;0;50;
"AERECO GmbH";"";"26030000155781";"PREVISION";"ETH2104GM";"";"01/12/2026";"01/12/2026";225;0;225;
"AERECO GmbH";"NOR";"26030000155843";"PREVISION";"FBE1089GM";"";"01/12/2026";"01/12/2026";50;0;50;
"AERECO GmbH";"";"26030000155899";"PREVISION";"G2H1064EX";"";"01/12/2026";"01/12/2026";4;0;4;
"AERECO GmbH";"NOR";"26030000155940";"PREVISION";"K3168";"";"01/12/2026";"01/12/2026";62;0;62;
"AERECO GmbH";"NOR";"26030000155979";"PREVISION";"K3338";"";"01/12/2026";"01/12/2026";39;0;39;
"AERECO GmbH";"";"26030000156018";"PREVISION";"SE3203";"";"01/12/2026";"01/12/2026";10;0;10;
"AERECO WENTYLACJA Sp. z.o.o";"NOR";"26030000156052";"PREVISION";"V2A032EX";"";"01/12/2026";"01/12/2026";2;0;2;
"AERECO GmbH";"";"26030000156083";"PREVISION";"V2A032GM";"";"01/12/2026";"01/12/2026";1;0;1;
"AERECO WENTYLACJA Sp. z.o.o";"NOR";"26030000156250";"PREVISION";"VBP2173PO";"";"01/12/2026";"01/12/2026";90;0;90;
"AERECO WENTYLACJA Sp. z.o.o";"NOR";"25120000102554";"PREVISION";"11016310";"";"02/12/2026";"02/12/2026";576;0;576;
"AERECO WENTYLACJA Sp. z.o.o";"MTS";"26030000111899";"PREVISION";"11016308";"";"07/12/2026";"07/12/2026";1200;0;1200;
"AERECO WENTYLACJA Sp. z.o.o";"NOR";"26030000111966";"PREVISION";"11016310";"";"07/12/2026";"07/12/2026";480;0;480;
"AERECO WENTYLACJA Sp. z.o.o";"MTS";"26030000111996";"PREVISION";"11016312";"";"07/12/2026";"07/12/2026";300;0;300;
"ALDES Venticontrol S.A.";"MTS";"AR2601487";"COMMANDE";"BDC1694AL";"F426-10184";"21/03/2026";"07/12/2026";432;0;432;
"AERECO GmbH";"";"26030000150789";"PREVISION";"A3772E";"";"08/12/2026";"08/12/2026";40;0;40;
"AERECO GmbH";"";"26030000150821";"PREVISION";"A4260";"";"08/12/2026";"08/12/2026";10;0;10;
"AERECO GmbH";"NOR";"26030000150861";"PREVISION";"A4581E01";"";"08/12/2026";"08/12/2026";8;0;8;
"AERECO GmbH";"";"26030000150892";"PREVISION";"A5650E01";"";"08/12/2026";"08/12/2026";1;0;1;
"AERECO WENTYLACJA Sp. z.o.o";"";"26030000150966";"PREVISION";"AEA098XX";"";"08/12/2026";"08/12/2026";40;0;40;
"AERECO GmbH";"NOR";"26030000150983";"PREVISION";"AEA100XX";"";"08/12/2026";"08/12/2026";11;0;11;
"AERECO GmbH";"NOR";"26030000151014";"PREVISION";"AEA1151XX";"";"08/12/2026";"08/12/2026";1080;0;1080;
"AERECO GmbH";"NOR";"26030000151038";"PREVISION";"AEA1152XX";"";"08/12/2026";"08/12/2026";1080;0;1080;
"AERECO GmbH";"NOR";"26030000151082";"PREVISION";"AEA1216GM";"";"08/12/2026";"08/12/2026";26;0;26;
"AERECO GmbH";"NOR";"26030000151117";"PREVISION";"AEA1217GM";"";"08/12/2026";"08/12/2026";33;0;33;
"AERECO WENTYLACJA Sp. z.o.o";"NOR";"26030000151212";"PREVISION";"AEA1242XX";"";"08/12/2026";"08/12/2026";12;0;12;
"AERECO GmbH";"";"26030000151271";"PREVISION";"AEA1335EX";"";"08/12/2026";"08/12/2026";2;0;2;
"AERECO GmbH";"";"26030000151310";"PREVISION";"AEA1339EX";"";"08/12/2026";"08/12/2026";11;0;11;
"AERECO GmbH";"";"26030000151341";"PREVISION";"AEA1426XX";"";"08/12/2026";"08/12/2026";4;0;4;
"AERECO GmbH";"NOR";"26030000151381";"PREVISION";"AEA1429XX";"";"08/12/2026";"08/12/2026";8;0;8;
"AERECO GmbH";"";"26030000151458";"PREVISION";"AEA1954XX";"";"08/12/2026";"08/12/2026";4;0;4;
"AERECO Ventilation AB";"";"26030000151498";"PREVISION";"AEA1955XX";"";"08/12/2026";"08/12/2026";4;0;4;
"AERECO Ventilation AB";"";"26030000151534";"PREVISION";"AEA1958XX";"";"08/12/2026";"08/12/2026";19;0;19;
"AERECO GmbH";"NOR";"26030000151574";"PREVISION";"AEA1992XX";"";"08/12/2026";"08/12/2026";45;0;45;
"AERECO GmbH";"";"26030000151681";"PREVISION";"AEA2115XX";"";"08/12/2026";"08/12/2026";29;0;29;
"AERECO GmbH";"NOR";"26030000151721";"PREVISION";"AEA301XX";"";"08/12/2026";"08/12/2026";42;0;42;
"AERECO GmbH";"";"26030000151773";"PREVISION";"AEA400GM";"";"08/12/2026";"08/12/2026";1;0;1;
"AERECO GmbH";"";"26030000151813";"PREVISION";"AEA453XX";"";"08/12/2026";"08/12/2026";15;0;15;
"AERECO GmbH";"NOR";"26030000151943";"PREVISION";"AEA775XX";"";"08/12/2026";"08/12/2026";88;0;88;
"AERECO GmbH";"";"26030000151972";"PREVISION";"AEA776XX";"";"08/12/2026";"08/12/2026";1;0;1;
"AERECO GmbH";"";"26030000152012";"PREVISION";"AEA778XX";"";"08/12/2026";"08/12/2026";19;0;19;
"AERECO GmbH";"NOR";"26030000152081";"PREVISION";"AEA809XX";"";"08/12/2026";"08/12/2026";7;0;7;
"AERECO GmbH";"NOR";"26030000152094";"PREVISION";"AEA827XX";"";"08/12/2026";"08/12/2026";1809;0;1809;
"AERECO WENTYLACJA Sp. z.o.o";"NOR";"26030000152159";"PREVISION";"AEA852XX";"";"08/12/2026";"08/12/2026";1440;0;1440;
"AERECO GmbH";"NOR";"26030000152209";"PREVISION";"AEA942EX";"";"08/12/2026";"08/12/2026";44;0;44;
"AERECO GmbH";"";"26030000152249";"PREVISION";"AEA967XX";"";"08/12/2026";"08/12/2026";10;0;10;
"AERECO GmbH";"";"26030000152289";"PREVISION";"AEA968XX";"";"08/12/2026";"08/12/2026";2;0;2;
"AERECO GmbH";"NOR";"26030000152346";"PREVISION";"AVE056XX";"";"08/12/2026";"08/12/2026";10;0;10;
"AERECO GmbH";"NOR";"26030000152403";"PREVISION";"B3382";"";"08/12/2026";"08/12/2026";2;0;2;
"AERECO GmbH";"";"26030000152443";"PREVISION";"B3651";"";"08/12/2026";"08/12/2026";4;0;4;
"AERECO Ventilation AB";"NOR";"26030000152483";"PREVISION";"B6794";"";"08/12/2026";"08/12/2026";8;0;8;
"AERECO Ventilation AB";"";"26030000152523";"PREVISION";"B6796";"";"08/12/2026";"08/12/2026";4;0;4;
"AERECO GmbH";"NOR";"26030000152576";"PREVISION";"BFE2068GM";"";"08/12/2026";"08/12/2026";1;0;1;
"AERECO GmbH";"NOR";"26030000152634";"PREVISION";"BFX1931GM";"";"08/12/2026";"08/12/2026";19;0;19;
"AERECO GmbH";"";"26030000152667";"PREVISION";"BXC1889EX";"";"08/12/2026";"08/12/2026";1;0;1;
"AERECO GmbH";"NOR";"26030000152733";"PREVISION";"BXC1890GM";"";"08/12/2026";"08/12/2026";288;0;288;
"AERECO GmbH";"NOR";"26030000152764";"PREVISION";"BXC1891EX";"";"08/12/2026";"08/12/2026";5;0;5;
"AERECO WENTYLACJA Sp. z.o.o";"NOR";"26030000152897";"PREVISION";"BXC1899EX";"";"08/12/2026";"08/12/2026";22;0;22;
"AERECO WENTYLACJA Sp. z.o.o";"NOR";"26030000152982";"PREVISION";"BXC1901EX";"";"08/12/2026";"08/12/2026";3;0;3;
"AERECO GmbH";"NOR";"26030000153013";"PREVISION";"BXC1901GM";"";"08/12/2026";"08/12/2026";10;0;10;
"AERECO WENTYLACJA Sp. z.o.o";"";"26030000153050";"PREVISION";"BXC1902EX";"";"08/12/2026";"08/12/2026";3;0;3;
"AERECO WENTYLACJA Sp. z.o.o";"NOR";"26030000153088";"PREVISION";"BXC1903EX";"";"08/12/2026";"08/12/2026";8;0;8;
"AERECO GmbH";"NOR";"26030000153121";"PREVISION";"BXC1903GM";"";"08/12/2026";"08/12/2026";12;0;12;
"AERECO WENTYLACJA Sp. z.o.o";"NOR";"26030000153151";"PREVISION";"BXC1905EX";"";"08/12/2026";"08/12/2026";5;0;5;
"AERECO WENTYLACJA Sp. z.o.o";"NOR";"26030000153259";"PREVISION";"BXC1908EX";"";"08/12/2026";"08/12/2026";42;0;42;
"AERECO GmbH";"";"26030000153293";"PREVISION";"BXC1910EX";"";"08/12/2026";"08/12/2026";10;0;10;
"AERECO WENTYLACJA Sp. z.o.o";"";"26030000153322";"PREVISION";"BXC1912EX";"";"08/12/2026";"08/12/2026";1;0;1;
"AERECO WENTYLACJA Sp. z.o.o";"NOR";"26030000153355";"PREVISION";"BXC1915EX";"";"08/12/2026";"08/12/2026";6;0;6;
"AERECO GmbH";"NOR";"26030000153387";"PREVISION";"BXC1922GM";"";"08/12/2026";"08/12/2026";10;0;10;
"AERECO GmbH";"NOR";"26030000153422";"PREVISION";"BXC1923GM";"";"08/12/2026";"08/12/2026";5;0;5;
"AERECO GmbH";"NOR";"26030000153453";"PREVISION";"BXC1924GM";"";"08/12/2026";"08/12/2026";5;0;5;
"AERECO GmbH";"NOR";"26030000153488";"PREVISION";"BXC1925GM";"";"08/12/2026";"08/12/2026";16;0;16;
"AERECO GmbH";"NOR";"26030000153527";"PREVISION";"BXC2138GM";"";"08/12/2026";"08/12/2026";13;0;13;
"AERECO GmbH";"";"26030000153564";"PREVISION";"BXC2139GM";"";"08/12/2026";"08/12/2026";8;0;8;
"AERECO GmbH";"NOR";"26030000153677";"PREVISION";"BXE2053GM";"";"08/12/2026";"08/12/2026";4;0;4;
"AERECO GmbH";"NOR";"26030000153773";"PREVISION";"BXE2065GM";"";"08/12/2026";"08/12/2026";1;0;1;
"AERECO GmbH";"NOR";"26030000153960";"PREVISION";"BXE2077GM";"";"08/12/2026";"08/12/2026";3;0;3;
"AERECO GmbH";"NOR";"26030000154036";"PREVISION";"BXE2078GM";"";"08/12/2026";"08/12/2026";5;0;5;
"AERECO GmbH";"NOR";"26030000154068";"PREVISION";"BXE2079GM";"";"08/12/2026";"08/12/2026";6;0;6;
"AERECO GmbH";"NOR";"26030000154104";"PREVISION";"BXE2080GM";"";"08/12/2026";"08/12/2026";1;0;1;
"AERECO GmbH";"NOR";"26030000154237";"PREVISION";"BXE2202GM";"";"08/12/2026";"08/12/2026";2;0;2;
"AERECO WENTYLACJA Sp. z.o.o";"NOR";"26030000154253";"PREVISION";"BXL888PO";"";"08/12/2026";"08/12/2026";576;0;576;
"AERECO GmbH";"NOR";"26030000154281";"PREVISION";"C1339";"";"08/12/2026";"08/12/2026";16;0;16;
"AERECO GmbH";"";"26030000154330";"PREVISION";"EAF309EX";"";"08/12/2026";"08/12/2026";17;0;17;
"AERECO GmbH";"";"26030000154460";"PREVISION";"EAF323EX";"";"08/12/2026";"08/12/2026";17;0;17;
"AERECO GmbH";"";"26030000154496";"PREVISION";"EAR1245EX";"";"08/12/2026";"08/12/2026";20;0;20;
"AERECO GmbH";"NOR";"26030000154559";"PREVISION";"EAR200GM";"";"08/12/2026";"08/12/2026";720;0;720;
"AERECO GmbH";"NOR";"26030000154588";"PREVISION";"EAR2018GM";"";"08/12/2026";"08/12/2026";40;0;40;
"AERECO GmbH";"";"26030000154641";"PREVISION";"EAR201GM";"";"08/12/2026";"08/12/2026";648;0;648;
"AERECO WENTYLACJA Sp. z.o.o";"NOR";"26030000154674";"PREVISION";"EAR201PO";"";"08/12/2026";"08/12/2026";648;0;648;
"AERECO WENTYLACJA Sp. z.o.o";"NOR";"26030000154810";"PREVISION";"EAR206PO";"";"08/12/2026";"08/12/2026";576;0;576;
"AERECO WENTYLACJA Sp. z.o.o";"NOR";"26030000154944";"PREVISION";"EFR174XX";"";"08/12/2026";"08/12/2026";3;0;3;
"AERECO GmbH";"NOR";"26030000155022";"PREVISION";"EHM1275GM";"";"08/12/2026";"08/12/2026";37;0;37;
"AERECO WENTYLACJA Sp. z.o.o";"";"26030000155061";"PREVISION";"EHM1276EX";"";"08/12/2026";"08/12/2026";31;0;31;
"AERECO GmbH";"NOR";"26030000155096";"PREVISION";"EHM1276GM";"";"08/12/2026";"08/12/2026";21;0;21;
"AERECO GmbH";"";"26030000155220";"PREVISION";"EHP1198GM";"";"08/12/2026";"08/12/2026";30;0;30;
"AERECO GmbH";"NOR";"26030000155288";"PREVISION";"EHP1219GM";"";"08/12/2026";"08/12/2026";20;0;20;
"AERECO GmbH";"";"26030000155322";"PREVISION";"EHP1222EX";"";"08/12/2026";"08/12/2026";1;0;1;
"AERECO GmbH";"NOR";"26030000155337";"PREVISION";"EHP1874GM";"";"08/12/2026";"08/12/2026";1080;0;1080;
"AERECO GmbH";"";"26030000155352";"PREVISION";"EHP1875GM";"";"08/12/2026";"08/12/2026";1080;0;1080;
"ALDES S.p.A.";"";"26030000155388";"PREVISION";"EHT780EX";"";"08/12/2026";"08/12/2026";16;0;16;
"AERECO GmbH";"NOR";"26030000155419";"PREVISION";"EHT780GM";"";"08/12/2026";"08/12/2026";33;0;33;
"AERECO WENTYLACJA Sp. z.o.o";"NOR";"26030000155439";"PREVISION";"EHT780PO";"";"08/12/2026";"08/12/2026";720;0;720;
"ALDES S.p.A.";"";"26030000155467";"PREVISION";"EHT969EX";"";"08/12/2026";"08/12/2026";1;0;1;
"AERECO WENTYLACJA Sp. z.o.o";"NOR";"26030000155521";"PREVISION";"EMM707PO";"";"08/12/2026";"08/12/2026";864;0;864;
"AERECO WENTYLACJA Sp. z.o.o";"NOR";"26030000155569";"PREVISION";"EMM716PO";"";"08/12/2026";"08/12/2026";1080;0;1080;
"AERECO Ventilation AB";"";"26030000155649";"PREVISION";"ETF1865EX";"";"08/12/2026";"08/12/2026";1;0;1;
"AERECO Ventilation AB";"NOR";"26030000155688";"PREVISION";"ETH1853EX";"";"08/12/2026";"08/12/2026";50;0;50;
"AERECO Ventilation AB";"NOR";"26030000155713";"PREVISION";"ETH1984EX";"";"08/12/2026";"08/12/2026";576;0;576;
"AERECO GmbH";"NOR";"26030000155844";"PREVISION";"FBE1089GM";"";"08/12/2026";"08/12/2026";50;0;50;
"AERECO GmbH";"";"26030000155900";"PREVISION";"G2H1064EX";"";"08/12/2026";"08/12/2026";4;0;4;
"AERECO GmbH";"NOR";"26030000155941";"PREVISION";"K3168";"";"08/12/2026";"08/12/2026";62;0;62;
"AERECO GmbH";"NOR";"26030000155980";"PREVISION";"K3338";"";"08/12/2026";"08/12/2026";39;0;39;
"AERECO GmbH";"";"26030000156019";"PREVISION";"SE3203";"";"08/12/2026";"08/12/2026";10;0;10;
"AERECO WENTYLACJA Sp. z.o.o";"NOR";"26030000156053";"PREVISION";"V2A032EX";"";"08/12/2026";"08/12/2026";2;0;2;
"AERECO GmbH";"";"26030000156084";"PREVISION";"V2A032GM";"";"08/12/2026";"08/12/2026";1;0;1;
"AERECO WENTYLACJA Sp. z.o.o";"MTS";"26030000111934";"PREVISION";"11016309";"";"14/12/2026";"14/12/2026";720;0;720;
"AERECO WENTYLACJA Sp. z.o.o";"";"26030000112690";"PREVISION";"11019095";"";"14/12/2026";"14/12/2026";240;0;240;
"AERECO WENTYLACJA Sp. z.o.o";"NOR";"26030000150679";"PREVISION";"11016310";"";"15/12/2026";"15/12/2026";576;0;576;
"AERECO WENTYLACJA Sp. z.o.o";"NOR";"26030000150729";"PREVISION";"11819091";"";"15/12/2026";"15/12/2026";720;0;720;
"AERECO GmbH";"";"26030000150790";"PREVISION";"A3772E";"";"15/12/2026";"15/12/2026";40;0;40;
"AERECO GmbH";"";"26030000150822";"PREVISION";"A4260";"";"15/12/2026";"15/12/2026";10;0;10;
"AERECO GmbH";"NOR";"26030000150862";"PREVISION";"A4581E01";"";"15/12/2026";"15/12/2026";8;0;8;
"AERECO GmbH";"";"26030000150893";"PREVISION";"A5650E01";"";"15/12/2026";"15/12/2026";1;0;1;
"AERECO WENTYLACJA Sp. z.o.o";"";"26030000150967";"PREVISION";"AEA098XX";"";"15/12/2026";"15/12/2026";40;0;40;
"AERECO GmbH";"NOR";"26030000150984";"PREVISION";"AEA100XX";"";"15/12/2026";"15/12/2026";11;0;11;
"AERECO GmbH";"NOR";"26030000151083";"PREVISION";"AEA1216GM";"";"15/12/2026";"15/12/2026";26;0;26;
"AERECO GmbH";"NOR";"26030000151118";"PREVISION";"AEA1217GM";"";"15/12/2026";"15/12/2026";33;0;33;
"AERECO GmbH";"NOR";"26030000151178";"PREVISION";"AEA1241XX";"";"15/12/2026";"15/12/2026";1809;0;1809;
"AERECO WENTYLACJA Sp. z.o.o";"NOR";"26030000151213";"PREVISION";"AEA1242XX";"";"15/12/2026";"15/12/2026";12;0;12;
"AERECO GmbH";"";"26030000151272";"PREVISION";"AEA1335EX";"";"15/12/2026";"15/12/2026";2;0;2;
"AERECO GmbH";"";"26030000151311";"PREVISION";"AEA1339EX";"";"15/12/2026";"15/12/2026";11;0;11;
"AERECO GmbH";"";"26030000151342";"PREVISION";"AEA1426XX";"";"15/12/2026";"15/12/2026";4;0;4;
"AERECO GmbH";"NOR";"26030000151382";"PREVISION";"AEA1429XX";"";"15/12/2026";"15/12/2026";8;0;8;
"AERECO GmbH";"";"26030000151459";"PREVISION";"AEA1954XX";"";"15/12/2026";"15/12/2026";4;0;4;
"AERECO Ventilation AB";"";"26030000151499";"PREVISION";"AEA1955XX";"";"15/12/2026";"15/12/2026";4;0;4;
"AERECO Ventilation AB";"";"26030000151535";"PREVISION";"AEA1958XX";"";"15/12/2026";"15/12/2026";19;0;19;
"AERECO GmbH";"NOR";"26030000151575";"PREVISION";"AEA1992XX";"";"15/12/2026";"15/12/2026";45;0;45;
"AERECO GmbH";"";"26030000151682";"PREVISION";"AEA2115XX";"";"15/12/2026";"15/12/2026";29;0;29;
"AERECO GmbH";"NOR";"26030000151722";"PREVISION";"AEA301XX";"";"15/12/2026";"15/12/2026";42;0;42;
"AERECO GmbH";"";"26030000151774";"PREVISION";"AEA400GM";"";"15/12/2026";"15/12/2026";1;0;1;
"AERECO GmbH";"";"26030000151814";"PREVISION";"AEA453XX";"";"15/12/2026";"15/12/2026";15;0;15;
"AERECO GmbH";"NOR";"26030000151875";"PREVISION";"AEA731XX";"";"15/12/2026";"15/12/2026";1809;0;1809;
"AERECO GmbH";"NOR";"26030000151944";"PREVISION";"AEA775XX";"";"15/12/2026";"15/12/2026";88;0;88;
"AERECO GmbH";"";"26030000151973";"PREVISION";"AEA776XX";"";"15/12/2026";"15/12/2026";1;0;1;
"AERECO GmbH";"";"26030000152013";"PREVISION";"AEA778XX";"";"15/12/2026";"15/12/2026";19;0;19;
"AERECO GmbH";"NOR";"26030000152082";"PREVISION";"AEA809XX";"";"15/12/2026";"15/12/2026";7;0;7;
"AERECO GmbH";"NOR";"26030000152210";"PREVISION";"AEA942EX";"";"15/12/2026";"15/12/2026";44;0;44;
"AERECO GmbH";"";"26030000152250";"PREVISION";"AEA967XX";"";"15/12/2026";"15/12/2026";10;0;10;
"AERECO GmbH";"";"26030000152290";"PREVISION";"AEA968XX";"";"15/12/2026";"15/12/2026";2;0;2;
"AERECO GmbH";"NOR";"26030000152347";"PREVISION";"AVE056XX";"";"15/12/2026";"15/12/2026";10;0;10;
"AERECO GmbH";"NOR";"26030000152404";"PREVISION";"B3382";"";"15/12/2026";"15/12/2026";2;0;2;
"AERECO GmbH";"";"26030000152444";"PREVISION";"B3651";"";"15/12/2026";"15/12/2026";4;0;4;
"AERECO Ventilation AB";"NOR";"26030000152484";"PREVISION";"B6794";"";"15/12/2026";"15/12/2026";8;0;8;
"AERECO Ventilation AB";"";"26030000152524";"PREVISION";"B6796";"";"15/12/2026";"15/12/2026";4;0;4;
"AERECO GmbH";"NOR";"26030000152577";"PREVISION";"BFE2068GM";"";"15/12/2026";"15/12/2026";1;0;1;
"AERECO GmbH";"NOR";"26030000152635";"PREVISION";"BFX1931GM";"";"15/12/2026";"15/12/2026";19;0;19;
"AERECO GmbH";"";"26030000152668";"PREVISION";"BXC1889EX";"";"15/12/2026";"15/12/2026";1;0;1;
"AERECO GmbH";"NOR";"26030000152734";"PREVISION";"BXC1890GM";"";"15/12/2026";"15/12/2026";288;0;288;
"AERECO GmbH";"NOR";"26030000152765";"PREVISION";"BXC1891EX";"";"15/12/2026";"15/12/2026";5;0;5;
"AERECO WENTYLACJA Sp. z.o.o";"NOR";"26030000152898";"PREVISION";"BXC1899EX";"";"15/12/2026";"15/12/2026";22;0;22;
"AERECO WENTYLACJA Sp. z.o.o";"NOR";"26030000152934";"PREVISION";"BXC1900EX";"";"15/12/2026";"15/12/2026";288;0;288;
"AERECO WENTYLACJA Sp. z.o.o";"NOR";"26030000152983";"PREVISION";"BXC1901EX";"";"15/12/2026";"15/12/2026";3;0;3;
"AERECO GmbH";"NOR";"26030000153014";"PREVISION";"BXC1901GM";"";"15/12/2026";"15/12/2026";10;0;10;
"AERECO WENTYLACJA Sp. z.o.o";"";"26030000153051";"PREVISION";"BXC1902EX";"";"15/12/2026";"15/12/2026";3;0;3;
"AERECO WENTYLACJA Sp. z.o.o";"NOR";"26030000153089";"PREVISION";"BXC1903EX";"";"15/12/2026";"15/12/2026";8;0;8;
"AERECO GmbH";"NOR";"26030000153122";"PREVISION";"BXC1903GM";"";"15/12/2026";"15/12/2026";12;0;12;
"AERECO WENTYLACJA Sp. z.o.o";"NOR";"26030000153152";"PREVISION";"BXC1905EX";"";"15/12/2026";"15/12/2026";5;0;5;
"AERECO WENTYLACJA Sp. z.o.o";"NOR";"26030000153227";"PREVISION";"BXC1907EX";"";"15/12/2026";"15/12/2026";1152;0;1152;
"AERECO WENTYLACJA Sp. z.o.o";"NOR";"26030000153260";"PREVISION";"BXC1908EX";"";"15/12/2026";"15/12/2026";42;0;42;
"AERECO GmbH";"";"26030000153294";"PREVISION";"BXC1910EX";"";"15/12/2026";"15/12/2026";10;0;10;
"AERECO WENTYLACJA Sp. z.o.o";"";"26030000153323";"PREVISION";"BXC1912EX";"";"15/12/2026";"15/12/2026";1;0;1;
"AERECO WENTYLACJA Sp. z.o.o";"NOR";"26030000153356";"PREVISION";"BXC1915EX";"";"15/12/2026";"15/12/2026";6;0;6;
"AERECO GmbH";"NOR";"26030000153388";"PREVISION";"BXC1922GM";"";"15/12/2026";"15/12/2026";10;0;10;
"AERECO GmbH";"NOR";"26030000153423";"PREVISION";"BXC1923GM";"";"15/12/2026";"15/12/2026";5;0;5;
"AERECO GmbH";"NOR";"26030000153454";"PREVISION";"BXC1924GM";"";"15/12/2026";"15/12/2026";5;0;5;
"AERECO GmbH";"NOR";"26030000153489";"PREVISION";"BXC1925GM";"";"15/12/2026";"15/12/2026";16;0;16;
"AERECO GmbH";"NOR";"26030000153528";"PREVISION";"BXC2138GM";"";"15/12/2026";"15/12/2026";13;0;13;
"AERECO GmbH";"";"26030000153565";"PREVISION";"BXC2139GM";"";"15/12/2026";"15/12/2026";8;0;8;
"AERECO GmbH";"NOR";"26030000153678";"PREVISION";"BXE2053GM";"";"15/12/2026";"15/12/2026";4;0;4;
"AERECO GmbH";"NOR";"26030000153774";"PREVISION";"BXE2065GM";"";"15/12/2026";"15/12/2026";1;0;1;
"AERECO GmbH";"NOR";"26030000153961";"PREVISION";"BXE2077GM";"";"15/12/2026";"15/12/2026";3;0;3;
"AERECO GmbH";"NOR";"26030000154037";"PREVISION";"BXE2078GM";"";"15/12/2026";"15/12/2026";5;0;5;
"AERECO GmbH";"NOR";"26030000154069";"PREVISION";"BXE2079GM";"";"15/12/2026";"15/12/2026";6;0;6;
"AERECO GmbH";"NOR";"26030000154105";"PREVISION";"BXE2080GM";"";"15/12/2026";"15/12/2026";1;0;1;
"AERECO GmbH";"NOR";"26030000154238";"PREVISION";"BXE2202GM";"";"15/12/2026";"15/12/2026";2;0;2;
"AERECO GmbH";"NOR";"26030000154282";"PREVISION";"C1339";"";"15/12/2026";"15/12/2026";16;0;16;
"AERECO GmbH";"";"26030000154331";"PREVISION";"EAF309EX";"";"15/12/2026";"15/12/2026";17;0;17;
"AERECO GmbH";"";"26030000154461";"PREVISION";"EAF323EX";"";"15/12/2026";"15/12/2026";17;0;17;
"AERECO GmbH";"";"26030000154497";"PREVISION";"EAR1245EX";"";"15/12/2026";"15/12/2026";20;0;20;
"AERECO GmbH";"NOR";"26030000154589";"PREVISION";"EAR2018GM";"";"15/12/2026";"15/12/2026";40;0;40;
"AERECO WENTYLACJA Sp. z.o.o";"NOR";"26030000154675";"PREVISION";"EAR201PO";"";"15/12/2026";"15/12/2026";648;0;648;
"AERECO WENTYLACJA Sp. z.o.o";"NOR";"26030000154811";"PREVISION";"EAR206PO";"";"15/12/2026";"15/12/2026";576;0;576;
"AERECO WENTYLACJA Sp. z.o.o";"NOR";"26030000154945";"PREVISION";"EFR174XX";"";"15/12/2026";"15/12/2026";3;0;3;
"AERECO GmbH";"NOR";"26030000155023";"PREVISION";"EHM1275GM";"";"15/12/2026";"15/12/2026";37;0;37;
"AERECO WENTYLACJA Sp. z.o.o";"";"26030000155062";"PREVISION";"EHM1276EX";"";"15/12/2026";"15/12/2026";31;0;31;
"AERECO GmbH";"NOR";"26030000155097";"PREVISION";"EHM1276GM";"";"15/12/2026";"15/12/2026";21;0;21;
"AERECO GmbH";"";"26030000155221";"PREVISION";"EHP1198GM";"";"15/12/2026";"15/12/2026";30;0;30;
"AERECO GmbH";"NOR";"26030000155289";"PREVISION";"EHP1219GM";"";"15/12/2026";"15/12/2026";20;0;20;
"AERECO GmbH";"";"26030000155323";"PREVISION";"EHP1222EX";"";"15/12/2026";"15/12/2026";1;0;1;
"ALDES S.p.A.";"";"26030000155389";"PREVISION";"EHT780EX";"";"15/12/2026";"15/12/2026";16;0;16;
"AERECO GmbH";"NOR";"26030000155420";"PREVISION";"EHT780GM";"";"15/12/2026";"15/12/2026";33;0;33;
"ALDES S.p.A.";"";"26030000155468";"PREVISION";"EHT969EX";"";"15/12/2026";"15/12/2026";1;0;1;
"AERECO WENTYLACJA Sp. z.o.o";"NOR";"26030000155522";"PREVISION";"EMM707PO";"";"15/12/2026";"15/12/2026";864;0;864;
"AERECO WENTYLACJA Sp. z.o.o";"NOR";"26030000155570";"PREVISION";"EMM716PO";"";"15/12/2026";"15/12/2026";1080;0;1080;
"AERECO Ventilation AB";"";"26030000155650";"PREVISION";"ETF1865EX";"";"15/12/2026";"15/12/2026";1;0;1;
"AERECO Ventilation AB";"NOR";"26030000155689";"PREVISION";"ETH1853EX";"";"15/12/2026";"15/12/2026";50;0;50;
"AERECO GmbH";"";"26030000155782";"PREVISION";"ETH2104GM";"";"15/12/2026";"15/12/2026";225;0;225;
"AERECO GmbH";"NOR";"26030000155845";"PREVISION";"FBE1089GM";"";"15/12/2026";"15/12/2026";50;0;50;
"AERECO GmbH";"";"26030000155901";"PREVISION";"G2H1064EX";"";"15/12/2026";"15/12/2026";4;0;4;
"AERECO GmbH";"NOR";"26030000155942";"PREVISION";"K3168";"";"15/12/2026";"15/12/2026";62;0;62;
"AERECO GmbH";"NOR";"26030000155981";"PREVISION";"K3338";"";"15/12/2026";"15/12/2026";39;0;39;
"AERECO GmbH";"";"26030000156020";"PREVISION";"SE3203";"";"15/12/2026";"15/12/2026";10;0;10;
"AERECO WENTYLACJA Sp. z.o.o";"NOR";"26030000156054";"PREVISION";"V2A032EX";"";"15/12/2026";"15/12/2026";2;0;2;
"AERECO GmbH";"";"26030000156085";"PREVISION";"V2A032GM";"";"15/12/2026";"15/12/2026";1;0;1;
"AERECO WENTYLACJA Sp. z.o.o";"NOR";"26030000156251";"PREVISION";"VBP2173PO";"";"15/12/2026";"15/12/2026";90;0;90;
"AERECO WENTYLACJA Sp. z.o.o";"MTS";"26030000111997";"PREVISION";"11016312";"";"21/12/2026";"21/12/2026";300;0;300;
"ALDES ";"MTS";"AR2600563";"COMMANDE";"11035405";"F426-09963";"29/01/2026";"22/12/2026";224;0;224;
"AERECO GmbH";"";"26030000150791";"PREVISION";"A3772E";"";"22/12/2026";"22/12/2026";40;0;40;
"AERECO GmbH";"";"26030000150823";"PREVISION";"A4260";"";"22/12/2026";"22/12/2026";10;0;10;
"AERECO GmbH";"NOR";"26030000150863";"PREVISION";"A4581E01";"";"22/12/2026";"22/12/2026";8;0;8;
"AERECO GmbH";"";"26030000150894";"PREVISION";"A5650E01";"";"22/12/2026";"22/12/2026";1;0;1;
"AERECO WENTYLACJA Sp. z.o.o";"";"26030000150968";"PREVISION";"AEA098XX";"";"22/12/2026";"22/12/2026";40;0;40;
"AERECO GmbH";"NOR";"26030000150985";"PREVISION";"AEA100XX";"";"22/12/2026";"22/12/2026";11;0;11;
"AERECO GmbH";"NOR";"26030000151084";"PREVISION";"AEA1216GM";"";"22/12/2026";"22/12/2026";26;0;26;
"AERECO GmbH";"NOR";"26030000151119";"PREVISION";"AEA1217GM";"";"22/12/2026";"22/12/2026";33;0;33;
"AERECO WENTYLACJA Sp. z.o.o";"NOR";"26030000151214";"PREVISION";"AEA1242XX";"";"22/12/2026";"22/12/2026";12;0;12;
"AERECO GmbH";"";"26030000151273";"PREVISION";"AEA1335EX";"";"22/12/2026";"22/12/2026";2;0;2;
"AERECO GmbH";"";"26030000151312";"PREVISION";"AEA1339EX";"";"22/12/2026";"22/12/2026";11;0;11;
"AERECO GmbH";"";"26030000151343";"PREVISION";"AEA1426XX";"";"22/12/2026";"22/12/2026";4;0;4;
"AERECO GmbH";"NOR";"26030000151383";"PREVISION";"AEA1429XX";"";"22/12/2026";"22/12/2026";8;0;8;
"AERECO GmbH";"";"26030000151460";"PREVISION";"AEA1954XX";"";"22/12/2026";"22/12/2026";4;0;4;
"AERECO Ventilation AB";"";"26030000151500";"PREVISION";"AEA1955XX";"";"22/12/2026";"22/12/2026";4;0;4;
"AERECO Ventilation AB";"";"26030000151536";"PREVISION";"AEA1958XX";"";"22/12/2026";"22/12/2026";19;0;19;
"AERECO GmbH";"NOR";"26030000151576";"PREVISION";"AEA1992XX";"";"22/12/2026";"22/12/2026";45;0;45;
"AERECO GmbH";"";"26030000151683";"PREVISION";"AEA2115XX";"";"22/12/2026";"22/12/2026";29;0;29;
"AERECO GmbH";"NOR";"26030000151723";"PREVISION";"AEA301XX";"";"22/12/2026";"22/12/2026";42;0;42;
"AERECO GmbH";"";"26030000151775";"PREVISION";"AEA400GM";"";"22/12/2026";"22/12/2026";1;0;1;
"AERECO GmbH";"";"26030000151815";"PREVISION";"AEA453XX";"";"22/12/2026";"22/12/2026";15;0;15;
"AERECO GmbH";"NOR";"26030000151945";"PREVISION";"AEA775XX";"";"22/12/2026";"22/12/2026";88;0;88;
"AERECO GmbH";"";"26030000151974";"PREVISION";"AEA776XX";"";"22/12/2026";"22/12/2026";1;0;1;
"AERECO GmbH";"";"26030000152014";"PREVISION";"AEA778XX";"";"22/12/2026";"22/12/2026";19;0;19;
"AERECO GmbH";"NOR";"26030000152083";"PREVISION";"AEA809XX";"";"22/12/2026";"22/12/2026";7;0;7;
"AERECO GmbH";"NOR";"26030000152211";"PREVISION";"AEA942EX";"";"22/12/2026";"22/12/2026";44;0;44;
"AERECO GmbH";"";"26030000152251";"PREVISION";"AEA967XX";"";"22/12/2026";"22/12/2026";10;0;10;
"AERECO GmbH";"";"26030000152291";"PREVISION";"AEA968XX";"";"22/12/2026";"22/12/2026";2;0;2;
"AERECO GmbH";"NOR";"26030000152348";"PREVISION";"AVE056XX";"";"22/12/2026";"22/12/2026";10;0;10;
"AERECO GmbH";"NOR";"26030000152405";"PREVISION";"B3382";"";"22/12/2026";"22/12/2026";2;0;2;
"AERECO GmbH";"";"26030000152445";"PREVISION";"B3651";"";"22/12/2026";"22/12/2026";4;0;4;
"AERECO Ventilation AB";"NOR";"26030000152485";"PREVISION";"B6794";"";"22/12/2026";"22/12/2026";8;0;8;
"AERECO Ventilation AB";"";"26030000152525";"PREVISION";"B6796";"";"22/12/2026";"22/12/2026";4;0;4;
"AERECO GmbH";"NOR";"26030000152578";"PREVISION";"BFE2068GM";"";"22/12/2026";"22/12/2026";1;0;1;
"AERECO GmbH";"NOR";"26030000152636";"PREVISION";"BFX1931GM";"";"22/12/2026";"22/12/2026";19;0;19;
"AERECO GmbH";"";"26030000152669";"PREVISION";"BXC1889EX";"";"22/12/2026";"22/12/2026";1;0;1;
"AERECO GmbH";"NOR";"26030000152766";"PREVISION";"BXC1891EX";"";"22/12/2026";"22/12/2026";5;0;5;
"AERECO WENTYLACJA Sp. z.o.o";"NOR";"26030000152899";"PREVISION";"BXC1899EX";"";"22/12/2026";"22/12/2026";22;0;22;
"AERECO WENTYLACJA Sp. z.o.o";"NOR";"26030000152984";"PREVISION";"BXC1901EX";"";"22/12/2026";"22/12/2026";3;0;3;
"AERECO GmbH";"NOR";"26030000153015";"PREVISION";"BXC1901GM";"";"22/12/2026";"22/12/2026";10;0;10;
"AERECO WENTYLACJA Sp. z.o.o";"";"26030000153052";"PREVISION";"BXC1902EX";"";"22/12/2026";"22/12/2026";3;0;3;
"AERECO WENTYLACJA Sp. z.o.o";"NOR";"26030000153090";"PREVISION";"BXC1903EX";"";"22/12/2026";"22/12/2026";8;0;8;
"AERECO GmbH";"NOR";"26030000153123";"PREVISION";"BXC1903GM";"";"22/12/2026";"22/12/2026";12;0;12;
"AERECO WENTYLACJA Sp. z.o.o";"NOR";"26030000153153";"PREVISION";"BXC1905EX";"";"22/12/2026";"22/12/2026";5;0;5;
"AERECO WENTYLACJA Sp. z.o.o";"NOR";"26030000153261";"PREVISION";"BXC1908EX";"";"22/12/2026";"22/12/2026";42;0;42;
"AERECO GmbH";"";"26030000153295";"PREVISION";"BXC1910EX";"";"22/12/2026";"22/12/2026";10;0;10;
"AERECO WENTYLACJA Sp. z.o.o";"";"26030000153324";"PREVISION";"BXC1912EX";"";"22/12/2026";"22/12/2026";1;0;1;
"AERECO WENTYLACJA Sp. z.o.o";"NOR";"26030000153357";"PREVISION";"BXC1915EX";"";"22/12/2026";"22/12/2026";6;0;6;
"AERECO GmbH";"NOR";"26030000153389";"PREVISION";"BXC1922GM";"";"22/12/2026";"22/12/2026";10;0;10;
"AERECO GmbH";"NOR";"26030000153424";"PREVISION";"BXC1923GM";"";"22/12/2026";"22/12/2026";5;0;5;
"AERECO GmbH";"NOR";"26030000153455";"PREVISION";"BXC1924GM";"";"22/12/2026";"22/12/2026";5;0;5;
"AERECO GmbH";"NOR";"26030000153490";"PREVISION";"BXC1925GM";"";"22/12/2026";"22/12/2026";16;0;16;
"AERECO GmbH";"NOR";"26030000153529";"PREVISION";"BXC2138GM";"";"22/12/2026";"22/12/2026";13;0;13;
"AERECO GmbH";"";"26030000153566";"PREVISION";"BXC2139GM";"";"22/12/2026";"22/12/2026";8;0;8;
"AERECO GmbH";"NOR";"26030000153679";"PREVISION";"BXE2053GM";"";"22/12/2026";"22/12/2026";4;0;4;
"AERECO GmbH";"NOR";"26030000153775";"PREVISION";"BXE2065GM";"";"22/12/2026";"22/12/2026";1;0;1;
"AERECO GmbH";"NOR";"26030000153962";"PREVISION";"BXE2077GM";"";"22/12/2026";"22/12/2026";3;0;3;
"AERECO GmbH";"NOR";"26030000154038";"PREVISION";"BXE2078GM";"";"22/12/2026";"22/12/2026";5;0;5;
"AERECO GmbH";"NOR";"26030000154070";"PREVISION";"BXE2079GM";"";"22/12/2026";"22/12/2026";6;0;6;
"AERECO GmbH";"NOR";"26030000154106";"PREVISION";"BXE2080GM";"";"22/12/2026";"22/12/2026";1;0;1;
"AERECO GmbH";"NOR";"26030000154239";"PREVISION";"BXE2202GM";"";"22/12/2026";"22/12/2026";2;0;2;
"AERECO GmbH";"NOR";"26030000154283";"PREVISION";"C1339";"";"22/12/2026";"22/12/2026";16;0;16;
"AERECO GmbH";"";"26030000154332";"PREVISION";"EAF309EX";"";"22/12/2026";"22/12/2026";17;0;17;
"AERECO GmbH";"";"26030000154462";"PREVISION";"EAF323EX";"";"22/12/2026";"22/12/2026";17;0;17;
"AERECO GmbH";"";"26030000154498";"PREVISION";"EAR1245EX";"";"22/12/2026";"22/12/2026";20;0;20;
"AERECO GmbH";"NOR";"26030000154590";"PREVISION";"EAR2018GM";"";"22/12/2026";"22/12/2026";40;0;40;
"AERECO WENTYLACJA Sp. z.o.o";"NOR";"26030000154946";"PREVISION";"EFR174XX";"";"22/12/2026";"22/12/2026";3;0;3;
"AERECO GmbH";"NOR";"26030000155024";"PREVISION";"EHM1275GM";"";"22/12/2026";"22/12/2026";37;0;37;
"AERECO WENTYLACJA Sp. z.o.o";"";"26030000155063";"PREVISION";"EHM1276EX";"";"22/12/2026";"22/12/2026";31;0;31;
"AERECO GmbH";"NOR";"26030000155098";"PREVISION";"EHM1276GM";"";"22/12/2026";"22/12/2026";21;0;21;
"AERECO GmbH";"";"26030000155222";"PREVISION";"EHP1198GM";"";"22/12/2026";"22/12/2026";30;0;30;
"AERECO GmbH";"NOR";"26030000155290";"PREVISION";"EHP1219GM";"";"22/12/2026";"22/12/2026";20;0;20;
"AERECO GmbH";"";"26030000155324";"PREVISION";"EHP1222EX";"";"22/12/2026";"22/12/2026";1;0;1;
"ALDES S.p.A.";"";"26030000155390";"PREVISION";"EHT780EX";"";"22/12/2026";"22/12/2026";16;0;16;
"AERECO GmbH";"NOR";"26030000155421";"PREVISION";"EHT780GM";"";"22/12/2026";"22/12/2026";33;0;33;
"ALDES S.p.A.";"";"26030000155469";"PREVISION";"EHT969EX";"";"22/12/2026";"22/12/2026";1;0;1;
"AERECO Ventilation AB";"";"26030000155651";"PREVISION";"ETF1865EX";"";"22/12/2026";"22/12/2026";1;0;1;
"AERECO Ventilation AB";"NOR";"26030000155690";"PREVISION";"ETH1853EX";"";"22/12/2026";"22/12/2026";50;0;50;
"AERECO GmbH";"NOR";"26030000155846";"PREVISION";"FBE1089GM";"";"22/12/2026";"22/12/2026";50;0;50;
"AERECO GmbH";"";"26030000155902";"PREVISION";"G2H1064EX";"";"22/12/2026";"22/12/2026";4;0;4;
"AERECO GmbH";"NOR";"26030000155943";"PREVISION";"K3168";"";"22/12/2026";"22/12/2026";62;0;62;
"AERECO GmbH";"NOR";"26030000155982";"PREVISION";"K3338";"";"22/12/2026";"22/12/2026";39;0;39;
"AERECO GmbH";"";"26030000156021";"PREVISION";"SE3203";"";"22/12/2026";"22/12/2026";10;0;10;
"AERECO WENTYLACJA Sp. z.o.o";"NOR";"26030000156055";"PREVISION";"V2A032EX";"";"22/12/2026";"22/12/2026";2;0;2;
"AERECO GmbH";"";"26030000156086";"PREVISION";"V2A032GM";"";"22/12/2026";"22/12/2026";1;0;1;
"AERECO WENTYLACJA Sp. z.o.o";"MTS";"26030000111900";"PREVISION";"11016308";"";"28/12/2026";"28/12/2026";1200;0;1200;
"AERECO WENTYLACJA Sp. z.o.o";"MTS";"26030000111935";"PREVISION";"11016309";"";"28/12/2026";"28/12/2026";720;0;720;
"AERECO GmbH";"";"26030000150792";"PREVISION";"A3772E";"";"29/12/2026";"29/12/2026";40;0;40;
"AERECO GmbH";"";"26030000150824";"PREVISION";"A4260";"";"29/12/2026";"29/12/2026";10;0;10;
"AERECO GmbH";"NOR";"26030000150864";"PREVISION";"A4581E01";"";"29/12/2026";"29/12/2026";8;0;8;
"AERECO GmbH";"";"26030000150895";"PREVISION";"A5650E01";"";"29/12/2026";"29/12/2026";1;0;1;
"AERECO WENTYLACJA Sp. z.o.o";"";"26030000150969";"PREVISION";"AEA098XX";"";"29/12/2026";"29/12/2026";40;0;40;
"AERECO GmbH";"NOR";"26030000150986";"PREVISION";"AEA100XX";"";"29/12/2026";"29/12/2026";11;0;11;
"AERECO GmbH";"NOR";"26030000151085";"PREVISION";"AEA1216GM";"";"29/12/2026";"29/12/2026";26;0;26;
"AERECO GmbH";"NOR";"26030000151120";"PREVISION";"AEA1217GM";"";"29/12/2026";"29/12/2026";33;0;33;
"AERECO WENTYLACJA Sp. z.o.o";"NOR";"26030000151215";"PREVISION";"AEA1242XX";"";"29/12/2026";"29/12/2026";12;0;12;
"AERECO GmbH";"";"26030000151274";"PREVISION";"AEA1335EX";"";"29/12/2026";"29/12/2026";2;0;2;
"AERECO GmbH";"";"26030000151313";"PREVISION";"AEA1339EX";"";"29/12/2026";"29/12/2026";11;0;11;
"AERECO GmbH";"";"26030000151344";"PREVISION";"AEA1426XX";"";"29/12/2026";"29/12/2026";4;0;4;
"AERECO GmbH";"NOR";"26030000151384";"PREVISION";"AEA1429XX";"";"29/12/2026";"29/12/2026";8;0;8;
"AERECO GmbH";"";"26030000151461";"PREVISION";"AEA1954XX";"";"29/12/2026";"29/12/2026";4;0;4;
"AERECO Ventilation AB";"";"26030000151501";"PREVISION";"AEA1955XX";"";"29/12/2026";"29/12/2026";4;0;4;
"AERECO Ventilation AB";"";"26030000151537";"PREVISION";"AEA1958XX";"";"29/12/2026";"29/12/2026";19;0;19;
"AERECO GmbH";"NOR";"26030000151577";"PREVISION";"AEA1992XX";"";"29/12/2026";"29/12/2026";45;0;45;
"AERECO GmbH";"";"26030000151684";"PREVISION";"AEA2115XX";"";"29/12/2026";"29/12/2026";29;0;29;
"AERECO GmbH";"NOR";"26030000151724";"PREVISION";"AEA301XX";"";"29/12/2026";"29/12/2026";42;0;42;
"AERECO GmbH";"";"26030000151776";"PREVISION";"AEA400GM";"";"29/12/2026";"29/12/2026";1;0;1;
"AERECO GmbH";"";"26030000151816";"PREVISION";"AEA453XX";"";"29/12/2026";"29/12/2026";15;0;15;
"AERECO GmbH";"NOR";"26030000151946";"PREVISION";"AEA775XX";"";"29/12/2026";"29/12/2026";88;0;88;
"AERECO GmbH";"";"26030000151975";"PREVISION";"AEA776XX";"";"29/12/2026";"29/12/2026";1;0;1;
"AERECO GmbH";"";"26030000152015";"PREVISION";"AEA778XX";"";"29/12/2026";"29/12/2026";19;0;19;
"AERECO GmbH";"NOR";"26030000152084";"PREVISION";"AEA809XX";"";"29/12/2026";"29/12/2026";7;0;7;
"AERECO GmbH";"NOR";"26030000152212";"PREVISION";"AEA942EX";"";"29/12/2026";"29/12/2026";44;0;44;
"AERECO GmbH";"";"26030000152252";"PREVISION";"AEA967XX";"";"29/12/2026";"29/12/2026";10;0;10;
"AERECO GmbH";"";"26030000152292";"PREVISION";"AEA968XX";"";"29/12/2026";"29/12/2026";2;0;2;
"AERECO GmbH";"NOR";"26030000152349";"PREVISION";"AVE056XX";"";"29/12/2026";"29/12/2026";10;0;10;
"AERECO GmbH";"NOR";"26030000152406";"PREVISION";"B3382";"";"29/12/2026";"29/12/2026";2;0;2;
"AERECO GmbH";"";"26030000152446";"PREVISION";"B3651";"";"29/12/2026";"29/12/2026";4;0;4;
"AERECO Ventilation AB";"NOR";"26030000152486";"PREVISION";"B6794";"";"29/12/2026";"29/12/2026";8;0;8;
"AERECO Ventilation AB";"";"26030000152526";"PREVISION";"B6796";"";"29/12/2026";"29/12/2026";4;0;4;
"AERECO GmbH";"NOR";"26030000152579";"PREVISION";"BFE2068GM";"";"29/12/2026";"29/12/2026";1;0;1;
"AERECO GmbH";"NOR";"26030000152637";"PREVISION";"BFX1931GM";"";"29/12/2026";"29/12/2026";19;0;19;
"AERECO GmbH";"";"26030000152670";"PREVISION";"BXC1889EX";"";"29/12/2026";"29/12/2026";1;0;1;
"AERECO GmbH";"NOR";"26030000152767";"PREVISION";"BXC1891EX";"";"29/12/2026";"29/12/2026";5;0;5;
"AERECO WENTYLACJA Sp. z.o.o";"NOR";"26030000152900";"PREVISION";"BXC1899EX";"";"29/12/2026";"29/12/2026";22;0;22;
"AERECO WENTYLACJA Sp. z.o.o";"NOR";"26030000152985";"PREVISION";"BXC1901EX";"";"29/12/2026";"29/12/2026";3;0;3;
"AERECO GmbH";"NOR";"26030000153016";"PREVISION";"BXC1901GM";"";"29/12/2026";"29/12/2026";10;0;10;
"AERECO WENTYLACJA Sp. z.o.o";"";"26030000153053";"PREVISION";"BXC1902EX";"";"29/12/2026";"29/12/2026";3;0;3;
"AERECO WENTYLACJA Sp. z.o.o";"NOR";"26030000153091";"PREVISION";"BXC1903EX";"";"29/12/2026";"29/12/2026";8;0;8;
"AERECO GmbH";"NOR";"26030000153124";"PREVISION";"BXC1903GM";"";"29/12/2026";"29/12/2026";12;0;12;
"AERECO WENTYLACJA Sp. z.o.o";"NOR";"26030000153154";"PREVISION";"BXC1905EX";"";"29/12/2026";"29/12/2026";5;0;5;
"AERECO WENTYLACJA Sp. z.o.o";"NOR";"26030000153262";"PREVISION";"BXC1908EX";"";"29/12/2026";"29/12/2026";42;0;42;
"AERECO GmbH";"";"26030000153296";"PREVISION";"BXC1910EX";"";"29/12/2026";"29/12/2026";10;0;10;
"AERECO WENTYLACJA Sp. z.o.o";"";"26030000153325";"PREVISION";"BXC1912EX";"";"29/12/2026";"29/12/2026";1;0;1;
"AERECO WENTYLACJA Sp. z.o.o";"NOR";"26030000153358";"PREVISION";"BXC1915EX";"";"29/12/2026";"29/12/2026";6;0;6;
"AERECO GmbH";"NOR";"26030000153390";"PREVISION";"BXC1922GM";"";"29/12/2026";"29/12/2026";10;0;10;
"AERECO GmbH";"NOR";"26030000153425";"PREVISION";"BXC1923GM";"";"29/12/2026";"29/12/2026";5;0;5;
"AERECO GmbH";"NOR";"26030000153456";"PREVISION";"BXC1924GM";"";"29/12/2026";"29/12/2026";5;0;5;
"AERECO GmbH";"NOR";"26030000153491";"PREVISION";"BXC1925GM";"";"29/12/2026";"29/12/2026";16;0;16;
"AERECO GmbH";"NOR";"26030000153530";"PREVISION";"BXC2138GM";"";"29/12/2026";"29/12/2026";13;0;13;
"AERECO GmbH";"";"26030000153567";"PREVISION";"BXC2139GM";"";"29/12/2026";"29/12/2026";8;0;8;
"AERECO GmbH";"NOR";"26030000153680";"PREVISION";"BXE2053GM";"";"29/12/2026";"29/12/2026";4;0;4;
"AERECO GmbH";"NOR";"26030000153776";"PREVISION";"BXE2065GM";"";"29/12/2026";"29/12/2026";1;0;1;
"AERECO GmbH";"NOR";"26030000153963";"PREVISION";"BXE2077GM";"";"29/12/2026";"29/12/2026";3;0;3;
"AERECO GmbH";"NOR";"26030000154039";"PREVISION";"BXE2078GM";"";"29/12/2026";"29/12/2026";5;0;5;
"AERECO GmbH";"NOR";"26030000154071";"PREVISION";"BXE2079GM";"";"29/12/2026";"29/12/2026";6;0;6;
"AERECO GmbH";"NOR";"26030000154107";"PREVISION";"BXE2080GM";"";"29/12/2026";"29/12/2026";1;0;1;
"AERECO GmbH";"NOR";"26030000154240";"PREVISION";"BXE2202GM";"";"29/12/2026";"29/12/2026";2;0;2;
"AERECO GmbH";"NOR";"26030000154284";"PREVISION";"C1339";"";"29/12/2026";"29/12/2026";16;0;16;
"AERECO GmbH";"";"26030000154333";"PREVISION";"EAF309EX";"";"29/12/2026";"29/12/2026";17;0;17;
"AERECO GmbH";"";"26030000154463";"PREVISION";"EAF323EX";"";"29/12/2026";"29/12/2026";17;0;17;
"AERECO GmbH";"";"26030000154499";"PREVISION";"EAR1245EX";"";"29/12/2026";"29/12/2026";20;0;20;
"AERECO GmbH";"NOR";"26030000154591";"PREVISION";"EAR2018GM";"";"29/12/2026";"29/12/2026";40;0;40;
"AERECO WENTYLACJA Sp. z.o.o";"NOR";"26030000154947";"PREVISION";"EFR174XX";"";"29/12/2026";"29/12/2026";3;0;3;
"AERECO GmbH";"NOR";"26030000155025";"PREVISION";"EHM1275GM";"";"29/12/2026";"29/12/2026";37;0;37;
"AERECO WENTYLACJA Sp. z.o.o";"";"26030000155064";"PREVISION";"EHM1276EX";"";"29/12/2026";"29/12/2026";31;0;31;
"AERECO GmbH";"NOR";"26030000155099";"PREVISION";"EHM1276GM";"";"29/12/2026";"29/12/2026";21;0;21;
"AERECO GmbH";"";"26030000155223";"PREVISION";"EHP1198GM";"";"29/12/2026";"29/12/2026";30;0;30;
"AERECO GmbH";"NOR";"26030000155291";"PREVISION";"EHP1219GM";"";"29/12/2026";"29/12/2026";20;0;20;
"AERECO GmbH";"";"26030000155325";"PREVISION";"EHP1222EX";"";"29/12/2026";"29/12/2026";1;0;1;
"ALDES S.p.A.";"";"26030000155391";"PREVISION";"EHT780EX";"";"29/12/2026";"29/12/2026";16;0;16;
"AERECO GmbH";"NOR";"26030000155422";"PREVISION";"EHT780GM";"";"29/12/2026";"29/12/2026";33;0;33;
"ALDES S.p.A.";"";"26030000155470";"PREVISION";"EHT969EX";"";"29/12/2026";"29/12/2026";1;0;1;
"AERECO Ventilation AB";"";"26030000155652";"PREVISION";"ETF1865EX";"";"29/12/2026";"29/12/2026";1;0;1;
"AERECO Ventilation AB";"NOR";"26030000155691";"PREVISION";"ETH1853EX";"";"29/12/2026";"29/12/2026";50;0;50;
"AERECO GmbH";"NOR";"26030000155847";"PREVISION";"FBE1089GM";"";"29/12/2026";"29/12/2026";50;0;50;
"AERECO GmbH";"";"26030000155903";"PREVISION";"G2H1064EX";"";"29/12/2026";"29/12/2026";4;0;4;
"AERECO GmbH";"NOR";"26030000155944";"PREVISION";"K3168";"";"29/12/2026";"29/12/2026";62;0;62;
"AERECO GmbH";"NOR";"26030000155983";"PREVISION";"K3338";"";"29/12/2026";"29/12/2026";39;0;39;
"AERECO GmbH";"";"26030000156022";"PREVISION";"SE3203";"";"29/12/2026";"29/12/2026";10;0;10;
"AERECO WENTYLACJA Sp. z.o.o";"NOR";"26030000156056";"PREVISION";"V2A032EX";"";"29/12/2026";"29/12/2026";2;0;2;
"AERECO GmbH";"";"26030000156087";"PREVISION";"V2A032GM";"";"29/12/2026";"29/12/2026";1;0;1;
"AERECO WENTYLACJA Sp. z.o.o";"MTS";"26030000111936";"PREVISION";"11016309";"";"04/01/2027";"04/01/2027";720;0;720;
"AERECO WENTYLACJA Sp. z.o.o";"NOR";"26030000111967";"PREVISION";"11016310";"";"04/01/2027";"04/01/2027";480;0;480;
"AERECO WENTYLACJA Sp. z.o.o";"MTS";"26030000111998";"PREVISION";"11016312";"";"04/01/2027";"04/01/2027";300;0;300;
"AERECO WENTYLACJA Sp. z.o.o";"MTS";"26030000111901";"PREVISION";"11016308";"";"11/01/2027";"11/01/2027";1200;0;1200;
"AERECO WENTYLACJA Sp. z.o.o";"MTS";"26030000111937";"PREVISION";"11016309";"";"11/01/2027";"11/01/2027";720;0;720;
"AERECO WENTYLACJA Sp. z.o.o";"MTS";"26030000111999";"PREVISION";"11016312";"";"11/01/2027";"11/01/2027";300;0;300;
"AERECO WENTYLACJA Sp. z.o.o";"MTS";"26030000111902";"PREVISION";"11016308";"";"18/01/2027";"18/01/2027";1200;0;1200;
"AERECO WENTYLACJA Sp. z.o.o";"MTS";"26030000111938";"PREVISION";"11016309";"";"18/01/2027";"18/01/2027";720;0;720;
"AERECO WENTYLACJA Sp. z.o.o";"NOR";"26030000111968";"PREVISION";"11016310";"";"18/01/2027";"18/01/2027";480;0;480;
"AERECO WENTYLACJA Sp. z.o.o";"MTS";"26030000112000";"PREVISION";"11016312";"";"18/01/2027";"18/01/2027";300;0;300;
"AERECO WENTYLACJA Sp. z.o.o";"MTS";"26030000111939";"PREVISION";"11016309";"";"25/01/2027";"25/01/2027";720;0;720;
"AERECO WENTYLACJA Sp. z.o.o";"NOR";"26030000111969";"PREVISION";"11016310";"";"25/01/2027";"25/01/2027";480;0;480;
"AERECO WENTYLACJA Sp. z.o.o";"MTS";"26030000111903";"PREVISION";"11016308";"";"01/02/2027";"01/02/2027";1200;0;1200;
"AERECO WENTYLACJA Sp. z.o.o";"MTS";"26030000111940";"PREVISION";"11016309";"";"01/02/2027";"01/02/2027";720;0;720;
"AERECO WENTYLACJA Sp. z.o.o";"MTS";"26030000112001";"PREVISION";"11016312";"";"01/02/2027";"01/02/2027";300;0;300;
"AERECO WENTYLACJA Sp. z.o.o";"";"26030000112691";"PREVISION";"11019095";"";"01/02/2027";"01/02/2027";240;0;240;
"AERECO WENTYLACJA Sp. z.o.o";"MTS";"26030000111904";"PREVISION";"11016308";"";"08/02/2027";"08/02/2027";1200;0;1200;
"AERECO WENTYLACJA Sp. z.o.o";"MTS";"26030000111941";"PREVISION";"11016309";"";"08/02/2027";"08/02/2027";720;0;720;
"AERECO WENTYLACJA Sp. z.o.o";"NOR";"26030000111970";"PREVISION";"11016310";"";"08/02/2027";"08/02/2027";480;0;480;
"AERECO WENTYLACJA Sp. z.o.o";"MTS";"26030000111905";"PREVISION";"11016308";"";"15/02/2027";"15/02/2027";1200;0;1200;
"AERECO WENTYLACJA Sp. z.o.o";"MTS";"26030000111942";"PREVISION";"11016309";"";"15/02/2027";"15/02/2027";720;0;720;
"AERECO WENTYLACJA Sp. z.o.o";"NOR";"26030000111971";"PREVISION";"11016310";"";"15/02/2027";"15/02/2027";480;0;480;
"AERECO WENTYLACJA Sp. z.o.o";"MTS";"26030000112002";"PREVISION";"11016312";"";"15/02/2027";"15/02/2027";300;0;300;
"AERECO WENTYLACJA Sp. z.o.o";"NOR";"26030000110205";"PREVISION";"11011516";"";"22/02/2027";"22/02/2027";720;0;720;
"AERECO WENTYLACJA Sp. z.o.o";"MTS";"26030000111943";"PREVISION";"11016309";"";"22/02/2027";"22/02/2027";720;0;720;
"AERECO WENTYLACJA Sp. z.o.o";"NOR";"26030000111972";"PREVISION";"11016310";"";"22/02/2027";"22/02/2027";480;0;480;
"AERECO WENTYLACJA Sp. z.o.o";"MTS";"26030000112003";"PREVISION";"11016312";"";"22/02/2027";"22/02/2027";300;0;300;
"AERECO WENTYLACJA Sp. z.o.o";"MTS";"26030000111906";"PREVISION";"11016308";"";"01/03/2027";"01/03/2027";1200;0;1200;
"AERECO WENTYLACJA Sp. z.o.o";"MTS";"26030000111944";"PREVISION";"11016309";"";"01/03/2027";"01/03/2027";720;0;720;
"AERECO WENTYLACJA Sp. z.o.o";"MTS";"26030000112004";"PREVISION";"11016312";"";"01/03/2027";"01/03/2027";300;0;300;
"AERECO WENTYLACJA Sp. z.o.o";"MTS";"26030000111907";"PREVISION";"11016308";"";"08/03/2027";"08/03/2027";1200;0;1200;
"AERECO WENTYLACJA Sp. z.o.o";"MTS";"26030000111946";"PREVISION";"11016309";"";"08/03/2027";"08/03/2027";720;0;720;
"AERECO WENTYLACJA Sp. z.o.o";"MTS";"26030000111945";"PREVISION";"11016309";"";"08/03/2027";"08/03/2027";720;0;720;
"AERECO WENTYLACJA Sp. z.o.o";"NOR";"26030000111973";"PREVISION";"11016310";"";"08/03/2027";"08/03/2027";480;0;480;
